"day","address","location","date","month","year","hour","min","BADCHECKS"
4,4366,7,19,3,2015,14,45,1
3,213,4,18,3,2015,17,2,1
4,6848,8,5,2,2015,8,0,1
1,511,4,2,2,2015,19,30,1
1,5764,5,22,12,2014,14,9,1
5,1406,4,28,11,2014,13,0,1
2,5415,2,28,10,2014,8,0,1
1,1334,3,13,10,2014,6,0,1
5,421,1,19,9,2014,15,55,1
5,1912,1,19,9,2014,10,0,1
4,1406,4,26,6,2014,12,0,1
5,511,4,16,5,2014,8,0,1
2,2995,5,29,4,2014,13,0,1
1,1162,1,28,4,2014,13,40,1
3,3103,2,2,4,2014,13,0,1
3,7232,5,8,1,2014,11,0,1
5,5359,9,1,11,2013,12,0,1
2,753,2,6,8,2013,17,0,1
5,374,8,28,6,2013,22,0,1
1,11035,9,24,6,2013,0,1,1
3,1547,3,15,5,2013,18,0,1
1,4242,9,29,4,2013,16,30,1
1,4858,1,1,4,2013,11,8,1
4,4702,6,21,3,2013,11,0,1
4,1884,3,7,3,2013,14,0,1
1,2010,5,4,2,2013,12,0,1
4,16688,7,10,1,2013,14,5,1
3,14489,5,9,1,2013,9,0,1
4,16760,3,27,12,2012,0,1,1
2,7599,6,13,11,2012,8,0,1
4,6848,8,1,11,2012,16,0,1
2,3740,6,16,10,2012,14,0,1
1,4876,3,1,10,2012,0,1,1
3,1041,5,5,9,2012,15,0,1
3,392,4,5,9,2012,12,19,1
3,2104,9,5,9,2012,11,47,1
6,1090,4,25,8,2012,9,43,1
3,8094,9,8,8,2012,12,0,1
7,2165,9,15,7,2012,14,0,1
7,97,2,1,7,2012,18,0,1
7,7031,1,17,6,2012,15,0,1
1,3024,7,11,6,2012,16,30,1
1,17683,7,28,5,2012,0,1,1
1,2882,1,14,5,2012,7,0,1
4,1093,6,3,5,2012,13,0,1
3,853,2,2,5,2012,15,15,1
2,745,1,1,5,2012,12,0,1
5,17144,9,6,4,2012,17,0,1
4,2588,1,5,4,2012,12,0,1
3,1003,9,4,4,2012,14,30,1
7,1157,2,25,3,2012,12,27,1
4,8089,1,9,2,2012,10,0,1
6,114,8,3,12,2011,11,30,1
5,5650,5,2,12,2011,11,0,1
5,538,8,2,12,2011,9,0,1
3,1237,5,30,11,2011,17,15,1
3,1136,4,16,11,2011,16,0,1
2,10519,9,15,11,2011,12,0,1
2,2617,1,15,11,2011,11,0,1
2,602,2,15,11,2011,4,0,1
4,10182,6,6,10,2011,12,0,1
6,165,9,10,9,2011,14,30,1
2,15962,3,6,9,2011,16,25,1
5,5719,7,29,7,2011,0,1,1
5,1367,1,1,7,2011,12,0,1
3,70,10,29,6,2011,10,0,1
4,424,1,16,6,2011,14,0,1
1,3619,2,13,6,2011,14,0,1
4,363,2,2,6,2011,9,0,1
3,841,2,1,6,2011,9,0,1
5,9306,4,20,5,2011,19,0,1
1,468,2,4,4,2011,18,24,1
6,872,2,26,3,2011,16,20,1
3,4727,7,9,3,2011,16,25,1
3,1571,7,9,3,2011,11,0,1
1,1090,4,21,2,2011,15,38,1
3,939,5,9,2,2011,15,50,1
3,666,2,9,2,2011,12,0,1
1,3624,1,24,1,2011,9,0,1
6,9444,4,15,1,2011,11,0,1
5,365,1,14,1,2011,20,41,1
5,7859,3,14,1,2011,9,0,1
3,8101,4,29,12,2010,17,0,1
1,390,5,13,12,2010,8,0,1
1,13308,5,13,12,2010,0,1,1
5,7516,1,3,12,2010,12,0,1
4,2441,1,23,9,2010,16,0,1
4,872,2,26,8,2010,14,30,1
5,2173,7,30,7,2010,12,0,1
6,3434,1,3,7,2010,13,0,1
5,2622,2,2,7,2010,0,1,1
4,10051,3,1,7,2010,0,1,1
4,779,2,17,6,2010,0,1,1
2,1913,5,15,6,2010,12,0,1
2,7943,1,15,6,2010,0,1,1
2,29,5,18,5,2010,16,47,1
5,2609,2,7,5,2010,16,0,1
4,125,2,6,5,2010,12,0,1
1,39,3,19,4,2010,13,0,1
6,468,2,13,3,2010,20,28,1
5,3792,3,12,3,2010,8,0,1
4,10420,1,24,12,2009,14,0,1
5,13711,4,11,12,2009,14,0,1
6,125,2,28,11,2009,8,0,1
2,7636,7,10,11,2009,12,0,1
5,468,2,30,10,2009,21,39,1
5,1780,4,30,10,2009,12,0,1
2,435,10,13,10,2009,10,0,1
4,583,4,1,10,2009,0,1,1
2,422,9,29,9,2009,17,0,1
3,6252,8,2,9,2009,22,0,1
6,8044,9,8,8,2009,12,0,1
1,4,6,20,7,2009,11,0,1
6,6598,3,11,7,2009,16,0,1
3,11802,3,8,7,2009,9,0,1
1,3024,7,6,7,2009,12,0,1
6,737,5,16,5,2009,21,0,1
2,3174,7,12,5,2009,8,0,1
6,5415,2,2,5,2009,12,0,1
4,2149,5,16,4,2009,0,1,1
3,3498,3,15,4,2009,19,15,1
3,6193,2,15,4,2009,9,0,1
1,29,5,13,4,2009,0,1,1
5,77,10,3,4,2009,8,0,1
3,16159,5,1,4,2009,11,0,1
6,2807,5,7,3,2009,23,30,1
1,707,1,19,1,2009,8,0,1
6,5415,2,27,12,2008,12,0,1
5,468,2,12,12,2008,20,35,1
1,125,2,8,12,2008,8,0,1
1,9973,1,8,12,2008,0,1,1
3,19822,9,26,11,2008,12,0,1
2,114,8,25,11,2008,16,48,1
4,10033,3,13,11,2008,12,0,1
2,458,6,11,11,2008,13,0,1
7,714,2,2,11,2008,15,0,1
3,1097,7,29,10,2008,0,1,1
2,125,2,28,10,2008,12,0,1
2,6923,7,28,10,2008,10,0,1
1,146,10,27,10,2008,17,50,1
6,148,5,4,10,2008,15,0,1
6,1894,6,4,10,2008,10,0,1
4,9063,9,2,10,2008,0,1,1
2,1335,6,16,9,2008,0,1,1
1,12159,1,1,9,2008,12,0,1
4,4308,8,21,8,2008,16,45,1
7,92,1,10,8,2008,0,1,1
7,14542,8,13,7,2008,10,0,1
6,4831,2,12,7,2008,16,30,1
4,4875,2,10,7,2008,12,0,1
2,435,10,8,7,2008,3,0,1
1,4355,4,9,6,2008,12,0,1
2,94,1,27,5,2008,17,18,1
5,704,2,16,5,2008,9,0,1
2,2617,1,13,5,2008,10,0,1
3,10841,4,16,4,2008,9,30,1
1,164,4,14,4,2008,17,0,1
4,2289,1,20,3,2008,16,0,1
2,1974,1,18,3,2008,14,0,1
1,5307,8,3,3,2008,13,0,1
2,12128,9,19,2,2008,9,0,1
5,417,3,11,1,2008,12,0,1
4,1955,9,10,1,2008,9,30,1
1,8668,5,7,1,2008,12,0,1
3,1351,8,12,12,2007,9,0,1
4,1541,3,29,11,2007,19,0,1
6,6977,3,3,11,2007,21,0,1
4,1153,4,18,10,2007,17,5,1
1,7412,4,17,9,2007,15,0,1
2,745,1,4,9,2007,7,0,1
5,5244,5,24,8,2007,17,20,1
5,1912,1,24,8,2007,12,0,1
3,1154,9,22,8,2007,11,45,1
5,559,6,27,7,2007,12,0,1
3,1042,3,25,7,2007,16,0,1
3,661,8,25,7,2007,0,1,1
4,9033,5,12,7,2007,12,0,1
1,9704,6,9,7,2007,12,0,1
5,745,1,1,6,2007,8,0,1
5,1094,2,1,6,2007,0,1,1
2,8361,1,29,5,2007,8,0,1
7,745,1,20,5,2007,23,16,1
5,1254,2,18,5,2007,0,1,1
4,2546,1,17,5,2007,12,0,1
5,17101,2,4,5,2007,6,0,1
4,1809,10,3,5,2007,0,1,1
4,21014,9,22,2,2007,10,0,1
2,910,5,20,2,2007,16,30,1
2,1781,3,20,2,2007,12,0,1
3,1679,5,24,1,2007,0,1,1
3,8089,1,10,1,2007,12,0,1
3,14004,9,10,1,2007,9,0,1
2,2055,1,9,1,2007,0,1,1
7,16771,3,31,12,2006,10,0,1
3,125,2,27,12,2006,0,1,1
6,28,4,16,12,2006,17,26,1
6,887,7,16,12,2006,14,0,1
5,3191,4,15,12,2006,0,1,1
4,363,2,14,12,2006,0,1,1
2,125,2,12,12,2006,7,0,1
3,190,9,29,11,2006,9,0,1
6,731,2,4,11,2006,8,30,1
2,3762,1,31,10,2006,9,0,1
5,2693,1,20,10,2006,0,1,1
3,29,5,4,10,2006,16,40,1
3,13530,4,20,9,2006,9,0,1
2,7536,6,19,9,2006,9,41,1
2,88,2,5,9,2006,17,27,1
3,1074,3,23,8,2006,16,45,1
6,4609,9,29,7,2006,7,45,1
5,88,2,28,7,2006,13,45,1
4,1603,3,13,7,2006,12,0,1
3,1406,4,12,7,2006,19,30,1
2,4935,7,11,7,2006,17,0,1
6,8924,9,1,7,2006,12,0,1
6,6102,1,1,7,2006,0,1,1
6,7774,7,1,7,2006,0,1,1
2,4777,4,27,6,2006,0,1,1
7,125,2,18,6,2006,18,0,1
4,1192,9,15,6,2006,13,6,1
3,1761,1,14,6,2006,16,25,1
6,12931,1,20,5,2006,9,0,1
5,5339,4,19,5,2006,0,1,1
1,4627,8,1,5,2006,9,0,1
3,9990,1,19,4,2006,0,1,1
3,6785,5,5,4,2006,7,0,1
3,10242,9,22,3,2006,9,0,1
1,10974,9,20,3,2006,0,1,1
5,5454,8,10,3,2006,10,0,1
4,3222,5,9,3,2006,0,1,1
1,841,2,6,3,2006,0,1,1
2,688,7,21,2,2006,12,0,1
1,5275,4,20,2,2006,1,0,1
6,9296,8,28,1,2006,12,0,1
2,3180,10,24,1,2006,12,0,1
6,4879,1,14,1,2006,14,30,1
2,14760,9,10,1,2006,12,0,1
2,2414,3,10,1,2006,8,0,1
1,504,4,9,1,2006,17,0,1
1,1730,10,9,1,2006,0,1,1
5,83,2,30,12,2005,12,0,1
1,912,10,26,12,2005,16,30,1
6,1095,5,17,12,2005,11,17,1
6,2414,3,17,12,2005,8,0,1
4,1187,9,15,12,2005,0,1,1
7,2803,10,4,12,2005,15,32,1
5,394,4,2,12,2005,0,1,1
4,11734,5,1,12,2005,15,0,1
3,4492,1,16,11,2005,0,1,1
2,3817,5,15,11,2005,12,0,1
2,1210,1,15,11,2005,0,1,1
1,1673,5,14,11,2005,15,37,1
7,12104,5,6,11,2005,0,1,1
4,676,8,3,11,2005,16,30,1
2,11501,4,1,11,2005,15,0,1
5,146,10,21,10,2005,12,0,1
2,2802,5,4,10,2005,10,0,1
1,5314,1,3,10,2005,12,0,1
7,16481,8,25,9,2005,12,0,1
5,8089,1,23,9,2005,0,1,1
2,841,2,20,9,2005,12,0,1
2,1463,5,20,9,2005,9,0,1
5,19773,9,9,9,2005,0,1,1
4,5625,8,8,9,2005,12,0,1
3,29,5,7,9,2005,0,1,1
1,1275,10,5,9,2005,18,40,1
2,4528,5,23,8,2005,0,1,1
1,4692,3,8,8,2005,0,1,1
6,98,4,16,7,2005,14,0,1
4,887,7,14,7,2005,15,50,1
4,4935,7,14,7,2005,15,20,1
3,594,8,13,7,2005,14,0,1
3,583,4,13,7,2005,0,1,1
3,1975,2,15,6,2005,11,0,1
4,13143,4,2,6,2005,19,0,1
4,7581,7,19,5,2005,11,0,1
2,6785,5,17,5,2005,0,1,1
1,4610,5,16,5,2005,12,0,1
1,5412,4,16,5,2005,8,0,1
5,1917,2,22,4,2005,9,0,1
4,5684,8,7,4,2005,9,0,1
2,1730,10,22,3,2005,12,0,1
2,4323,1,22,3,2005,0,1,1
1,3180,10,21,3,2005,13,0,1
1,29,5,7,3,2005,10,0,1
5,914,1,25,2,2005,9,0,1
6,571,2,12,2,2005,0,1,1
5,10732,8,11,2,2005,13,30,1
3,1557,9,9,2,2005,9,0,1
6,125,2,29,1,2005,17,0,1
6,232,4,29,1,2005,10,0,1
5,392,4,28,1,2005,12,45,1
4,10154,7,27,1,2005,14,0,1
2,1093,6,25,1,2005,17,34,1
3,951,5,12,1,2005,8,0,1
5,7515,1,24,12,2004,7,10,1
3,3530,5,8,12,2004,17,20,1
3,6397,7,8,12,2004,15,0,1
2,8397,9,7,12,2004,13,0,1
2,8984,3,7,12,2004,0,1,1
3,181,5,24,11,2004,12,0,1
2,3209,8,23,11,2004,12,0,1
4,2483,1,11,11,2004,16,0,1
7,2783,4,31,10,2004,6,51,1
5,125,2,1,10,2004,12,0,1
4,4162,9,2,9,2004,23,30,1
2,468,2,31,8,2004,16,10,1
2,2968,3,31,8,2004,4,50,1
1,812,5,30,8,2004,10,0,1
6,125,2,7,8,2004,19,30,1
6,8227,1,10,7,2004,12,0,1
4,417,3,8,7,2004,16,0,1
7,22221,1,16,5,2004,13,30,1
7,2162,5,16,5,2004,12,0,1
3,36,2,12,5,2004,15,40,1
3,98,4,12,5,2004,10,0,1
2,55,2,11,5,2004,17,0,1
6,12449,8,1,5,2004,0,1,1
5,1334,3,30,4,2004,0,1,1
7,4242,9,18,4,2004,15,0,1
6,3301,2,17,4,2004,8,0,1
6,1021,4,3,4,2004,0,1,1
3,841,2,31,3,2004,14,0,1
2,530,8,16,3,2004,0,1,1
1,14974,4,15,3,2004,14,0,1
6,887,7,6,3,2004,12,0,1
5,2441,1,5,3,2004,18,0,1
2,14561,9,2,3,2004,7,0,1
1,5314,1,1,3,2004,9,30,1
1,1178,8,1,3,2004,0,1,1
2,468,2,17,2,2004,17,40,1
5,5136,7,6,2,2004,12,0,1
5,13314,7,6,2,2004,9,0,1
4,5475,8,22,1,2004,12,0,1
3,1963,7,21,1,2004,5,38,1
4,2236,4,8,1,2004,9,0,1
2,887,7,6,1,2004,15,0,1
5,1274,2,26,12,2003,14,0,1
2,5133,7,23,12,2003,8,0,1
2,4071,4,23,12,2003,7,0,1
1,125,2,22,12,2003,0,1,1
1,1676,2,8,12,2003,13,0,1
3,1812,3,26,11,2003,18,0,1
2,601,9,25,11,2003,11,0,1
1,841,2,24,11,2003,14,0,1
4,11629,1,13,11,2003,19,0,1
3,4052,4,12,11,2003,8,0,1
6,2251,5,1,11,2003,12,0,1
5,102,10,31,10,2003,12,0,1
5,408,2,31,10,2003,11,14,1
2,3135,8,28,10,2003,15,30,1
4,10242,9,16,10,2003,15,0,1
3,227,1,15,10,2003,12,0,1
3,4947,2,15,10,2003,10,30,1
2,10010,5,14,10,2003,18,0,1
7,22055,2,5,10,2003,12,0,1
5,6502,9,3,10,2003,0,1,1
3,3349,3,1,10,2003,0,1,1
2,7243,1,30,9,2003,14,39,1
1,22365,3,29,9,2003,13,30,1
1,2156,2,15,9,2003,9,30,1
3,7621,5,3,9,2003,10,0,1
1,4842,7,1,9,2003,16,0,1
1,363,2,1,9,2003,12,0,1
6,1685,8,23,8,2003,14,0,1
4,2204,5,21,8,2003,15,0,1
3,8838,10,20,8,2003,10,45,1
2,1153,4,19,8,2003,8,0,1
1,430,1,18,8,2003,12,0,1
6,22331,5,26,7,2003,9,0,1
2,522,2,22,7,2003,12,0,1
5,2929,2,11,7,2003,0,1,1
4,9902,8,10,7,2003,10,0,1
4,1416,2,10,7,2003,9,0,1
6,10994,8,28,6,2003,0,1,1
1,7126,2,23,6,2003,14,0,1
1,1352,4,23,6,2003,8,15,1
4,7633,3,12,6,2003,0,1,1
3,1019,5,11,6,2003,15,34,1
2,19942,3,10,6,2003,10,20,1
7,359,10,1,6,2003,18,0,1
5,1912,1,30,5,2003,11,30,1
3,614,8,28,5,2003,20,30,1
3,1203,2,28,5,2003,14,54,1
2,363,2,27,5,2003,21,0,1
5,9882,7,16,5,2003,12,0,1
4,7126,2,15,5,2003,12,0,1
7,910,5,4,5,2003,14,0,1
3,1407,1,30,4,2003,17,0,1
1,10048,7,14,4,2003,19,0,1
1,146,10,14,4,2003,12,0,1
6,125,2,5,4,2003,14,30,1
4,7519,1,3,4,2003,13,30,1
4,840,5,3,4,2003,12,0,1
4,468,2,3,4,2003,12,0,1
2,1730,10,1,4,2003,14,0,1
2,755,4,1,4,2003,2,0,1
5,4167,6,21,3,2003,0,1,1
3,21869,5,5,3,2003,10,0,1
2,2855,1,4,3,2003,17,0,1
1,7339,6,3,2,2003,8,0,1
4,745,1,23,1,2003,17,45,1
5,2099,5,10,1,2003,0,1,1
4,771,1,9,1,2003,10,0,1
4,1290,1,9,1,2003,9,0,1
1,14853,8,6,1,2003,9,0,1
7,10851,7,28,12,2008,13,0,0
3,8104,1,30,9,2009,0,45,0
5,709,7,28,5,2004,11,45,0
2,631,2,17,5,2011,22,0,0
5,408,2,29,1,2010,13,1,0
2,5672,5,1,4,2014,2,24,0
6,21763,7,17,4,2004,11,20,0
6,16077,7,1,7,2006,0,1,0
3,8445,2,9,3,2011,12,40,0
1,1116,2,10,11,2003,16,45,0
7,1653,3,25,4,2010,7,24,0
5,182,4,14,11,2003,13,55,0
1,619,8,4,4,2005,21,30,0
4,9839,8,21,8,2008,6,30,0
3,15917,1,23,3,2005,19,0,0
1,6359,5,17,3,2008,15,5,0
5,22280,8,5,3,2004,19,0,0
3,2985,5,12,6,2013,15,41,0
6,6689,5,16,11,2013,0,1,0
1,8104,1,19,4,2010,0,15,0
1,6137,4,7,1,2008,22,30,0
1,2790,3,26,4,2004,17,0,0
3,2964,8,22,2,2006,13,15,0
2,93,7,13,12,2005,11,45,0
6,4369,5,23,8,2008,0,8,0
4,10935,8,11,1,2007,0,1,0
7,554,10,9,2,2003,15,25,0
1,7859,3,28,9,2009,8,0,0
1,665,3,15,5,2006,16,0,0
5,1831,5,14,11,2003,21,30,0
5,6787,3,23,9,2005,21,0,0
1,14347,5,23,12,2013,20,0,0
1,83,2,11,7,2005,4,34,0
7,554,10,2,1,2011,10,15,0
2,925,2,28,4,2009,22,40,0
3,346,1,30,11,2011,15,56,0
7,1891,5,23,3,2014,4,55,0
1,7492,9,15,10,2012,18,5,0
2,4676,4,27,5,2003,8,10,0
5,2706,10,3,9,2004,13,25,0
1,1453,10,27,10,2014,23,0,0
2,323,9,22,12,2009,20,30,0
2,859,1,23,6,2009,22,30,0
6,125,2,13,12,2014,12,5,0
7,1154,9,27,7,2008,16,30,0
2,12335,3,17,4,2012,20,0,0
2,13015,9,9,7,2013,16,58,0
2,5422,10,17,9,2013,18,0,0
3,125,2,17,10,2007,10,30,0
3,3329,10,10,11,2004,22,0,0
5,4844,8,22,8,2014,21,0,0
2,548,10,4,3,2003,14,15,0
6,17262,9,5,5,2012,10,30,0
6,7888,6,15,11,2008,7,0,0
7,13265,3,6,4,2014,8,55,0
7,1573,2,29,6,2014,19,45,0
1,13,3,27,5,2013,8,0,0
4,18612,8,19,5,2011,22,0,0
4,1275,10,3,5,2012,6,56,0
1,125,2,23,7,2007,1,0,0
6,8477,5,24,7,2004,13,0,0
1,15243,5,29,10,2012,22,56,0
5,1265,7,15,1,2010,1,52,0
3,1692,6,16,4,2014,11,30,0
5,2783,4,10,3,2006,17,0,0
4,1963,7,12,6,2014,0,34,0
4,4454,4,2,10,2008,21,40,0
5,16316,8,27,6,2003,0,1,0
1,3826,2,11,10,2004,22,30,0
1,3595,1,23,1,2006,21,30,0
5,2498,5,29,6,2007,15,22,0
4,14561,9,26,7,2007,17,0,0
3,905,5,9,6,2004,11,20,0
3,18129,4,7,4,2010,16,0,0
1,63,1,27,10,2008,3,29,0
3,13502,1,25,6,2008,16,0,0
2,8837,8,21,2,2012,10,0,0
5,238,2,17,6,2005,9,0,0
2,2106,6,13,4,2004,8,15,0
7,20548,8,26,3,2006,23,48,0
1,1074,3,25,1,2010,17,30,0
6,3375,5,28,7,2012,21,50,0
5,125,2,6,10,2006,18,30,0
2,1054,3,5,8,2003,12,30,0
1,88,2,4,8,2003,20,27,0
7,15057,8,17,5,2009,22,50,0
5,4450,4,16,11,2012,3,0,0
7,7703,5,19,12,2010,20,55,0
2,1975,2,1,6,2010,12,0,0
5,7068,10,7,3,2003,9,0,0
7,358,6,7,10,2012,21,55,0
1,125,2,12,11,2007,18,0,0
7,1653,3,24,8,2014,21,11,0
4,5782,5,15,11,2012,2,0,0
1,1928,9,20,7,2009,1,5,0
7,10327,5,5,10,2014,13,0,0
2,1202,6,20,1,2015,22,30,0
6,1767,4,7,5,2005,23,0,0
1,15372,4,12,5,2003,17,30,0
2,21785,2,4,2,2003,23,47,0
1,2257,1,5,1,2015,13,0,0
2,4559,4,21,2,2006,22,53,0
6,125,2,21,5,2005,17,0,0
4,1886,9,26,7,2007,23,15,0
3,1791,2,13,11,2013,15,4,0
1,1942,2,7,2,2011,12,42,0
3,999,1,7,3,2007,23,30,0
3,3104,9,20,8,2003,19,6,0
7,7393,8,20,11,2005,7,31,0
3,8323,3,21,3,2007,13,30,0
4,3132,5,19,3,2009,10,25,0
4,1790,1,28,7,2005,11,45,0
5,1431,10,19,10,2007,14,20,0
7,4741,5,7,10,2007,23,30,0
5,12372,9,8,2,2008,15,5,0
1,125,2,3,2,2014,9,25,0
3,14152,9,10,3,2010,2,0,0
1,158,2,10,12,2012,0,1,0
3,1080,8,13,6,2012,8,0,0
1,1969,4,17,3,2008,13,30,0
3,112,4,13,5,2015,17,0,0
3,5316,7,9,8,2006,21,30,0
2,20735,3,4,4,2006,15,52,0
4,2909,2,7,2,2013,9,42,0
5,2091,2,2,11,2012,13,0,0
4,7939,1,28,1,2010,10,34,0
4,3396,10,10,1,2008,17,36,0
4,17080,8,25,8,2005,17,9,0
2,1351,8,1,9,2009,10,10,0
5,6728,1,6,2,2015,18,0,0
4,10840,5,25,7,2013,2,0,0
6,1863,3,6,9,2003,23,37,0
5,20098,1,4,4,2003,17,5,0
5,2398,2,8,8,2003,23,24,0
2,6754,1,24,8,2010,16,0,0
4,12059,1,23,2,2006,8,30,0
3,618,2,13,5,2009,8,0,0
6,892,7,29,12,2012,16,0,0
4,5227,5,7,8,2008,18,0,0
4,6588,1,3,4,2003,9,58,0
1,392,4,26,12,2005,14,25,0
4,363,2,9,1,2014,12,50,0
2,17629,3,8,3,2005,20,31,0
4,1150,2,13,6,2013,19,51,0
2,1065,4,11,12,2007,13,0,0
4,125,2,9,9,2010,12,5,0
2,2016,6,12,1,2010,14,40,0
1,1520,5,16,5,2005,8,30,0
2,2046,2,23,11,2004,15,10,0
1,3972,4,31,3,2003,11,0,0
6,2442,8,4,10,2003,21,30,0
5,277,10,9,1,2009,9,10,0
1,2845,1,5,7,2004,23,30,0
7,20427,9,3,10,2004,9,0,0
3,20457,9,28,11,2007,11,30,0
5,4355,4,24,1,2003,21,0,0
2,3532,3,20,3,2007,19,58,0
6,125,2,22,4,2006,15,0,0
1,10755,6,20,12,2004,13,50,0
5,16856,7,14,5,2004,11,30,0
2,8527,8,1,5,2012,22,30,0
1,125,2,19,1,2009,8,45,0
2,232,4,10,1,2012,8,10,0
7,11040,7,5,9,2004,18,0,0
5,9383,2,13,8,2010,14,59,0
3,631,2,18,2,2015,18,27,0
1,3714,7,22,12,2008,19,45,0
3,9386,3,10,2,2010,8,0,0
6,501,4,8,5,2010,10,38,0
1,13358,8,10,1,2005,20,30,0
7,601,9,15,1,2012,1,0,0
2,3873,1,9,8,2005,12,30,0
3,2909,2,5,8,2009,19,15,0
6,125,2,15,1,2005,9,30,0
4,4531,4,21,8,2008,4,10,0
1,366,10,6,3,2006,9,0,0
3,83,2,24,8,2005,4,25,0
5,1076,5,1,5,2009,15,0,0
4,158,2,29,11,2012,20,30,0
3,10009,5,16,11,2011,0,10,0
6,3465,1,20,9,2008,0,30,0
6,213,4,5,4,2008,17,15,0
1,953,1,2,10,2006,4,10,0
1,1431,10,10,11,2003,2,19,0
7,2414,3,8,4,2007,9,7,0
2,2701,9,13,10,2009,19,55,0
6,3235,1,8,5,2010,11,0,0
2,11707,5,30,10,2012,13,50,0
1,2314,1,11,11,2013,5,50,0
4,4166,1,18,10,2007,6,0,0
1,4609,9,6,2,2012,11,50,0
3,277,10,27,7,2005,21,30,0
7,21876,10,22,8,2004,7,17,0
6,3903,8,3,5,2008,19,3,0
2,977,1,18,9,2012,12,5,0
6,2120,3,5,11,2005,19,47,0
5,289,4,17,10,2014,9,30,0
7,12726,7,14,12,2008,18,30,0
1,3774,2,19,2,2007,14,15,0
2,872,2,3,5,2011,13,45,0
3,12950,6,19,3,2008,20,30,0
2,1587,2,14,6,2011,2,45,0
7,6067,7,31,7,2011,21,30,0
4,2688,10,18,9,2014,22,30,0
2,1792,2,14,4,2015,14,27,0
3,9205,8,28,10,2009,14,45,0
3,499,2,19,2,2003,19,15,0
4,1012,4,6,10,2011,12,35,0
6,2269,2,18,10,2003,9,30,0
5,11094,4,26,6,2009,3,14,0
4,129,2,16,12,2010,13,12,0
2,1920,5,2,5,2006,15,0,0
4,4365,5,25,1,2007,18,20,0
6,1012,4,12,12,2009,1,25,0
5,125,2,11,1,2013,17,50,0
2,408,2,27,7,2010,16,30,0
2,16402,9,5,3,2013,22,0,0
7,17710,8,31,7,2011,3,8,0
2,6406,2,15,10,2013,19,40,0
7,425,5,23,3,2014,21,30,0
5,2178,6,16,10,2009,8,0,0
6,13704,7,25,9,2010,2,26,0
2,8994,5,15,5,2007,12,0,0
5,9543,4,24,1,2003,9,0,0
5,4703,1,11,3,2005,16,45,0
2,2992,9,3,3,2009,13,30,0
5,3144,5,26,3,2010,23,15,0
5,2783,4,6,3,2015,18,51,0
5,5527,5,8,10,2010,12,38,0
2,331,2,31,5,2011,5,20,0
7,4682,1,4,12,2011,16,32,0
2,273,1,28,10,2003,11,58,0
4,230,1,5,2,2015,18,0,0
2,2222,1,25,1,2011,21,30,0
2,359,10,10,6,2008,10,45,0
7,1951,2,13,3,2011,16,50,0
1,15487,7,29,10,2012,20,0,0
3,511,4,26,11,2003,12,15,0
3,1520,5,12,5,2004,23,38,0
2,631,2,31,10,2006,18,30,0
4,2121,9,2,9,2004,16,0,0
3,6832,3,20,4,2011,14,18,0
2,522,2,24,11,2009,14,10,0
2,6855,8,20,7,2004,14,30,0
4,2346,2,6,3,2008,17,0,0
4,4015,2,7,8,2014,20,23,0
6,7533,8,1,1,2011,0,1,0
3,549,4,5,3,2003,22,40,0
3,15376,6,16,4,2008,17,0,0
3,1226,4,12,1,2011,21,56,0
5,12768,3,7,3,2014,15,0,0
4,4603,5,4,10,2007,15,0,0
1,435,10,6,9,2010,23,35,0
1,13020,9,15,10,2012,10,8,0
5,4953,9,9,3,2007,23,51,0
3,190,9,19,3,2014,14,0,0
2,3419,8,23,12,2014,14,0,0
4,94,1,22,8,2013,20,55,0
4,2535,4,13,7,2006,16,17,0
5,17410,9,5,3,2004,8,0,0
3,403,7,31,10,2012,13,30,0
1,12154,2,8,12,2008,19,0,0
2,817,2,16,3,2004,5,15,0
5,11180,8,22,4,2011,7,0,0
5,4676,4,20,4,2007,17,15,0
5,277,10,9,3,2007,9,0,0
2,4478,4,6,1,2015,11,0,0
1,8767,4,26,4,2004,8,38,0
4,586,8,12,12,2013,20,0,0
7,657,8,8,4,2007,0,1,0
2,1185,5,30,4,2013,22,31,0
6,1954,10,19,11,2011,11,0,0
2,15023,8,16,10,2007,14,0,0
6,2469,1,6,4,2013,21,0,0
5,7179,1,11,1,2008,22,30,0
1,9741,5,30,9,2013,21,0,0
2,5104,8,25,11,2014,15,45,0
5,1351,8,23,3,2007,9,0,0
2,6911,3,14,10,2014,15,15,0
4,2144,5,23,7,2009,2,25,0
7,8927,1,23,10,2005,22,30,0
6,408,2,15,11,2003,9,11,0
3,2943,6,15,4,2015,18,10,0
2,4947,2,15,4,2008,7,40,0
4,3396,10,22,9,2005,11,39,0
5,158,2,20,10,2006,21,0,0
3,177,10,21,2,2007,9,30,0
6,7039,1,8,9,2007,21,40,0
1,6309,1,2,9,2013,14,0,0
2,1883,1,28,4,2015,21,30,0
1,6110,1,23,6,2003,12,30,0
7,5826,1,25,2,2007,7,40,0
4,6601,1,16,12,2010,12,15,0
5,3237,5,17,10,2014,19,43,0
1,9382,5,23,7,2007,13,0,0
4,5107,10,26,11,2009,12,9,0
3,1231,5,7,4,2010,8,0,0
7,18037,7,11,9,2011,20,0,0
3,2433,3,2,11,2011,11,45,0
5,502,5,29,6,2012,21,45,0
2,2265,4,4,9,2012,19,57,0
3,13370,7,11,8,2010,14,0,0
2,897,2,7,8,2007,14,45,0
1,17043,2,7,3,2005,17,25,0
3,2221,9,21,3,2012,22,52,0
6,716,5,7,4,2007,11,45,0
4,5164,4,14,7,2011,0,1,0
4,1760,10,9,7,2009,17,0,0
3,8091,8,9,8,2006,23,21,0
6,3329,10,17,7,2010,7,50,0
4,435,10,4,10,2007,19,50,0
1,3892,2,15,5,2006,20,33,0
6,9370,8,30,7,2011,10,34,0
5,5011,10,17,6,2011,16,0,0
3,9384,3,20,8,2014,3,56,0
2,2938,7,11,11,2003,20,27,0
2,15425,4,20,8,2013,2,54,0
5,7776,1,17,10,2014,15,45,0
7,504,4,27,12,2009,18,41,0
3,4248,9,17,9,2003,15,45,0
6,744,10,12,2,2011,7,17,0
4,2204,5,7,8,2003,20,17,0
6,16283,3,21,3,2009,4,40,0
5,16612,8,2,11,2007,15,30,0
4,19943,10,20,9,2007,13,45,0
4,15080,7,14,6,2012,19,45,0
4,1653,3,20,10,2005,15,4,0
6,1925,1,13,1,2007,21,25,0
4,1620,10,22,3,2007,9,2,0
3,657,8,30,5,2007,6,30,0
6,230,1,26,6,2004,11,0,0
2,1214,10,25,1,2005,20,13,0
3,17026,7,28,12,2011,18,10,0
3,11812,6,23,7,2014,6,45,0
4,4805,8,4,9,2014,15,30,0
7,7769,8,3,11,2013,20,0,0
4,3222,5,29,4,2004,12,0,0
5,5525,1,4,10,2013,3,30,0
6,1379,1,30,6,2012,21,0,0
3,2355,7,4,2,2009,6,42,0
7,4535,1,11,3,2012,16,49,0
2,872,2,30,5,2006,8,45,0
5,6352,8,3,10,2014,8,57,0
5,2025,1,4,4,2003,11,0,0
3,7953,5,16,10,2013,7,49,0
5,17276,9,22,4,2011,18,0,0
3,1091,10,24,2,2010,14,30,0
3,235,4,10,1,2007,20,7,0
5,772,10,8,3,2013,9,19,0
4,176,1,16,4,2009,19,45,0
5,654,1,9,3,2007,10,30,0
6,6779,4,22,9,2007,7,5,0
1,1292,2,8,12,2003,9,0,0
5,2373,2,13,1,2012,22,20,0
5,803,6,24,8,2012,9,45,0
1,710,8,2,4,2012,13,3,0
2,1615,2,2,10,2007,8,0,0
7,3719,5,17,6,2012,10,30,0
5,158,2,26,1,2007,3,0,0
3,517,2,9,8,2006,4,30,0
7,15096,5,16,1,2011,6,0,0
3,7031,1,1,10,2003,9,30,0
5,3151,5,7,3,2003,19,0,0
3,119,6,22,8,2007,13,0,0
3,4594,3,24,7,2013,17,0,0
7,16158,8,10,8,2003,20,50,0
7,2835,10,30,12,2007,19,30,0
2,6204,5,28,11,2006,4,38,0
6,14229,9,9,3,2013,1,50,0
3,5221,3,7,2,2007,16,10,0
5,9761,2,11,7,2014,18,20,0
7,390,5,3,7,2011,12,0,0
1,1235,5,16,2,2009,12,30,0
4,851,3,5,2,2015,22,0,0
1,15356,8,6,1,2003,8,47,0
2,4420,4,27,12,2011,0,1,0
7,1757,3,4,12,2005,23,7,0
5,1291,1,12,6,2009,15,30,0
6,219,1,1,7,2006,21,40,0
2,1588,9,9,7,2013,10,0,0
7,9323,8,30,12,2012,9,0,0
1,5451,5,18,8,2003,11,0,0
2,10961,7,15,4,2014,23,0,0
5,1083,1,12,12,2014,17,30,0
2,125,2,29,5,2012,8,0,0
6,1194,5,7,9,2013,12,30,0
5,8690,3,2,5,2008,19,30,0
2,16274,7,7,12,2004,14,42,0
3,9468,3,26,1,2005,13,10,0
5,1220,10,22,8,2008,5,17,0
2,3619,2,12,6,2012,6,0,0
1,5024,8,5,3,2007,14,30,0
6,982,9,10,4,2010,2,0,0
1,15869,8,26,5,2003,2,0,0
2,428,4,27,5,2014,16,11,0
4,3697,8,13,12,2012,16,9,0
2,392,4,30,9,2003,16,48,0
1,4993,5,2,2,2009,21,0,0
6,2079,9,20,4,2013,13,15,0
3,922,9,21,9,2005,14,57,0
4,49,2,24,2,2011,22,49,0
3,102,10,29,6,2011,22,0,0
3,5004,5,29,10,2003,6,0,0
4,2949,2,10,3,2005,9,0,0
4,4378,2,1,10,2009,0,1,0
2,863,1,30,9,2008,20,32,0
4,9397,4,4,11,2010,21,0,0
4,4825,7,25,12,2014,11,0,0
5,630,1,22,3,2013,12,29,0
2,2683,1,12,6,2007,12,0,0
1,803,6,28,4,2014,21,10,0
1,4872,2,17,9,2007,18,0,0
1,8990,2,28,4,2008,14,0,0
4,4673,4,13,12,2007,0,1,0
5,3125,8,5,9,2008,2,52,0
6,3301,2,27,6,2009,20,0,0
1,3007,8,22,12,2003,1,0,0
4,7411,3,24,7,2003,6,45,0
5,15489,3,9,8,2013,1,0,0
1,4930,1,6,1,2003,23,14,0
2,4411,2,15,11,2005,22,0,0
1,2977,4,8,8,2005,10,0,0
6,4594,3,21,4,2012,20,15,0
5,5257,2,1,5,2009,8,30,0
7,8336,9,6,5,2012,12,30,0
5,125,2,20,3,2015,13,30,0
6,1263,2,18,9,2004,8,0,0
2,133,3,31,5,2011,12,0,0
3,6991,8,9,1,2008,1,13,0
5,1576,4,18,11,2005,17,0,0
7,2409,2,2,11,2008,16,10,0
4,10023,7,18,9,2014,15,0,0
1,2330,4,17,2,2003,11,10,0
3,6926,4,4,2,2015,11,0,0
3,3382,6,4,2,2004,14,30,0
7,4534,5,4,10,2009,23,20,0
7,144,4,12,8,2012,19,50,0
1,10516,4,19,4,2010,0,1,0
7,18076,9,20,11,2005,14,0,0
1,1176,8,29,10,2007,2,0,0
3,11279,9,20,8,2014,22,0,0
7,13560,8,25,9,2011,0,1,0
6,5670,1,29,12,2012,15,41,0
4,820,4,8,3,2012,22,0,0
3,548,10,3,10,2007,8,45,0
4,125,2,21,10,2010,18,35,0
2,5596,5,9,11,2004,8,25,0
1,7019,5,7,2,2011,0,1,0
2,1764,1,6,4,2010,15,0,0
5,2393,8,11,7,2003,15,0,0
7,3965,3,12,1,2014,23,0,0
4,601,9,20,9,2012,17,35,0
6,7074,4,9,8,2014,23,20,0
1,27,5,14,9,2009,12,20,0
5,37,2,6,2,2009,21,15,0
6,6662,8,9,8,2008,23,30,0
2,17238,6,14,4,2009,16,50,0
3,157,5,6,8,2003,21,0,0
3,1236,4,30,4,2008,16,8,0
7,1306,2,11,1,2015,9,30,0
6,2397,6,22,3,2003,2,11,0
5,501,4,13,1,2012,17,35,0
7,1433,10,16,11,2008,16,0,0
7,606,1,4,6,2006,0,44,0
1,1080,8,12,10,2009,9,15,0
7,4774,8,5,10,2008,12,0,0
7,5590,4,4,11,2012,8,52,0
1,2579,2,16,2,2015,19,40,0
1,8533,2,3,10,2005,4,15,0
2,12623,7,31,5,2005,10,49,0
3,8743,3,10,12,2014,18,10,0
2,2632,5,17,2,2004,17,0,0
5,9998,8,19,9,2003,10,20,0
4,9994,7,29,5,2003,9,0,0
6,408,2,23,4,2011,17,40,0
4,6828,3,5,2,2015,13,0,0
7,13,3,9,9,2012,17,0,0
6,100,2,19,4,2014,13,30,0
7,4311,9,8,10,2006,18,0,0
4,21051,8,27,7,2006,17,30,0
4,10001,2,20,2,2014,11,0,0
1,7402,4,22,11,2004,13,15,0
7,1119,2,21,9,2014,12,30,0
5,4032,3,7,5,2010,12,45,0
4,16253,8,24,1,2013,20,0,0
6,6386,4,24,1,2015,4,20,0
5,2677,5,20,3,2015,7,19,0
6,8659,9,17,11,2012,0,27,0
7,326,2,4,5,2014,15,0,0
5,6027,8,19,9,2008,12,50,0
1,15062,3,10,12,2012,22,0,0
7,1373,1,15,1,2006,16,20,0
7,451,2,4,12,2011,21,46,0
5,631,2,29,7,2011,0,30,0
2,1150,2,8,7,2003,12,0,0
4,4121,9,11,12,2008,14,45,0
4,5209,1,29,7,2010,14,0,0
2,12400,4,3,2,2009,20,0,0
7,6170,7,18,5,2014,10,30,0
6,2118,5,16,5,2009,11,30,0
4,10297,9,29,6,2006,1,30,0
6,1942,2,9,9,2006,17,0,0
4,125,2,7,3,2013,11,30,0
2,14636,7,30,3,2004,13,8,0
6,125,2,4,5,2013,20,56,0
5,6114,3,20,10,2006,13,51,0
3,403,7,11,8,2010,8,30,0
4,16746,3,14,6,2012,5,52,0
1,190,9,13,6,2011,7,10,0
1,1455,1,8,6,2009,11,42,0
6,1204,2,3,7,2010,22,7,0
6,9519,6,22,4,2006,12,0,0
2,4682,1,29,11,2011,11,40,0
7,125,2,27,2,2011,10,30,0
4,259,5,2,6,2011,12,5,0
7,11162,3,24,8,2014,10,0,0
5,3629,4,24,9,2010,13,17,0
3,166,10,25,8,2010,20,40,0
5,9420,3,4,11,2005,17,0,0
3,8749,3,28,10,2009,12,0,0
2,2081,4,27,4,2004,16,50,0
6,2331,8,23,8,2003,23,0,0
1,37,2,20,1,2014,17,57,0
4,1645,9,6,2,2003,9,15,0
2,4762,5,24,6,2003,22,30,0
6,223,10,17,5,2014,2,35,0
5,653,10,9,1,2004,7,30,0
3,6888,3,15,4,2009,12,50,0
6,4556,4,10,1,2004,18,0,0
3,10721,4,28,12,2011,0,1,0
1,2369,4,15,10,2012,23,28,0
6,1936,2,16,1,2010,20,7,0
3,11269,3,29,6,2005,16,27,0
5,125,2,24,8,2012,0,1,0
5,631,2,14,11,2014,21,30,0
1,872,2,3,5,2010,17,8,0
1,361,2,12,4,2004,22,36,0
5,1955,9,24,9,2010,10,57,0
5,14187,7,10,1,2014,22,0,0
2,15587,1,4,9,2012,12,0,0
4,22313,6,15,4,2004,6,52,0
5,1736,5,3,11,2006,17,30,0
5,15901,3,24,3,2006,18,45,0
5,19388,8,1,10,2004,10,0,0
3,1749,2,9,6,2004,0,10,0
4,4072,8,21,8,2014,18,30,0
2,6947,5,23,3,2010,4,38,0
4,10841,4,16,4,2009,12,25,0
5,2972,5,12,12,2008,22,20,0
3,4692,3,7,9,2011,14,10,0
4,12013,4,27,5,2004,19,35,0
2,5389,5,29,4,2008,13,22,0
2,10907,5,26,12,2006,13,10,0
4,125,2,26,7,2012,10,53,0
2,10601,6,20,1,2004,14,5,0
2,5199,5,26,6,2012,14,30,0
4,11767,3,2,10,2008,12,15,0
2,125,2,10,7,2007,19,30,0
3,2706,10,23,7,2008,0,30,0
5,2041,10,13,7,2012,17,0,0
2,821,10,15,5,2012,17,27,0
3,392,4,14,12,2011,17,30,0
6,3694,8,10,2,2007,12,0,0
7,3415,5,25,1,2015,1,0,0
3,1291,1,30,9,2009,18,0,0
3,346,1,16,4,2008,18,0,0
5,4415,5,15,1,2010,12,9,0
7,5544,4,3,11,2013,15,0,0
7,7110,2,6,5,2012,20,0,0
3,2943,6,15,4,2015,18,10,0
7,2091,2,30,11,2008,21,15,0
5,10038,3,12,3,2010,4,34,0
2,2706,10,22,8,2006,16,40,0
5,12027,9,21,9,2007,10,0,0
4,7633,3,15,6,2006,20,30,0
3,1963,7,17,9,2003,16,30,0
2,12733,6,16,11,2010,0,23,0
7,2678,8,18,11,2012,3,33,0
5,2107,5,22,8,2003,14,0,0
2,6676,8,27,10,2009,19,15,0
5,7622,2,16,5,2003,15,10,0
2,1555,2,23,12,2003,13,0,0
2,4880,2,5,2,2013,17,0,0
4,870,4,15,7,2010,13,55,0
3,8479,9,16,11,2005,12,38,0
1,3101,1,21,3,2005,14,0,0
7,4225,1,11,9,2005,17,15,0
5,2045,6,29,7,2011,2,22,0
1,4019,4,20,1,2003,0,50,0
1,11532,2,9,6,2014,23,40,0
6,207,9,25,2,2006,15,15,0
1,3517,5,9,12,2013,21,0,0
7,11189,1,25,9,2011,0,23,0
7,6102,1,11,8,2013,6,45,0
2,19505,3,26,1,2010,8,30,0
7,571,2,22,4,2007,0,1,0
6,5787,3,22,2,2003,0,30,0
6,13268,4,3,4,2004,15,30,0
5,39,3,17,4,2015,15,0,0
6,125,2,12,1,2008,21,0,0
5,7675,9,6,10,2006,4,30,0
5,1837,2,5,9,2014,15,45,0
4,5906,3,16,12,2010,14,43,0
6,2439,2,26,3,2011,22,40,0
4,19347,9,6,5,2010,16,30,0
4,112,4,13,7,2006,7,35,0
6,5280,4,10,8,2013,0,1,0
5,511,4,22,8,2014,13,30,0
5,979,4,18,11,2005,2,30,0
3,11027,7,13,6,2007,22,30,0
5,6017,5,4,4,2008,8,33,0
5,4656,8,4,5,2012,23,59,0
3,7524,5,21,3,2012,17,28,0
6,2706,10,22,3,2003,11,13,0
4,12537,5,9,7,2009,11,0,0
1,16021,1,21,2,2005,21,0,0
4,3054,1,2,10,2014,9,30,0
4,3496,5,15,7,2010,0,25,0
5,366,10,22,8,2008,19,0,0
3,4701,5,11,8,2010,13,0,0
5,22382,5,28,5,2004,21,0,0
3,2821,2,10,3,2010,16,30,0
5,6110,1,26,12,2014,12,0,0
1,1809,10,3,3,2008,22,0,0
7,21936,7,22,8,2004,17,0,0
7,125,2,10,8,2003,18,0,0
1,1809,10,28,4,2014,3,40,0
2,14135,7,1,9,2009,9,0,0
4,4854,2,23,9,2010,16,0,0
1,904,5,8,8,2011,18,30,0
5,2744,6,6,8,2004,23,0,0
4,4510,5,24,7,2014,12,0,0
4,213,4,4,3,2004,23,25,0
1,4615,9,3,3,2008,22,30,0
5,349,2,10,9,2010,7,0,0
3,435,10,4,3,2009,18,0,0
1,1291,1,15,9,2008,12,50,0
2,1154,9,13,12,2005,15,10,0
2,9765,8,27,7,2010,17,0,0
2,36,2,22,8,2006,21,21,0
5,538,8,3,10,2003,15,51,0
4,20725,3,15,11,2007,11,0,0
3,4083,4,1,11,2006,0,15,0
2,216,6,8,12,2009,11,28,0
6,6916,4,21,2,2004,21,15,0
7,125,2,11,1,2015,15,50,0
3,11467,6,8,8,2012,9,50,0
5,6947,5,16,4,2004,22,0,0
3,4543,3,6,4,2005,17,11,0
6,2666,3,18,12,2010,19,20,0
7,435,10,5,4,2009,12,19,0
2,11462,3,3,5,2005,12,30,0
4,766,8,30,6,2005,21,48,0
5,2318,4,29,7,2011,14,50,0
5,6175,5,12,8,2005,19,0,0
4,89,1,30,11,2006,18,0,0
4,8639,5,19,2,2004,19,0,0
7,1978,8,27,7,2014,18,30,0
3,4503,8,3,10,2012,16,0,0
4,4272,7,14,5,2009,11,22,0
3,4736,3,26,12,2012,15,40,0
3,1009,2,18,8,2004,7,0,0
1,6634,1,23,6,2014,8,0,0
4,713,4,6,2,2003,3,28,0
1,653,10,8,12,2008,9,33,0
6,600,3,24,9,2005,0,45,0
5,7257,8,23,8,2013,18,0,0
5,2025,1,21,5,2010,2,30,0
6,8930,5,17,5,2008,12,0,0
2,13138,6,1,11,2011,12,0,0
4,10219,7,27,1,2011,14,0,0
1,2425,2,7,1,2013,14,30,0
6,4267,2,7,4,2007,8,8,0
6,146,10,17,10,2009,15,0,0
3,13628,4,20,2,2008,20,30,0
7,70,10,23,3,2003,18,0,0
1,4588,10,3,3,2003,20,18,0
1,5150,4,27,10,2014,19,45,0
4,3053,1,5,4,2012,17,30,0
3,363,2,18,2,2009,18,46,0
7,859,1,22,8,2004,17,30,0
3,4147,5,23,8,2006,21,0,0
2,554,10,14,11,2006,9,47,0
2,21770,1,8,6,2004,7,30,0
7,1823,1,10,4,2011,21,45,0
1,4603,5,19,9,2011,8,0,0
3,1732,3,31,10,2007,12,0,0
4,6233,9,14,7,2011,9,30,0
2,2490,3,5,4,2011,9,36,0
5,8930,5,22,4,2005,0,1,0
4,4750,5,22,7,2004,12,33,0
6,7647,8,23,8,2008,10,0,0
4,102,10,2,5,2013,18,45,0
3,277,10,21,1,2004,15,41,0
5,2241,4,28,6,2013,16,57,0
3,7110,2,14,7,2010,20,0,0
6,1753,7,29,11,2008,16,0,0
7,13532,4,7,9,2008,9,7,0
7,6032,5,21,9,2008,21,0,0
4,1910,5,18,9,2014,0,15,0
6,1019,5,15,1,2011,1,58,0
6,5526,3,8,3,2003,1,4,0
6,16312,8,11,8,2012,13,15,0
5,10437,9,14,5,2004,14,0,0
6,1157,2,16,6,2007,22,50,0
7,44,6,28,11,2004,16,10,0
6,2661,1,9,10,2010,0,1,0
3,7270,5,7,8,2013,12,11,0
3,125,2,16,11,2005,15,30,0
3,6248,1,4,4,2012,18,30,0
5,11382,7,5,10,2007,10,0,0
6,5479,5,31,7,2010,17,40,0
3,125,2,7,9,2005,10,0,0
7,125,2,15,1,2012,0,15,0
5,1203,2,3,4,2009,19,0,0
7,3307,4,14,8,2005,1,55,0
5,11951,9,1,7,2005,8,40,0
1,3131,10,25,1,2010,13,0,0
5,1077,4,31,10,2014,17,0,0
1,5821,4,3,4,2006,13,45,0
6,1634,5,22,3,2014,17,15,0
4,9417,8,22,9,2005,13,0,0
2,957,2,29,4,2003,19,50,0
3,14771,9,19,4,2006,9,55,0
6,8812,4,9,3,2013,16,30,0
6,7119,4,7,2,2009,13,0,0
7,10321,9,5,10,2014,14,0,0
7,10201,3,18,5,2008,11,18,0
3,2348,1,20,8,2003,23,30,0
7,4085,8,28,1,2007,23,0,0
6,6223,2,17,11,2007,0,1,0
6,602,2,5,4,2008,15,30,0
6,9631,4,16,7,2011,21,30,0
4,102,10,14,1,2010,20,45,0
2,4535,1,30,4,2013,12,40,0
3,3427,7,2,4,2003,21,30,0
7,556,9,26,7,2009,23,0,0
6,11453,3,9,3,2013,18,29,0
4,6409,5,4,10,2007,18,22,0
6,1641,2,20,9,2014,21,30,0
4,9052,8,28,7,2011,20,0,0
6,7503,5,6,3,2004,0,1,0
5,7713,6,9,1,2015,11,4,0
5,1394,6,12,3,2010,14,30,0
2,2706,10,8,2,2005,14,25,0
5,4180,6,24,1,2003,18,30,0
1,726,1,31,10,2011,7,15,0
2,93,7,30,10,2007,13,0,0
4,435,10,10,7,2008,16,10,0
2,5275,4,21,1,2003,6,46,0
5,320,1,19,11,2010,20,0,0
2,13329,4,2,10,2007,6,41,0
4,998,5,15,5,2014,12,45,0
6,10009,5,6,9,2003,23,2,0
6,10863,9,13,7,2013,10,0,0
2,2391,2,24,8,2010,21,27,0
4,19614,7,8,7,2004,10,0,0
1,8523,7,23,1,2012,12,0,0
4,11911,3,9,12,2004,16,25,0
6,234,6,29,11,2014,15,40,0
4,6750,5,22,1,2009,13,35,0
4,21912,8,10,6,2004,18,0,0
2,125,2,10,7,2007,16,0,0
2,1566,5,3,3,2009,2,23,0
7,11781,1,27,1,2013,18,0,0
5,6155,8,2,7,2010,14,30,0
2,907,6,5,2,2013,18,26,0
3,7118,8,12,11,2008,9,0,0
3,2462,2,11,7,2012,3,30,0
5,7515,1,11,7,2014,21,0,0
7,11008,6,9,10,2011,19,0,0
7,270,2,5,5,2013,11,0,0
6,3376,10,15,1,2011,15,30,0
6,9380,8,28,7,2007,22,30,0
1,872,2,27,9,2004,10,1,0
3,18217,3,9,2,2011,13,0,0
7,720,5,29,8,2010,22,0,0
7,8963,1,28,7,2013,5,30,0
5,12213,3,27,6,2014,17,0,0
4,1066,10,25,2,2010,20,54,0
1,517,2,12,11,2012,13,0,0
3,3180,10,11,11,2009,3,30,0
5,478,1,19,9,2003,8,30,0
5,11855,4,11,2,2011,3,0,0
1,2988,3,28,4,2014,15,20,0
4,4900,9,16,9,2004,20,0,0
1,8715,9,10,1,2005,19,31,0
2,4785,1,18,5,2010,12,55,0
4,2266,1,24,8,2006,14,0,0
6,1839,5,21,8,2004,1,0,0
3,12996,7,15,10,2008,14,40,0
3,821,10,14,11,2012,19,49,0
2,14119,2,11,7,2006,19,58,0
2,10085,3,14,12,2010,11,30,0
4,7485,5,29,12,2005,1,0,0
2,9317,3,23,12,2008,8,45,0
3,10238,5,26,6,2013,11,0,0
1,5684,8,15,3,2004,18,0,0
6,8989,3,4,12,2010,17,10,0
2,5646,5,20,3,2007,0,1,0
6,468,2,20,9,2008,13,43,0
6,9272,3,25,9,2010,8,52,0
6,22416,9,15,5,2004,9,22,0
3,3784,8,29,5,2013,8,20,0
7,323,9,31,5,2009,19,0,0
3,2274,7,30,4,2008,10,45,0
5,2483,1,6,3,2015,15,30,0
7,957,2,7,10,2007,1,45,0
3,11901,9,4,4,2007,16,20,0
3,12588,1,26,5,2004,12,0,0
3,126,8,17,9,2014,20,29,0
4,823,2,29,7,2010,12,51,0
3,830,10,8,2,2006,10,0,0
3,1319,2,2,11,2005,23,45,0
4,10641,4,23,2,2006,8,30,0
1,13584,3,17,3,2014,0,37,0
5,4981,9,22,9,2006,23,0,0
2,9144,1,4,9,2012,22,0,0
1,1041,5,30,10,2006,7,40,0
3,4009,2,7,3,2007,5,0,0
1,9033,5,17,8,2009,17,30,0
5,7623,4,16,5,2014,23,0,0
5,1133,7,28,1,2011,8,50,0
2,2929,2,19,2,2013,6,30,0
4,157,10,26,7,2012,13,39,0
1,784,2,3,10,2005,18,0,0
3,19551,6,23,12,2009,14,30,0
5,1162,1,21,4,2006,2,50,0
6,872,2,20,4,2013,23,30,0
6,571,2,22,4,2006,22,30,0
6,6917,4,13,6,2009,2,55,0
4,12857,9,9,12,2004,15,49,0
1,92,1,11,10,2004,12,0,0
3,3122,3,19,9,2012,17,18,0
4,917,9,16,6,2005,22,2,0
3,18289,2,19,4,2006,1,55,0
6,1224,1,12,7,2003,2,14,0
2,2989,5,26,7,2011,17,30,0
5,3243,1,31,10,2003,20,30,0
4,28,4,8,9,2011,18,21,0
5,3898,2,29,6,2012,16,15,0
6,6496,6,9,10,2010,14,57,0
2,144,4,20,3,2012,12,0,0
1,227,1,27,10,2008,4,50,0
6,65,4,23,2,2008,0,40,0
4,21839,6,27,5,2004,20,20,0
3,11510,10,27,6,2007,18,50,0
1,934,1,30,3,2015,15,50,0
2,357,4,7,8,2012,11,30,0
6,808,4,29,12,2012,23,0,0
5,2271,10,6,5,2005,22,0,0
1,10025,7,21,3,2005,15,0,0
2,339,3,17,4,2007,16,30,0
1,125,2,28,4,2014,19,20,0
4,4167,6,1,12,2005,12,0,0
7,1042,3,27,6,2004,15,0,0
2,323,9,5,9,2006,19,0,0
4,4180,6,30,9,2004,22,0,0
7,14527,7,8,5,2005,5,15,0
5,3487,9,14,6,2013,19,30,0
6,3808,9,16,11,2013,18,0,0
2,499,2,25,1,2005,13,0,0
7,4284,1,20,6,2010,9,0,0
2,18196,6,20,9,2005,11,35,0
5,3884,2,2,5,2008,21,35,0
7,5877,5,27,7,2014,13,0,0
1,125,2,5,1,2004,22,30,0
3,3226,6,23,12,2009,9,15,0
4,125,2,24,7,2014,18,30,0
6,14608,9,11,7,2009,7,45,0
5,2192,10,20,8,2004,0,1,0
5,9486,1,26,8,2005,12,0,0
1,1078,2,17,3,2014,19,0,0
3,356,3,5,9,2012,16,43,0
1,7449,7,2,5,2011,13,0,0
6,408,2,21,3,2015,18,0,0
6,17105,6,7,5,2005,21,0,0
3,1620,10,3,10,2007,17,20,0
5,4617,3,3,10,2014,16,0,0
4,709,7,2,10,2014,8,48,0
3,1902,3,24,12,2008,17,20,0
1,114,8,11,12,2006,9,0,0
5,8771,2,3,4,2009,15,48,0
2,12308,5,8,2,2011,21,0,0
4,83,2,15,5,2003,16,40,0
1,3180,10,7,7,2008,9,42,0
3,665,3,27,1,2010,22,20,0
5,501,4,26,11,2004,11,0,0
5,11276,2,24,1,2014,8,30,0
3,4772,5,21,1,2015,22,55,0
5,5090,3,12,8,2011,16,0,0
2,2469,1,15,5,2012,13,30,0
4,17514,5,20,2,2003,12,30,0
2,13493,10,18,3,2014,17,52,0
4,7462,8,9,8,2007,10,10,0
3,5257,2,16,4,2008,13,52,0
5,703,8,29,7,2011,8,30,0
3,324,1,11,6,2008,23,46,0
4,2593,2,2,6,2011,19,30,0
7,6793,4,24,10,2010,21,1,0
4,2579,2,27,11,2008,3,14,0
3,2534,4,17,9,2003,21,52,0
3,4073,3,15,12,2010,0,1,0
3,94,1,15,10,2003,22,0,0
4,11992,3,9,1,2003,21,59,0
4,22601,1,1,5,2003,14,0,0
2,9539,3,11,11,2014,13,15,0
6,3524,3,13,12,2014,8,7,0
4,2745,7,2,9,2004,20,0,0
7,5017,2,27,7,2014,17,0,0
2,6415,5,25,11,2008,17,45,0
1,4016,4,6,12,2004,20,30,0
2,1695,3,28,9,2004,13,30,0
2,548,10,16,9,2008,13,8,0
3,277,10,29,10,2008,14,6,0
4,12916,7,28,7,2005,6,0,0
6,21838,5,17,4,2004,12,0,0
6,6441,9,6,5,2006,18,0,0
4,38,10,13,11,2008,14,5,0
6,4978,1,1,5,2004,23,0,0
7,6420,2,16,11,2003,3,30,0
3,5130,4,26,1,2005,12,20,0
5,146,10,25,2,2005,13,45,0
5,7766,4,19,4,2013,19,50,0
3,5142,4,23,8,2006,16,25,0
4,4643,9,4,10,2012,13,7,0
3,4418,2,30,6,2010,21,35,0
2,213,4,19,2,2013,15,14,0
6,4439,7,31,5,2014,16,0,0
2,6164,1,30,9,2014,13,0,0
7,2547,1,7,9,2003,9,0,0
2,13705,9,29,4,2003,8,0,0
5,2821,2,9,1,2015,4,39,0
5,7850,3,1,5,2009,0,1,0
5,16370,9,28,5,2004,7,51,0
2,141,6,2,9,2014,4,40,0
6,282,6,15,11,2014,13,0,0
2,1057,8,21,3,2006,16,7,0
5,1982,3,22,10,2010,8,30,0
2,5794,9,21,1,2014,9,0,0
5,1135,4,6,2,2015,7,15,0
4,1054,3,28,12,2006,9,42,0
1,1485,5,27,5,2013,17,40,0
1,986,5,27,5,2013,20,4,0
6,13102,6,31,12,2011,17,0,0
4,2041,10,7,4,2011,17,0,0
4,2954,8,13,11,2008,19,0,0
6,3477,5,19,9,2009,15,25,0
7,10907,5,4,6,2006,4,28,0
6,2482,6,18,4,2015,15,0,0
2,2027,2,28,4,2015,0,45,0
2,138,10,18,10,2005,14,30,0
5,2125,5,29,1,2010,19,0,0
1,6761,7,9,7,2012,18,51,0
4,277,10,27,12,2007,14,20,0
7,5211,3,31,7,2011,15,30,0
1,9183,8,13,10,2003,12,0,0
1,2161,5,12,7,2010,18,50,0
2,6224,8,2,9,2003,15,0,0
6,10006,6,18,10,2014,22,0,0
6,17788,9,10,7,2004,17,0,0
1,927,1,23,7,2007,12,0,0
3,13822,3,19,2,2003,2,0,0
1,166,10,2,9,2013,18,30,0
3,579,1,9,8,2006,6,30,0
3,6646,8,12,11,2003,16,15,0
6,2855,1,31,12,2005,22,0,0
6,83,2,6,10,2007,18,36,0
2,4797,8,22,7,2003,21,0,0
5,310,8,31,10,2003,6,0,0
5,801,9,27,7,2007,17,0,0
6,6832,3,4,6,2005,9,0,0
6,2016,6,11,9,2010,17,0,0
3,6464,9,25,8,2010,22,55,0
1,3126,1,13,10,2008,21,0,0
3,13295,6,5,3,2008,12,30,0
4,1216,4,2,5,2013,11,30,0
6,1331,4,24,4,2010,8,0,0
2,925,2,15,9,2009,21,30,0
6,12552,6,16,1,2010,13,19,0
1,12655,5,10,12,2007,20,35,0
3,182,4,21,1,2009,8,51,0
4,2271,10,7,4,2005,10,0,0
1,3232,7,5,3,2007,17,30,0
5,9970,4,10,1,2003,15,15,0
3,9787,3,6,9,2006,17,40,0
1,1622,5,5,9,2005,21,5,0
7,18092,4,22,10,2006,18,0,0
4,8793,8,23,9,2010,23,0,0
6,5670,1,26,7,2014,6,20,0
4,4880,2,5,2,2009,10,5,0
4,125,2,1,5,2014,15,24,0
2,4930,1,22,3,2005,16,0,0
2,20193,8,20,1,2004,5,50,0
2,908,10,30,9,2008,19,26,0
5,1116,2,27,1,2012,0,30,0
3,12735,8,28,5,2008,17,0,0
7,5483,10,23,9,2012,18,30,0
2,803,6,3,8,2004,0,1,0
3,1091,10,28,4,2004,18,33,0
7,7621,5,4,5,2008,22,0,0
5,10633,5,27,7,2007,12,0,0
6,1492,4,24,1,2009,22,53,0
7,5451,5,24,4,2005,8,5,0
2,125,2,21,2,2012,20,30,0
1,146,10,27,12,2010,19,0,0
6,17219,8,24,3,2012,17,30,0
5,1054,3,23,3,2012,17,0,0
1,4558,2,19,3,2012,3,30,0
7,6640,1,8,10,2006,18,15,0
7,3098,5,17,10,2004,16,0,0
4,303,8,2,10,2014,13,0,0
6,11661,1,21,9,2013,3,5,0
7,2855,1,8,3,2009,12,20,0
6,9023,8,11,8,2012,19,15,0
5,326,2,21,5,2010,10,30,0
5,1151,4,8,4,2011,22,0,0
4,254,5,8,7,2004,19,30,0
1,157,5,21,1,2008,15,20,0
1,9784,8,31,3,2003,20,30,0
7,501,4,7,10,2007,16,50,0
7,647,5,8,3,2015,12,30,0
6,1153,4,14,6,2014,18,30,0
7,64,4,9,3,2008,17,30,0
4,4960,7,5,4,2007,16,0,0
1,242,10,3,2,2003,19,0,0
6,5732,9,26,1,2008,20,47,0
5,981,2,16,5,2008,0,30,0
7,15917,1,29,7,2012,1,34,0
3,1075,4,20,9,2006,16,29,0
2,801,9,3,4,2012,9,0,0
3,821,10,2,9,2009,16,30,0
2,895,2,23,7,2013,1,29,0
2,720,5,1,4,2008,18,20,0
3,5195,2,21,9,2005,17,0,0
7,6695,1,22,3,2009,2,0,0
5,215,4,4,9,2009,19,40,0
5,7572,6,20,4,2007,16,22,0
3,421,1,29,4,2015,19,0,0
7,3860,3,30,1,2005,8,0,0
5,17503,8,20,5,2005,16,0,0
7,6717,1,1,1,2012,2,0,0
2,784,2,4,8,2009,20,0,0
5,6669,1,9,1,2009,16,40,0
3,12240,8,28,11,2012,23,0,0
2,4122,1,7,8,2007,16,0,0
1,5545,5,31,3,2014,21,30,0
5,1432,3,2,12,2011,16,30,0
4,102,10,25,12,2008,17,14,0
4,7400,5,23,8,2007,23,0,0
4,1525,4,10,8,2006,16,45,0
1,4355,4,7,3,2005,17,22,0
7,1220,10,14,1,2007,1,1,0
6,125,2,1,11,2003,1,40,0
4,178,2,16,10,2014,15,20,0
4,1446,6,30,4,2015,23,0,0
7,4391,3,11,8,2013,12,0,0
6,9105,5,1,11,2014,19,20,0
1,1677,2,1,10,2012,9,0,0
1,12111,10,27,4,2009,3,0,0
7,15531,9,1,8,2010,0,1,0
6,430,1,24,1,2009,18,30,0
4,511,4,19,2,2009,20,55,0
5,8223,2,21,4,2006,8,15,0
7,5932,5,17,12,2006,14,16,0
1,9332,7,12,12,2005,22,0,0
4,6079,4,23,8,2007,8,45,0
7,777,3,15,6,2008,12,57,0
3,1066,10,8,7,2009,9,30,0
3,7232,5,22,2,2006,18,0,0
1,232,4,16,5,2011,21,30,0
4,598,6,9,1,2014,18,40,0
2,125,2,3,2,2004,20,30,0
3,5483,10,30,9,2009,7,55,0
7,10885,4,1,7,2007,8,35,0
3,1943,2,29,9,2004,17,20,0
5,157,10,11,7,2014,15,20,0
4,2811,1,8,1,2009,10,19,0
2,6003,6,26,10,2004,22,30,0
1,990,1,24,11,2008,21,45,0
3,2236,4,1,12,2010,8,30,0
5,355,2,4,10,2013,15,0,0
3,1744,6,12,1,2005,16,0,0
2,17323,6,28,6,2005,2,0,0
6,3337,4,9,9,2006,23,20,0
2,1393,10,8,7,2008,10,54,0
6,983,2,28,6,2008,1,37,0
2,8695,1,20,9,2011,0,1,0
7,1334,3,18,4,2004,14,30,0
7,15231,9,19,10,2003,19,35,0
1,4886,6,9,7,2012,17,30,0
5,4257,5,25,2,2005,0,40,0
3,5491,3,28,12,2005,0,5,0
2,581,9,8,3,2011,9,40,0
6,13557,3,30,7,2005,18,0,0
4,11203,4,7,4,2011,12,0,0
1,125,2,15,3,2004,17,0,0
4,957,2,11,12,2003,15,50,0
1,5201,8,4,3,2013,14,40,0
2,346,1,6,3,2007,0,1,0
4,3762,1,15,4,2004,8,0,0
6,1958,3,10,3,2012,12,0,0
1,3255,5,2,3,2009,22,0,0
6,468,2,24,8,2013,23,0,0
5,4415,5,6,10,2006,7,54,0
3,1075,4,1,5,2013,12,0,0
7,779,2,21,10,2007,1,0,0
2,4645,5,2,11,2010,22,46,0
6,8122,5,1,7,2006,18,0,0
5,14853,8,30,5,2003,19,0,0
2,9050,5,11,5,2004,8,0,0
4,1557,9,4,11,2010,9,20,0
4,887,7,20,9,2012,0,20,0
6,4909,1,4,10,2014,22,48,0
5,501,4,22,9,2006,14,0,0
6,1790,1,28,1,2012,18,30,0
4,8185,4,6,3,2003,1,33,0
4,2177,3,22,1,2009,16,0,0
5,7355,8,7,9,2012,23,29,0
5,1157,2,9,9,2011,21,30,0
5,1918,1,15,11,2013,11,40,0
1,3725,10,10,12,2007,3,0,0
7,2340,3,20,5,2012,0,1,0
7,22115,3,4,5,2003,23,59,0
6,1052,4,2,5,2015,13,30,0
5,14885,5,15,5,2009,21,28,0
5,2346,2,29,7,2005,23,35,0
2,39,3,7,3,2006,10,0,0
5,3699,1,3,4,2015,15,30,0
5,211,5,3,6,2005,13,0,0
2,5622,3,7,2,2006,14,29,0
3,1606,2,30,4,2003,13,30,0
2,177,10,7,2,2006,23,0,0
4,6196,7,16,12,2010,5,35,0
2,2341,5,18,2,2014,20,30,0
3,14112,9,22,1,2014,9,0,0
1,435,10,18,8,2008,23,36,0
2,1991,10,19,10,2010,13,25,0
6,547,2,3,10,2009,2,0,0
5,3725,10,10,8,2007,16,57,0
3,3553,6,1,10,2003,12,0,0
6,2428,5,7,2,2004,4,50,0
7,15992,8,19,5,2013,13,39,0
3,595,7,28,7,2010,11,40,0
3,4086,1,1,10,2008,16,0,0
1,979,4,25,7,2011,0,10,0
5,907,6,14,11,2014,14,1,0
1,125,2,15,3,2004,8,0,0
1,2409,2,17,9,2007,1,40,0
5,2144,5,2,7,2010,1,5,0
2,8935,4,14,5,2013,14,30,0
3,2434,6,18,2,2015,17,31,0
5,361,2,22,4,2005,22,58,0
7,9782,5,28,8,2005,23,40,0
2,6146,6,3,5,2005,9,0,0
1,1255,6,3,2,2014,18,11,0
2,6040,9,11,11,2014,12,40,0
2,7247,3,26,7,2005,16,20,0
3,6799,5,16,6,2010,9,30,0
3,376,2,12,11,2008,18,25,0
5,21785,10,4,4,2003,13,13,0
5,2339,7,9,9,2011,10,20,0
4,3180,10,29,6,2006,20,47,0
7,1580,10,8,3,2009,0,1,0
2,83,2,23,3,2010,0,20,0
6,1310,5,18,5,2013,14,20,0
3,14239,8,3,10,2007,21,0,0
6,4093,2,9,9,2006,17,0,0
6,1804,5,28,7,2007,15,8,0
2,13149,8,31,10,2006,2,35,0
4,4841,9,8,1,2004,7,30,0
7,7049,5,19,10,2003,1,50,0
3,3604,4,21,1,2009,1,0,0
2,3986,4,6,7,2004,18,10,0
6,3509,1,13,8,2005,21,0,0
5,3530,5,23,1,2009,13,50,0
7,13273,9,12,8,2007,1,33,0
7,3857,5,13,6,2004,14,0,0
3,9604,5,28,4,2004,22,30,0
1,9796,5,27,10,2014,21,30,0
3,125,2,2,6,2010,15,10,0
7,6281,5,5,10,2003,13,0,0
2,2314,1,9,12,2014,12,0,0
3,16542,8,1,12,2010,14,0,0
1,4140,10,14,5,2007,12,25,0
6,125,2,30,6,2012,2,5,0
6,13611,3,24,3,2007,19,37,0
1,125,2,29,9,2008,0,1,0
6,8988,4,2,7,2005,1,30,0
3,2321,3,22,9,2010,12,30,0
7,12305,7,2,11,2003,22,0,0
2,158,2,8,2,2011,4,7,0
3,514,5,20,10,2010,19,1,0
5,3070,5,22,8,2008,21,39,0
5,1160,1,4,4,2014,17,15,0
4,4676,4,16,11,2006,11,0,0
5,9825,2,9,9,2005,17,13,0
4,216,6,6,3,2003,17,30,0
6,5971,4,10,3,2012,2,0,0
5,1042,3,23,9,2011,15,0,0
3,9154,7,20,4,2011,22,30,0
4,27,5,26,1,2012,21,56,0
4,2839,4,22,3,2007,17,0,0
6,10265,8,17,12,2005,12,37,0
2,3414,10,3,8,2004,18,45,0
2,8743,3,27,5,2008,20,0,0
1,7702,5,10,11,2014,12,0,0
2,7535,4,9,6,2009,11,0,0
7,978,1,9,5,2010,1,0,0
6,442,2,15,1,2011,4,0,0
1,9315,3,26,5,2003,20,15,0
6,7395,4,21,4,2012,12,37,0
5,1893,6,29,10,2004,18,0,0
5,16980,8,10,12,2004,10,23,0
3,3131,10,25,1,2006,20,0,0
4,283,10,16,10,2014,17,45,0
3,20616,9,20,2,2008,19,30,0
6,157,5,16,11,2013,20,11,0
2,6771,1,23,2,2010,14,25,0
7,169,8,10,3,2013,21,30,0
5,1214,10,8,2,2008,7,12,0
2,22017,5,6,7,2004,9,15,0
6,7632,7,25,8,2007,11,0,0
6,14816,4,8,2,2003,20,0,0
1,18079,9,8,8,2005,22,40,0
2,11008,6,23,2,2010,7,55,0
6,3463,5,4,4,2015,22,50,0
7,8209,8,20,4,2008,21,0,0
4,232,4,23,8,2012,17,50,0
7,6453,7,1,1,2012,12,10,0
2,548,10,18,8,2009,18,0,0
2,146,10,26,5,2009,17,25,0
2,4609,9,2,9,2003,18,0,0
5,5290,7,23,1,2015,21,0,0
2,4639,7,16,4,2013,16,0,0
3,2209,4,23,7,2003,9,51,0
7,6796,5,23,10,2005,19,0,0
3,11649,6,12,12,2012,9,5,0
6,139,2,13,11,2004,16,0,0
3,3007,8,5,2,2014,11,0,0
2,27,5,17,4,2007,15,20,0
7,1221,2,29,7,2007,18,0,0
5,7766,4,1,6,2012,16,15,0
5,549,4,10,8,2012,12,30,0
3,213,4,1,4,2009,2,12,0
2,2838,2,3,9,2013,17,15,0
3,3983,7,22,2,2012,15,28,0
3,5454,8,12,6,2013,12,0,0
5,4785,1,20,9,2013,23,0,0
4,51,2,17,4,2008,0,41,0
3,19592,7,5,4,2006,11,45,0
3,1433,10,27,1,2010,12,26,0
7,125,2,14,8,2005,16,0,0
4,1809,10,29,5,2008,21,0,0
6,2490,3,15,11,2008,9,30,0
5,10577,4,3,6,2005,17,0,0
4,744,10,11,2,2010,6,40,0
1,125,2,18,9,2006,0,30,0
6,102,10,22,2,2014,7,55,0
4,8641,5,18,10,2007,15,0,0
2,5146,8,11,12,2012,22,0,0
5,125,2,17,6,2005,14,30,0
3,875,3,1,4,2015,11,30,0
4,3986,4,18,9,2003,18,0,0
4,2856,8,6,2,2003,13,0,0
5,528,10,2,5,2003,11,0,0
5,1399,10,30,5,2003,8,59,0
6,829,1,5,5,2007,23,0,0
7,983,2,15,8,2010,0,1,0
2,11734,5,1,5,2007,12,0,0
4,14690,8,14,10,2004,12,37,0
5,12953,7,27,1,2012,17,35,0
2,5802,5,29,9,2009,12,0,0
3,7044,10,16,11,2005,11,20,0
6,4186,1,13,12,2014,22,16,0
1,6184,3,10,1,2011,16,35,0
1,554,10,5,8,2013,1,50,0
6,4888,3,23,2,2008,0,30,0
1,211,5,27,4,2015,18,0,0
1,9025,5,2,8,2004,3,45,0
5,7433,3,12,12,2014,10,0,0
7,125,2,8,10,2006,2,0,0
2,126,8,13,12,2011,18,40,0
2,1071,5,1,9,2009,22,30,0
5,2386,2,24,12,2004,3,40,0
2,7128,4,10,6,2014,7,50,0
4,421,1,1,10,2009,17,0,0
4,1119,2,2,9,2004,12,0,0
5,2472,8,12,2,2010,15,39,0
2,4376,8,11,7,2006,18,30,0
5,8418,4,14,11,2008,13,20,0
6,2856,8,3,12,2011,7,0,0
6,2046,2,30,11,2013,13,45,0
2,2490,3,13,7,2010,21,40,0
4,9914,3,2,10,2003,18,10,0
1,5208,1,4,10,2010,16,0,0
3,18542,4,9,7,2008,12,15,0
4,11579,4,11,3,2010,13,30,0
4,4624,9,21,4,2011,11,44,0
1,324,1,6,8,2007,20,45,0
5,1052,4,18,4,2003,17,14,0
3,11070,5,15,9,2004,18,0,0
2,3629,4,24,8,2010,14,40,0
4,5107,10,1,6,2006,17,50,0
3,13023,5,20,9,2006,0,1,0
2,7663,8,21,8,2007,16,30,0
7,4306,5,18,5,2003,22,30,0
6,4645,5,3,12,2005,22,0,0
4,7040,8,6,2,2014,23,39,0
3,3688,10,6,9,2006,17,30,0
5,1898,6,8,10,2010,8,10,0
2,7753,3,26,1,2010,6,0,0
6,13359,3,11,8,2007,17,0,0
5,250,4,6,9,2013,22,0,0
2,111,10,8,7,2014,17,3,0
4,22,10,20,9,2012,3,30,0
1,125,2,23,7,2012,6,39,0
3,13731,1,23,8,2006,13,30,0
7,1611,3,23,4,2006,10,30,0
1,6630,9,25,11,2013,0,1,0
3,2392,3,7,1,2009,13,50,0
5,1615,2,24,9,2010,19,4,0
1,77,10,7,12,2009,3,55,0
1,213,4,12,10,2009,8,8,0
5,1297,1,11,2,2005,1,27,0
3,2270,1,8,7,2009,0,50,0
7,4093,2,23,9,2012,14,30,0
1,2341,5,12,11,2012,18,0,0
1,4024,8,7,7,2014,22,0,0
6,2144,10,1,11,2008,5,30,0
1,3477,5,27,12,2010,1,25,0
5,6777,7,31,12,2010,3,23,0
5,1829,10,7,8,2009,0,13,0
6,594,8,8,2,2003,12,0,0
5,3329,10,2,6,2006,22,5,0
1,1592,1,30,3,2015,17,40,0
2,1044,4,9,12,2014,18,51,0
1,242,10,4,4,2005,14,30,0
1,7573,3,29,10,2007,18,56,0
3,4672,5,7,2,2007,13,25,0
4,13357,9,24,7,2003,12,25,0
4,5453,1,25,7,2013,16,0,0
7,3131,10,22,5,2011,10,53,0
7,1958,3,25,3,2007,19,30,0
7,114,8,25,3,2012,14,50,0
6,12332,9,26,7,2008,12,0,0
6,608,2,26,1,2013,17,0,0
2,255,10,6,2,2007,13,15,0
4,5107,10,6,5,2010,23,11,0
5,208,1,10,12,2004,16,31,0
3,872,2,14,11,2012,16,40,0
1,737,5,7,7,2003,22,0,0
5,11019,4,8,4,2005,17,35,0
3,4998,4,19,8,2009,13,10,0
7,6184,3,15,11,2009,12,57,0
3,8544,5,5,9,2007,11,0,0
5,3964,7,12,8,2005,0,15,0
1,1220,10,3,9,2007,4,0,0
3,4692,3,20,8,2003,3,7,0
1,3253,7,26,11,2007,21,35,0
3,10155,8,17,11,2010,9,30,0
5,263,1,14,6,2013,15,4,0
6,165,9,21,3,2015,9,23,0
5,303,8,13,6,2003,10,44,0
7,4848,3,1,1,2006,19,33,0
3,1405,10,30,10,2013,8,40,0
6,2406,4,18,4,2015,23,5,0
6,1606,2,20,5,2006,11,39,0
4,2486,5,5,5,2011,12,0,0
7,15120,2,18,10,2009,17,7,0
7,9276,3,17,11,2013,1,52,0
1,10892,8,24,12,2012,17,45,0
5,7781,9,25,7,2003,4,15,0
3,6289,3,19,3,2014,22,50,0
4,4377,1,12,6,2003,19,45,0
1,11283,5,1,9,2003,12,30,0
2,1730,10,1,4,2003,13,30,0
6,1073,5,13,2,2010,17,5,0
5,872,2,3,4,2015,13,33,0
6,11312,1,15,11,2003,15,0,0
5,2869,10,4,10,2013,20,53,0
2,133,3,18,2,2003,15,9,0
5,9291,9,9,4,2010,14,0,0
4,5906,3,3,4,2008,21,45,0
1,832,4,5,1,2009,4,50,0
4,1991,10,28,11,2013,23,5,0
3,6474,5,5,8,2009,23,30,0
1,2945,3,19,7,2004,13,0,0
5,3991,8,10,9,2010,16,0,0
5,11707,5,18,5,2007,18,0,0
4,7617,7,6,9,2012,15,55,0
6,939,5,3,10,2009,0,14,0
7,2049,5,29,6,2003,11,0,0
6,13275,9,18,10,2008,3,46,0
5,2420,8,23,1,2009,20,50,0
5,9742,4,20,10,2006,17,50,0
5,4530,9,29,10,2004,12,0,0
5,2682,6,4,4,2014,12,30,0
7,2431,8,27,8,2006,2,0,0
5,309,2,8,4,2011,0,15,0
5,11182,5,20,5,2005,22,17,0
3,1301,1,26,11,2003,18,0,0
1,3271,8,13,4,2015,12,0,0
6,12727,5,16,1,2010,1,7,0
2,126,8,10,6,2014,16,24,0
6,5493,2,28,1,2012,23,30,0
7,2743,1,24,8,2003,13,0,0
1,7503,5,15,10,2007,22,30,0
6,2490,3,9,2,2013,21,20,0
3,7757,4,26,7,2006,22,31,0
6,1772,2,21,3,2009,2,37,0
2,4426,2,25,11,2014,8,0,0
3,3699,1,10,2,2010,11,0,0
2,7034,6,31,8,2004,3,45,0
6,912,10,2,5,2009,19,26,0
5,8943,1,22,2,2008,21,8,0
5,9702,7,1,11,2013,0,29,0
1,8201,9,2,4,2012,3,0,0
5,6189,3,29,5,2009,23,0,0
2,15110,9,1,11,2005,21,46,0
3,125,2,22,9,2010,0,1,0
4,2811,1,15,10,2009,19,0,0
5,3109,4,10,1,2003,22,30,0
7,10487,1,27,2,2005,8,30,0
7,4948,8,29,8,2010,21,0,0
6,21883,5,12,7,2003,12,0,0
4,3777,9,14,6,2012,10,50,0
1,999,1,27,5,2013,2,10,0
6,125,2,21,10,2006,9,40,0
7,9240,8,20,5,2012,22,0,0
6,713,4,21,2,2009,0,15,0
2,2386,2,29,4,2014,17,46,0
2,6691,6,11,7,2006,9,30,0
1,15081,8,30,9,2013,11,0,0
4,7364,7,22,1,2015,20,0,0
6,2289,1,21,3,2015,20,27,0
6,427,2,20,10,2007,10,0,0
5,2385,4,22,4,2005,9,7,0
2,4478,4,22,3,2005,11,30,0
2,3318,9,25,5,2004,21,30,0
2,4896,6,10,1,2012,9,45,0
7,7783,4,5,6,2011,6,30,0
5,359,10,28,11,2008,6,10,0
6,3635,1,9,10,2010,13,50,0
3,125,2,19,5,2010,10,29,0
7,4801,5,9,10,2011,8,0,0
1,8009,9,8,12,2008,15,0,0
1,9664,9,8,3,2010,18,0,0
6,7633,3,26,1,2013,22,0,0
6,1841,8,8,10,2011,22,0,0
3,7775,3,14,10,2009,19,53,0
2,2948,4,16,9,2014,6,0,0
1,3891,7,9,7,2012,12,56,0
7,211,5,13,6,2004,23,13,0
4,336,1,5,9,2013,19,30,0
7,468,2,12,12,2004,10,10,0
6,3460,3,4,4,2015,23,0,0
2,2270,1,20,3,2007,15,45,0
4,5551,8,20,8,2009,20,0,0
7,16146,8,9,4,2006,3,49,0
4,5085,8,15,7,2010,16,28,0
7,3951,7,5,4,2009,11,0,0
6,1291,1,21,8,2004,8,45,0
4,5262,10,27,1,2011,8,30,0
2,2265,4,6,7,2004,12,45,0
1,1091,10,11,6,2012,23,9,0
2,15747,3,17,5,2005,19,32,0
4,2377,1,13,11,2014,14,10,0
5,350,6,7,2,2003,18,0,0
6,13342,4,5,11,2005,16,30,0
4,9361,5,29,12,2011,19,45,0
7,653,10,25,8,2013,18,0,0
2,1789,4,30,9,2014,19,45,0
3,1654,8,13,5,2009,16,4,0
5,6505,4,24,2,2012,22,0,0
5,4498,5,16,5,2003,21,0,0
5,3300,4,23,3,2012,16,18,0
3,270,2,29,10,2003,2,35,0
4,6395,3,13,5,2004,14,0,0
2,8824,4,17,2,2009,8,30,0
1,851,3,21,2,2011,16,30,0
7,643,4,22,4,2012,22,54,0
3,11586,6,6,8,2014,9,37,0
5,11835,9,12,8,2011,23,30,0
5,1300,6,24,7,2009,8,45,0
1,20591,9,5,3,2007,21,0,0
1,2274,7,4,2,2013,18,50,0
5,10737,9,9,7,2004,0,30,0
1,125,2,20,9,2010,7,30,0
7,538,8,31,5,2009,18,30,0
7,1164,1,14,7,2013,21,49,0
3,216,6,14,5,2014,3,34,0
2,937,1,25,1,2011,23,30,0
5,8680,4,6,9,2013,13,46,0
5,7205,8,9,9,2005,16,0,0
3,947,2,16,4,2014,10,0,0
4,2682,6,9,8,2007,15,55,0
2,1129,4,10,6,2014,19,30,0
6,4454,4,24,8,2013,19,4,0
4,3395,8,23,3,2006,11,36,0
5,4623,2,21,10,2005,12,52,0
3,3428,3,25,1,2006,13,20,0
6,617,9,29,6,2013,7,47,0
6,4030,1,27,8,2005,11,0,0
3,272,8,2,11,2011,14,55,0
5,1039,5,19,10,2012,19,50,0
1,14851,9,11,12,2006,9,0,0
2,2662,2,8,2,2005,19,0,0
2,5531,9,1,11,2011,1,0,0
6,5744,8,8,8,2009,17,49,0
6,7181,3,24,8,2013,17,36,0
7,1465,7,21,10,2007,3,15,0
6,228,5,28,7,2007,0,1,0
4,1091,10,16,10,2003,20,5,0
6,1108,4,7,9,2013,22,30,0
2,125,2,29,6,2010,19,30,0
1,2126,4,7,7,2003,0,1,0
5,22001,8,17,9,2004,23,0,0
6,745,1,3,5,2003,22,30,0
4,5802,5,28,7,2005,8,20,0
3,504,4,19,3,2008,19,29,0
1,2024,1,2,2,2009,16,20,0
6,3197,1,27,8,2005,19,0,0
5,15888,8,21,10,2005,11,0,0
7,2539,8,23,2,2014,16,46,0
7,16722,3,22,2,2009,9,0,0
1,7485,5,7,2,2011,19,16,0
5,8177,6,4,4,2014,8,0,0
6,5596,5,9,2,2008,18,26,0
5,2225,5,23,3,2007,20,45,0
5,1070,2,29,6,2012,8,40,0
3,654,1,5,2,2014,17,15,0
3,9040,4,21,2,2007,22,22,0
5,13900,8,25,8,2006,8,57,0
3,6444,8,23,6,2004,19,0,0
1,1954,10,26,5,2003,21,37,0
4,20632,9,7,2,2008,18,0,0
5,826,4,22,8,2003,7,0,0
6,15554,3,23,8,2008,14,0,0
5,4951,6,12,3,2010,10,5,0
1,1729,5,30,10,2006,15,24,0
1,435,10,10,1,2005,4,15,0
1,270,2,23,6,2008,20,45,0
3,92,1,25,12,2013,21,30,0
3,13854,3,20,10,2010,9,15,0
5,7617,7,11,7,2003,17,0,0
3,3825,1,20,4,2011,11,30,0
4,3921,1,4,9,2014,22,2,0
3,2170,5,18,8,2004,18,32,0
4,10602,1,18,3,2004,9,55,0
1,125,2,8,12,2008,16,8,0
3,4982,9,14,5,2003,19,15,0
5,14130,3,10,8,2007,0,1,0
6,6478,9,19,4,2008,18,35,0
7,2037,5,2,7,2006,9,45,0
1,7060,3,11,6,2007,13,0,0
4,1943,2,20,9,2007,18,0,0
6,957,2,4,4,2009,9,30,0
6,7779,2,29,11,2003,23,45,0
7,2265,4,26,8,2012,14,0,0
2,2534,4,4,2,2003,18,10,0
7,8132,6,28,12,2014,17,0,0
5,4050,8,21,3,2014,7,30,0
1,125,2,24,7,2006,22,0,0
1,3604,4,23,12,2013,1,53,0
7,4741,5,27,6,2004,10,0,0
5,501,4,12,1,2007,5,45,0
5,1260,5,12,7,2013,21,0,0
4,756,3,3,9,2009,16,7,0
7,551,5,20,11,2011,19,0,0
1,4531,4,29,4,2013,23,30,0
2,18779,7,13,7,2010,1,30,0
7,3461,2,20,9,2009,16,50,0
3,6299,9,16,4,2014,19,25,0
6,925,2,13,8,2005,18,0,0
2,7223,1,9,12,2008,16,0,0
3,6232,7,14,5,2003,9,30,0
1,3714,7,23,6,2014,1,28,0
3,552,4,18,3,2015,21,0,0
3,10436,9,19,2,2014,7,19,0
2,5444,10,20,1,2009,13,5,0
3,6420,2,15,10,2003,13,11,0
7,125,2,1,6,2003,0,1,0
7,559,6,13,1,2008,20,25,0
5,197,7,1,12,2006,19,45,0
2,3550,4,30,3,2004,22,48,0
7,3344,8,26,2,2012,15,56,0
6,2861,5,7,2,2015,9,0,0
2,17451,2,8,2,2005,21,0,0
6,8458,9,5,6,2010,21,30,0
6,359,10,24,8,2013,19,30,0
2,1955,9,18,3,2008,16,50,0
7,7039,1,24,8,2008,0,35,0
5,610,2,5,9,2008,8,48,0
5,912,10,14,12,2012,8,0,0
7,643,4,28,7,2013,1,40,0
1,18933,3,16,3,2009,15,0,0
4,4258,6,15,12,2005,5,0,0
4,4990,5,23,12,2004,10,0,0
1,12859,8,13,5,2013,12,0,0
4,2271,10,12,12,2013,11,57,0
4,125,2,1,11,2007,16,15,0
4,3517,5,2,10,2014,5,25,0
1,16330,9,18,3,2013,15,0,0
5,22062,1,3,9,2004,7,0,0
5,3627,5,3,4,2015,21,44,0
1,213,4,19,4,2010,9,45,0
2,908,10,26,7,2011,20,0,0
4,348,10,9,8,2007,12,30,0
4,3637,9,4,10,2007,8,0,0
4,17901,8,23,9,2010,21,15,0
6,5591,5,16,6,2012,9,30,0
6,9573,6,23,9,2006,20,30,0
3,7331,2,25,7,2007,13,0,0
1,2436,5,31,10,2005,14,0,0
2,3371,5,17,4,2007,17,51,0
7,979,4,30,6,2013,9,30,0
2,506,8,20,8,2013,19,5,0
4,15784,7,16,4,2009,20,30,0
5,2121,9,3,10,2008,22,55,0
2,5615,3,29,5,2012,17,30,0
4,601,9,25,8,2005,10,10,0
4,13182,9,6,2,2003,0,15,0
7,125,2,5,10,2003,1,0,0
5,11976,4,15,5,2009,0,1,0
6,3722,1,30,6,2007,14,20,0
5,7745,4,7,5,2010,20,23,0
2,5544,4,20,9,2005,22,40,0
1,1121,10,26,5,2014,8,34,0
3,1219,2,15,4,2009,11,30,0
6,4927,2,2,5,2009,15,13,0
2,2539,8,19,3,2013,6,15,0
2,1662,4,1,11,2011,16,30,0
2,125,2,11,6,2013,15,41,0
7,1721,2,17,6,2012,3,30,0
6,1884,3,16,7,2005,14,0,0
5,3727,10,24,9,2010,1,50,0
2,821,10,19,3,2013,20,19,0
1,2862,10,12,11,2007,23,20,0
2,8343,8,11,1,2005,10,30,0
1,16715,7,20,9,2010,7,0,0
2,11166,7,15,4,2014,7,45,0
3,5430,4,16,4,2003,16,45,0
6,21781,2,8,3,2003,23,38,0
7,3720,9,16,11,2014,11,0,0
1,2035,10,22,12,2008,22,30,0
1,1076,5,26,5,2003,16,3,0
6,7843,7,13,12,2003,22,0,0
2,7064,4,28,6,2011,18,0,0
1,4085,8,8,11,2004,12,20,0
3,4668,1,20,4,2011,22,15,0
6,7662,5,2,7,2005,0,19,0
6,4838,8,1,1,2011,0,1,0
5,1760,10,20,10,2006,23,40,0
5,6517,5,28,5,2004,10,0,0
2,14168,5,14,9,2004,21,0,0
3,17574,3,21,3,2012,16,40,0
1,7076,8,5,1,2015,0,1,0
5,9095,7,23,8,2013,0,21,0
1,3463,5,26,6,2006,21,0,0
1,19311,2,11,10,2004,5,30,0
1,7697,2,26,12,2005,22,0,0
3,2314,1,13,7,2011,15,4,0
2,17276,9,30,10,2007,10,0,0
1,495,7,9,6,2008,10,0,0
6,10166,3,23,4,2005,11,20,0
4,2409,2,7,8,2008,12,35,0
2,2118,5,18,3,2008,7,45,0
6,1429,10,19,9,2009,21,42,0
1,2768,8,1,9,2008,0,45,0
6,2261,4,3,4,2004,8,5,0
7,1864,5,25,1,2004,16,0,0
6,6417,5,1,7,2006,15,43,0
2,3351,4,18,3,2014,23,15,0
4,21763,7,5,2,2004,14,0,0
7,15479,8,20,6,2010,20,45,0
7,13643,8,4,5,2008,7,0,0
5,7622,2,26,12,2008,19,0,0
5,1974,1,19,4,2013,13,54,0
5,5819,4,29,7,2011,1,40,0
6,3796,3,15,1,2005,14,0,0
5,554,10,25,7,2008,6,45,0
5,7478,3,1,7,2005,15,26,0
5,907,6,23,7,2004,8,40,0
2,232,4,17,10,2006,13,15,0
6,3396,10,17,5,2014,15,38,0
4,1416,2,10,7,2003,9,0,0
6,346,1,19,5,2007,11,9,0
6,323,9,27,11,2004,17,0,0
1,213,4,12,5,2003,18,40,0
6,5132,5,28,6,2003,13,55,0
5,11742,3,17,6,2005,1,0,0
2,7746,3,28,12,2010,0,1,0
2,538,8,5,8,2003,16,15,0
1,9400,5,31,3,2014,0,1,0
7,1220,10,15,1,2006,18,15,0
5,408,2,24,1,2003,16,35,0
5,1567,5,23,3,2012,19,15,0
4,11251,4,9,12,2004,20,0,0
2,2275,2,5,4,2005,1,30,0
5,6380,9,8,8,2003,8,30,0
5,3180,10,18,6,2010,23,38,0
6,11477,6,29,12,2007,20,45,0
1,2118,5,27,4,2015,16,53,0
2,1260,5,4,3,2003,11,21,0
1,10778,5,30,3,2009,23,0,0
3,5186,1,16,6,2010,9,8,0
3,3892,2,25,7,2007,10,20,0
5,8591,3,28,7,2006,17,46,0
1,501,4,30,5,2011,21,0,0
5,1496,5,16,11,2007,11,20,0
2,22217,1,2,3,2004,6,55,0
5,1172,4,3,10,2008,23,30,0
7,2515,9,1,8,2010,20,0,0
7,408,2,4,5,2014,16,0,0
1,2781,5,2,5,2011,16,32,0
2,3552,6,21,1,2014,21,0,0
2,407,5,4,10,2011,13,24,0
4,8229,3,23,1,2014,17,0,0
6,2911,10,25,8,2007,2,44,0
6,102,10,13,7,2013,3,48,0
7,3516,10,27,3,2005,12,20,0
3,3951,6,25,6,2014,23,30,0
2,3131,10,15,11,2011,5,42,0
6,15211,8,21,3,2009,19,0,0
7,8067,5,21,10,2007,4,9,0
7,125,2,3,12,2006,16,0,0
5,3735,2,13,7,2007,0,16,0
6,1351,8,5,10,2013,13,0,0
4,125,2,28,7,2011,12,50,0
2,4907,8,15,5,2007,23,30,0
3,5082,4,27,5,2009,10,45,0
6,1405,10,27,8,2005,10,0,0
4,4954,1,16,10,2008,11,45,0
5,2307,6,9,1,2015,17,0,0
5,3191,4,29,10,2004,23,0,0
7,1042,3,10,9,2006,2,20,0
4,1439,6,6,4,2006,11,30,0
4,8503,8,13,5,2004,7,45,0
6,1136,4,2,5,2015,15,43,0
6,2439,2,7,4,2007,21,15,0
1,1656,4,15,11,2010,2,30,0
5,3875,2,1,12,2006,18,56,0
6,2265,4,20,4,2013,17,30,0
2,893,10,19,9,2006,9,5,0
4,13704,7,15,4,2004,14,25,0
1,3626,5,10,7,2006,6,51,0
3,230,1,30,11,2011,17,45,0
1,1593,2,31,5,2010,7,15,0
4,468,2,6,3,2014,11,25,0
2,9416,6,15,9,2009,17,15,0
2,907,6,15,4,2008,18,30,0
7,28,4,21,10,2012,7,37,0
4,11016,8,4,9,2014,22,10,0
6,10929,9,6,9,2014,21,32,0
6,7503,5,24,1,2004,7,22,0
7,9300,2,4,5,2008,15,20,0
2,10435,6,19,4,2011,12,0,0
5,501,4,4,9,2009,19,0,0
6,784,2,17,5,2014,21,0,0
2,5,8,1,10,2013,19,30,0
3,138,10,15,5,2013,14,45,0
1,10959,1,31,3,2014,16,0,0
4,19050,8,26,11,2009,22,0,0
7,223,10,28,6,2009,12,25,0
6,3238,3,25,1,2003,20,19,0
2,125,2,16,4,2013,17,9,0
7,2156,2,12,1,2003,11,2,0
6,4880,2,28,7,2007,20,45,0
3,16607,9,4,8,2004,20,35,0
3,1191,10,28,12,2011,20,25,0
4,1224,1,9,12,2004,8,30,0
6,4614,3,17,10,2009,15,23,0
2,2909,2,16,3,2004,14,0,0
6,4358,9,11,8,2012,11,0,0
1,5986,3,9,11,2009,18,5,0
2,3068,5,10,1,2006,18,0,0
7,1121,10,16,11,2008,4,48,0
5,358,6,23,4,2010,19,40,0
2,2387,2,17,10,2006,23,30,0
3,408,2,30,11,2005,9,0,0
3,7621,5,4,2,2009,8,0,0
2,2140,2,17,5,2011,18,40,0
4,4468,8,7,2,2008,19,39,0
5,1245,10,21,3,2008,15,50,0
3,1297,1,11,12,2013,23,22,0
3,4535,1,4,2,2009,21,42,0
3,2067,4,23,3,2011,21,30,0
7,3567,6,20,11,2005,2,22,0
3,3191,4,13,7,2011,7,30,0
3,1771,5,1,4,2009,16,0,0
5,9902,8,11,12,2009,12,8,0
2,125,2,1,6,2010,9,45,0
7,125,2,22,3,2015,6,21,0
4,1375,2,23,1,2003,19,1,0
2,2144,10,16,5,2006,9,25,0
2,3395,8,31,3,2015,8,45,0
6,4559,4,26,7,2003,0,45,0
2,15971,8,20,1,2009,16,10,0
5,8544,5,20,5,2005,21,0,0
5,8999,4,28,11,2014,21,34,0
1,7670,4,6,2,2012,18,0,0
5,213,4,9,1,2004,21,44,0
3,831,4,16,6,2010,13,25,0
2,5653,5,29,9,2009,23,25,0
6,720,5,21,2,2004,17,0,0
5,501,4,2,12,2011,13,30,0
7,268,1,24,8,2014,13,30,0
7,16300,10,6,6,2010,12,0,0
4,125,2,21,2,2013,19,55,0
2,412,9,2,10,2007,20,0,0
6,737,5,6,9,2003,3,25,0
6,3965,3,6,3,2004,17,34,0
7,12367,8,8,5,2011,19,0,0
7,10213,4,25,9,2005,13,0,0
2,1174,1,14,9,2004,22,0,0
3,644,1,22,1,2003,7,57,0
6,7494,9,1,12,2012,19,10,0
7,3128,3,26,1,2003,18,4,0
5,3668,2,24,8,2007,1,45,0
4,7450,4,5,5,2011,15,38,0
6,2656,3,31,5,2008,23,40,0
6,5353,2,3,11,2012,0,1,0
7,11471,7,20,10,2013,10,0,0
4,714,2,1,5,2014,16,15,0
5,872,2,17,6,2005,16,44,0
6,8184,3,8,2,2014,4,38,0
6,408,2,10,1,2004,13,15,0
5,1030,2,20,2,2015,23,10,0
5,125,2,28,6,2013,16,30,0
3,1662,4,21,3,2012,23,37,0
6,956,10,21,10,2006,1,54,0
1,8943,1,17,3,2008,20,30,0
6,4969,6,24,1,2015,16,30,0
3,1786,8,5,10,2011,12,35,0
1,946,1,29,9,2014,20,0,0
6,607,4,15,11,2003,15,0,0
4,7769,8,5,8,2004,16,5,0
6,17809,6,1,1,2011,14,20,0
6,16441,7,23,2,2013,15,30,0
6,981,2,25,2,2012,1,0,0
7,100,2,7,10,2012,1,29,0
4,252,5,13,1,2005,10,0,0
4,357,4,10,1,2008,19,39,0
5,3180,10,7,3,2008,15,45,0
6,528,10,1,11,2008,9,0,0
7,13856,3,23,9,2007,12,0,0
5,194,3,20,4,2012,18,0,0
3,3545,5,25,7,2007,23,0,0
1,2244,7,16,10,2006,6,0,0
3,1075,4,9,7,2008,19,41,0
1,1894,6,6,12,2004,22,30,0
2,3275,2,13,7,2010,16,55,0
2,125,2,18,4,2006,22,17,0
6,13291,8,7,9,2013,14,30,0
5,12115,2,23,1,2009,7,41,0
2,125,2,15,9,2009,20,55,0
5,11025,6,3,10,2003,4,0,0
3,1379,1,30,9,2009,17,25,0
7,908,10,3,12,2006,18,12,0
7,6478,9,27,1,2008,13,56,0
1,220,4,11,6,2007,21,45,0
2,2297,5,24,7,2012,18,45,0
5,1291,1,22,4,2005,11,25,0
2,125,2,25,1,2011,0,5,0
1,1228,4,7,7,2008,18,18,0
3,1951,2,7,1,2009,18,9,0
2,280,3,13,11,2012,15,34,0
1,125,2,25,6,2007,19,30,0
4,736,4,11,2,2010,19,20,0
1,11022,5,4,9,2006,14,0,0
6,7274,2,26,7,2008,21,0,0
6,3034,5,15,6,2013,12,0,0
1,1225,1,8,8,2005,21,45,0
1,542,2,5,9,2005,21,43,0
7,8824,4,9,9,2012,13,56,0
2,4101,9,28,11,2006,13,0,0
3,6420,2,5,2,2003,8,47,0
3,323,9,10,2,2010,17,0,0
3,4152,5,8,2,2012,16,39,0
6,727,4,25,7,2009,15,3,0
4,12,5,16,11,2006,23,10,0
1,8516,7,2,2,2004,8,50,0
2,3226,6,24,6,2014,8,0,0
7,7310,5,2,12,2012,22,45,0
1,8050,3,18,9,2006,3,27,0
7,1656,4,16,1,2011,19,45,0
5,3197,1,30,6,2006,21,0,0
2,511,4,20,1,2015,14,45,0
3,1157,2,16,4,2003,20,15,0
3,13085,8,2,4,2014,2,0,0
2,1091,10,14,10,2008,11,45,0
7,2573,5,26,8,2012,21,30,0
4,5414,2,22,7,2004,23,48,0
3,9478,9,6,10,2010,20,45,0
1,1654,8,29,4,2013,3,20,0
4,5581,9,11,7,2013,12,20,0
3,4210,5,8,3,2006,8,30,0
7,204,1,15,11,2009,21,15,0
4,8632,1,15,5,2014,18,0,0
5,823,2,7,2,2003,4,0,0
6,5479,5,14,7,2007,20,0,0
2,125,2,20,4,2010,14,30,0
4,13850,3,11,12,2003,6,30,0
7,63,1,27,12,2009,15,0,0
5,8768,3,30,5,2014,15,36,0
7,1161,4,25,8,2013,13,0,0
4,22,10,27,12,2007,12,0,0
1,293,5,9,6,2003,0,21,0
7,1907,5,31,10,2004,9,19,0
6,8947,2,10,2,2007,17,15,0
6,9347,3,15,11,2014,3,20,0
7,842,1,27,12,2009,12,0,0
1,1153,4,24,11,2003,15,35,0
7,779,2,9,10,2011,19,30,0
4,3870,1,3,5,2007,20,39,0
1,17064,3,29,10,2012,12,27,0
2,166,10,15,6,2010,14,30,0
3,711,6,24,1,2007,0,37,0
5,2439,2,23,3,2012,19,0,0
3,7630,5,27,6,2012,11,14,0
5,4735,8,18,4,2008,15,15,0
5,6629,5,28,12,2007,19,27,0
3,7112,9,1,6,2005,12,0,0
2,772,10,10,6,2003,16,47,0
1,9995,9,26,10,2009,2,42,0
5,10182,6,2,5,2003,12,0,0
2,166,10,23,1,2007,12,55,0
7,2317,1,14,6,2009,14,30,0
2,126,8,16,9,2014,20,12,0
5,5169,2,29,12,2006,20,0,0
3,125,2,11,7,2012,14,40,0
7,518,10,11,1,2015,15,15,0
1,13419,9,12,4,2004,20,44,0
3,3577,6,18,2,2015,12,0,0
3,76,5,13,12,2006,8,0,0
5,2343,9,16,6,2006,13,16,0
2,3034,5,13,4,2004,2,30,0
1,9876,4,15,3,2004,1,30,0
3,125,2,21,8,2013,23,12,0
2,8421,8,10,7,2012,20,0,0
7,445,2,22,2,2004,19,34,0
6,10939,9,14,6,2008,17,20,0
4,2963,3,7,8,2003,0,4,0
4,504,4,27,1,2005,18,27,0
2,1567,5,6,3,2012,13,0,0
3,3728,4,15,10,2014,22,10,0
1,1012,4,8,3,2010,0,45,0
5,1117,4,20,2,2015,18,45,0
1,15432,9,19,8,2013,17,35,0
3,15021,3,11,6,2003,20,0,0
7,39,3,27,6,2004,19,30,0
7,15166,7,30,5,2004,18,30,0
1,8504,7,22,12,2014,3,0,0
2,9344,5,29,11,2011,18,0,0
5,501,4,14,11,2014,15,0,0
6,16288,9,13,8,2011,17,0,0
4,342,2,10,1,2008,23,59,0
1,2392,3,17,9,2012,1,20,0
5,363,2,18,5,2007,16,52,0
3,4833,1,14,6,2006,12,0,0
2,7438,3,20,7,2004,13,0,0
2,4623,2,4,3,2014,17,0,0
4,7953,5,20,2,2003,14,0,0
3,20400,9,30,11,2005,2,0,0
4,7258,6,24,1,2013,22,16,0
7,8824,4,28,3,2010,1,0,0
6,7766,4,11,2,2012,13,15,0
1,5275,4,24,11,2003,11,0,0
2,283,10,23,8,2005,10,30,0
6,2400,10,6,9,2008,20,30,0
1,4253,3,30,3,2015,14,24,0
3,287,9,18,4,2012,17,14,0
2,5864,8,5,8,2014,6,0,0
4,2046,2,16,4,2015,23,0,0
6,1662,4,22,3,2008,17,42,0
1,7079,4,24,6,2013,23,0,0
5,741,2,19,9,2003,17,0,0
7,6707,6,13,12,2009,9,45,0
6,5637,5,19,11,2011,21,0,0
1,27,5,13,10,2003,17,0,0
3,8982,3,8,3,2006,15,0,0
2,1399,10,11,1,2005,11,55,0
3,3010,1,19,9,2012,21,20,0
4,4927,2,22,9,2005,15,25,0
3,3931,6,28,5,2003,17,35,0
6,125,2,19,10,2013,20,47,0
5,21564,2,24,1,2003,22,0,0
1,125,2,11,5,2009,18,0,0
5,5773,4,20,3,2009,22,22,0
5,4187,3,6,4,2007,15,0,0
3,1347,8,30,6,2010,12,22,0
5,1666,6,23,7,2004,9,30,0
6,20618,7,23,4,2005,22,0,0
2,17035,3,7,1,2003,15,15,0
5,8533,2,18,11,2005,2,29,0
4,11756,3,3,4,2008,16,55,0
5,408,2,6,3,2015,14,50,0
3,447,3,4,3,2009,11,0,0
4,13061,7,18,3,2004,20,30,0
6,1091,10,4,10,2008,21,0,0
2,7191,8,19,4,2005,22,0,0
6,5226,5,9,8,2014,13,17,0
7,4093,2,2,12,2012,20,30,0
1,1351,8,15,11,2010,12,50,0
7,211,5,24,2,2013,17,20,0
6,2652,6,27,8,2011,4,0,0
3,7317,3,2,11,2005,12,54,0
5,125,2,7,9,2012,4,21,0
6,9928,7,17,11,2012,18,34,0
6,2598,2,25,3,2006,11,23,0
2,125,2,17,3,2009,23,0,0
1,12410,9,11,11,2013,20,0,0
4,8808,7,16,6,2005,17,52,0
2,10693,7,16,9,2003,0,30,0
4,6539,6,30,10,2008,0,24,0
2,2904,2,22,2,2011,19,47,0
3,8588,6,19,9,2012,9,24,0
3,15176,5,18,9,2013,12,0,0
7,20571,9,4,12,2005,19,0,0
6,542,2,10,3,2012,14,0,0
5,803,6,22,2,2013,11,36,0
3,5454,8,19,9,2007,12,0,0
2,8640,3,11,5,2004,9,30,0
7,914,1,24,2,2008,13,0,0
1,1091,10,25,6,2012,17,25,0
7,8109,5,17,6,2007,1,0,0
5,12140,1,25,6,2004,20,20,0
2,5623,6,6,1,2009,6,45,0
2,1172,4,12,10,2004,18,0,0
4,5139,2,1,5,2003,11,0,0
1,400,3,2,4,2012,10,0,0
6,2571,1,16,5,2009,2,30,0
3,11426,6,4,5,2005,21,49,0
3,52,5,22,12,2004,15,30,0
5,363,2,5,4,2013,2,56,0
1,1220,10,31,3,2014,19,52,0
7,5647,8,18,5,2008,16,10,0
5,21833,5,21,3,2003,1,0,0
2,2387,2,26,11,2013,17,10,0
2,1400,7,17,3,2015,10,33,0
4,14171,3,3,11,2005,23,0,0
3,983,2,19,5,2010,11,18,0
2,8914,2,8,8,2006,18,0,0
7,772,10,18,11,2007,13,42,0
3,2156,2,28,7,2010,11,35,0
6,559,6,6,5,2006,13,45,0
5,12806,9,30,11,2012,18,2,0
1,11257,9,16,3,2009,11,0,0
3,1950,2,7,2,2007,13,15,0
4,36,2,7,4,2011,14,0,0
5,19012,5,22,8,2003,15,30,0
6,1996,2,19,5,2007,15,15,0
1,8104,5,9,8,2010,1,0,0
5,4969,4,12,3,2010,0,7,0
4,9383,2,23,8,2007,11,30,0
6,4280,4,9,4,2011,18,0,0
1,11645,8,6,1,2003,12,50,0
3,6691,6,21,1,2009,9,51,0
6,6313,3,9,4,2011,17,24,0
7,10346,3,21,4,2013,17,55,0
4,2396,1,7,2,2008,1,3,0
2,8417,6,7,2,2006,11,45,0
7,12769,5,30,6,2013,1,14,0
4,3244,1,26,12,2013,15,0,0
2,83,2,5,2,2008,10,30,0
1,1428,3,20,9,2010,20,0,0
1,4208,6,21,1,2008,9,0,0
6,5515,3,13,8,2011,0,29,0
7,3747,1,22,2,2004,16,33,0
5,3114,9,30,12,2005,16,15,0
2,14166,8,1,11,2005,8,0,0
3,6507,6,11,6,2014,18,0,0
3,1091,10,28,11,2012,5,53,0
3,9163,9,23,1,2008,18,0,0
4,14333,9,7,8,2008,2,40,0
4,10994,8,22,8,2013,22,0,0
4,13153,6,22,3,2007,21,30,0
3,2855,1,23,12,2009,16,30,0
7,8090,1,12,2,2006,11,0,0
1,480,9,5,9,2011,16,0,0
4,11170,1,5,4,2007,11,20,0
3,9460,8,18,9,2013,2,58,0
4,277,10,16,5,2013,9,17,0
6,22,10,27,7,2013,17,1,0
3,5389,5,4,4,2012,19,0,0
7,15549,6,9,3,2008,11,30,0
2,11308,6,25,1,2005,15,0,0
3,5138,4,6,2,2008,1,8,0
1,2064,2,22,8,2005,8,0,0
5,7223,1,14,1,2011,18,30,0
1,14885,5,10,11,2008,8,45,0
5,109,1,16,10,2009,23,30,0
6,4090,1,17,4,2004,11,0,0
6,15749,8,13,1,2007,3,10,0
5,13359,3,7,10,2011,11,51,0
5,2323,8,13,6,2003,22,0,0
6,4144,5,15,12,2012,14,15,0
5,554,10,28,6,2013,19,30,0
7,77,10,6,9,2009,21,30,0
4,6288,4,19,9,2013,18,0,0
2,1369,7,10,1,2012,19,27,0
1,8503,8,30,4,2007,13,13,0
4,1369,7,9,7,2009,21,54,0
5,2144,5,15,5,2009,7,1,0
5,7753,3,8,9,2006,22,50,0
6,1869,8,28,1,2012,0,1,0
5,2835,10,2,10,2009,18,55,0
6,1331,4,4,10,2014,15,45,0
7,388,6,24,4,2005,1,0,0
5,4859,3,18,4,2014,18,15,0
2,3890,6,10,6,2003,12,0,0
4,7657,3,4,3,2004,23,31,0
5,105,5,21,9,2012,20,23,0
6,1730,10,30,7,2011,10,31,0
7,141,6,6,10,2013,17,0,0
3,468,2,23,7,2014,11,44,0
2,14938,9,7,3,2006,20,50,0
1,6811,3,29,11,2010,20,0,0
1,13621,8,6,1,2003,8,0,0
2,3875,2,4,10,2011,16,49,0
2,125,2,21,2,2012,11,0,0
2,867,1,17,4,2012,17,0,0
2,435,10,21,8,2007,19,45,0
4,228,5,4,11,2010,19,9,0
6,451,2,24,3,2012,12,0,0
6,2826,2,26,6,2004,16,50,0
1,1650,3,3,10,2005,12,30,0
1,2511,4,5,1,2004,11,0,0
3,14217,2,8,1,2014,18,0,0
5,125,2,6,3,2009,15,14,0
4,15635,6,19,3,2009,2,49,0
6,12385,1,5,4,2003,16,0,0
1,1091,10,2,3,2009,8,40,0
2,1071,5,29,11,2005,7,20,0
2,153,1,9,12,2014,16,0,0
5,924,5,22,4,2005,7,0,0
4,1094,2,1,5,2014,21,0,0
7,5986,3,3,6,2012,16,56,0
6,2693,1,17,5,2003,10,0,0
4,4446,2,14,1,2010,19,0,0
4,14717,6,13,12,2007,13,38,0
5,5911,8,11,3,2011,16,43,0
7,157,10,3,5,2009,7,5,0
1,3903,8,8,7,2013,21,20,0
3,511,4,4,4,2012,16,21,0
4,2125,5,12,8,2010,2,30,0
6,1224,1,17,5,2008,18,0,0
4,12238,3,26,6,2014,22,52,0
1,5883,6,24,11,2014,0,30,0
4,22915,3,4,9,2003,2,0,0
5,9763,3,19,11,2010,10,30,0
3,2341,5,6,2,2008,15,0,0
7,213,4,9,3,2008,14,0,0
4,102,10,21,3,2013,22,30,0
1,3516,10,22,8,2005,9,15,0
6,3708,4,16,7,2011,1,0,0
4,6285,3,3,11,2005,21,54,0
4,7331,2,27,5,2004,2,5,0
1,10275,5,12,5,2014,16,39,0
7,2156,2,9,4,2006,9,35,0
6,831,4,12,3,2011,23,5,0
5,16245,9,12,11,2004,16,0,0
4,232,4,10,2,2005,18,0,0
3,5942,5,13,7,2011,18,12,0
2,9494,2,12,5,2009,19,0,0
4,12123,9,24,6,2004,7,30,0
7,7297,3,19,6,2005,23,0,0
2,3126,1,17,8,2004,15,0,0
4,1573,2,26,8,2010,13,0,0
6,1074,3,25,3,2006,14,0,0
2,8688,3,10,1,2006,20,0,0
2,2564,5,23,8,2005,5,30,0
4,744,10,25,8,2011,23,54,0
6,18,10,23,10,2010,0,31,0
5,1954,10,19,9,2003,1,54,0
5,11991,6,11,7,2014,0,15,0
5,1435,2,1,5,2015,0,1,0
3,1729,5,11,12,2013,12,0,0
2,2490,3,15,11,2005,8,35,0
2,3792,3,1,4,2003,12,15,0
4,1487,4,27,12,2007,6,40,0
6,926,4,26,2,2011,14,38,0
2,779,2,22,8,2006,17,0,0
7,8204,3,30,7,2006,15,35,0
2,14202,8,30,10,2012,23,0,0
3,5945,4,7,9,2005,7,0,0
7,157,10,2,6,2013,16,30,0
5,460,5,19,11,2010,9,0,0
1,13540,9,8,12,2008,19,0,0
4,2881,5,12,7,2007,16,46,0
5,7630,5,3,6,2005,19,0,0
1,656,9,2,10,2006,2,35,0
5,22911,8,5,9,2003,18,0,0
2,1757,3,21,9,2010,0,52,0
6,2924,5,27,2,2010,22,0,0
3,504,4,20,2,2008,20,10,0
5,2905,5,13,1,2012,0,1,0
1,125,2,31,5,2010,11,46,0
7,1606,2,6,5,2007,17,45,0
3,1556,5,5,3,2014,16,30,0
4,6534,5,11,1,2007,19,24,0
3,1339,2,30,6,2010,18,30,0
2,14578,9,26,11,2013,18,0,0
7,120,2,28,8,2005,15,0,0
4,358,6,30,4,2009,16,45,0
5,10434,7,21,3,2008,1,0,0
3,166,10,19,4,2006,18,30,0
1,934,1,7,7,2003,19,30,0
6,5490,9,12,7,2003,3,33,0
6,6050,8,24,1,2015,16,0,0
4,2170,5,15,10,2009,16,11,0
1,4169,3,12,10,2009,21,47,0
2,14556,9,10,11,2009,0,1,0
7,601,9,29,1,2012,16,12,0
4,5211,3,5,10,2006,19,5,0
2,2396,1,27,7,2010,20,45,0
2,4718,7,26,11,2013,10,0,0
3,990,1,17,10,2007,21,28,0
4,9161,2,20,9,2012,0,23,0
1,4741,5,23,8,2010,13,31,0
2,8036,2,8,2,2011,8,30,0
7,3446,9,25,3,2007,13,28,0
3,980,10,6,10,2010,20,51,0
6,2863,2,8,3,2003,16,42,0
6,12123,9,25,2,2006,17,29,0
2,548,10,28,6,2011,22,0,0
1,646,6,13,10,2008,9,45,0
5,4969,4,19,10,2007,15,10,0
5,16050,2,3,6,2005,12,56,0
3,12959,9,7,8,2013,14,50,0
3,374,8,19,9,2012,14,54,0
6,13979,6,26,1,2013,18,0,0
5,36,2,12,3,2010,15,0,0
7,1803,8,1,8,2010,16,44,0
4,3425,9,17,10,2013,11,25,0
4,5525,1,5,2,2015,14,0,0
3,167,5,9,6,2004,11,30,0
4,8294,9,3,11,2005,19,5,0
5,3555,4,23,2,2007,17,0,0
3,11472,4,16,4,2014,22,40,0
4,504,4,1,5,2014,18,15,0
2,7903,2,6,8,2013,16,15,0
6,2790,3,24,1,2009,12,0,0
3,1361,5,25,6,2008,15,16,0
4,1351,8,7,10,2010,11,0,0
3,5358,9,30,10,2013,0,45,0
3,641,2,12,11,2008,8,17,0
7,14588,2,24,9,2006,16,0,0
3,37,2,12,11,2014,10,36,0
4,15213,7,16,12,2010,18,0,0
5,6786,7,23,2,2007,12,0,0
5,1509,5,5,4,2013,12,38,0
6,3986,4,28,6,2003,12,0,0
3,819,10,26,11,2008,13,45,0
6,2671,5,14,1,2006,14,30,0
3,2811,1,2,11,2005,11,30,0
2,427,2,23,11,2004,22,0,0
4,21859,3,12,6,2003,8,51,0
5,4804,5,29,10,2004,18,4,0
6,12610,9,13,1,2007,0,1,0
7,467,1,22,5,2011,19,18,0
2,363,2,1,9,2009,8,0,0
3,2490,3,29,6,2011,23,0,0
6,720,5,13,12,2008,19,0,0
5,495,7,24,1,2003,18,45,0
2,9834,5,31,8,2004,17,30,0
3,2963,3,3,9,2014,7,30,0
7,3803,4,5,6,2011,18,45,0
1,4398,8,2,4,2007,12,11,0
2,5914,6,16,11,2010,13,48,0
3,7932,9,21,7,2004,7,10,0
6,1157,2,24,9,2005,11,0,0
7,9652,3,20,11,2005,7,0,0
6,4609,9,15,6,2013,17,40,0
3,14675,9,24,11,2004,17,15,0
2,6761,7,24,7,2012,19,11,0
6,15213,7,4,4,2009,18,0,0
1,793,6,11,1,2010,12,0,0
6,1427,1,19,5,2012,23,36,0
3,270,2,15,5,2013,11,5,0
1,907,6,17,9,2012,21,46,0
3,4593,2,14,11,2012,8,29,0
2,7218,8,21,12,2004,10,0,0
4,4345,2,22,4,2010,3,0,0
3,7524,5,1,4,2009,4,38,0
6,1428,3,12,1,2013,18,15,0
4,1275,10,1,5,2008,7,2,0
1,2605,8,15,9,2008,12,0,0
1,737,5,21,7,2003,0,53,0
6,1052,4,21,3,2015,19,45,0
2,125,2,22,3,2011,10,30,0
3,5828,6,27,6,2007,15,30,0
3,3844,5,19,3,2014,16,0,0
6,6001,4,7,3,2009,19,34,0
5,818,1,26,11,2004,16,0,0
6,6062,7,17,6,2006,23,55,0
5,36,2,12,1,2007,18,0,0
4,2420,8,8,1,2009,15,51,0
4,1284,4,9,2,2006,0,20,0
4,5257,2,10,12,2009,13,58,0
3,1406,4,13,1,2010,20,30,0
2,14693,3,21,2,2012,8,0,0
7,9337,3,23,8,2009,10,30,0
1,2904,2,27,9,2004,17,0,0
1,3385,9,28,11,2005,13,5,0
2,7416,3,14,9,2004,13,8,0
5,125,2,18,11,2005,12,40,0
7,3177,8,30,11,2008,10,31,0
7,114,8,14,12,2014,2,23,0
5,2140,2,17,4,2009,20,6,0
6,468,2,21,3,2009,22,55,0
4,957,2,19,3,2009,21,48,0
2,6533,2,18,2,2014,6,43,0
3,1407,1,2,9,2009,22,12,0
5,8551,5,10,12,2004,8,0,0
3,1351,8,30,5,2012,0,1,0
2,4561,3,13,5,2014,12,35,0
6,575,5,31,7,2010,13,20,0
4,518,10,9,8,2012,13,47,0
3,926,4,17,9,2014,16,8,0
5,4906,5,22,4,2005,2,0,0
7,8666,9,8,2,2009,17,30,0
4,271,9,2,4,2009,0,8,0
3,1042,3,4,2,2004,21,40,0
6,16980,8,27,11,2004,14,15,0
1,1012,4,18,3,2013,0,38,0
2,2670,2,6,4,2010,10,0,0
3,10096,3,17,5,2006,17,53,0
2,21764,2,20,7,2004,12,10,0
5,1163,4,30,11,2012,8,0,0
3,601,9,8,9,2010,11,0,0
7,1017,3,24,8,2008,13,45,0
3,10677,9,8,1,2003,17,0,0
7,1240,1,31,7,2011,7,0,0
6,198,1,24,3,2012,16,30,0
4,323,9,16,10,2008,0,1,0
2,9247,8,2,10,2007,20,45,0
6,16918,9,7,3,2009,13,0,0
1,6519,3,2,3,2009,6,30,0
7,9277,2,30,11,2003,15,0,0
1,9527,8,26,7,2010,19,29,0
2,8493,6,5,2,2008,15,25,0
5,784,2,28,6,2013,13,54,0
6,4888,3,20,4,2013,11,30,0
5,4823,1,21,2,2014,8,11,0
1,4575,3,20,2,2012,16,57,0
4,3910,3,22,1,2004,11,0,0
3,272,8,21,4,2010,12,0,0
3,3375,5,8,3,2006,15,30,0
7,5526,3,20,4,2003,20,4,0
1,8954,4,20,3,2006,23,17,0
5,1273,10,5,9,2003,10,43,0
3,203,2,7,2,2007,22,15,0
6,7320,2,18,6,2011,23,0,0
7,17315,3,30,1,2005,21,0,0
4,1760,10,19,5,2005,9,0,0
5,3782,9,26,1,2007,12,0,0
6,2521,9,17,7,2010,3,20,0
7,501,4,19,10,2014,5,56,0
4,965,1,1,12,2005,23,45,0
4,4905,1,8,3,2007,10,0,0
4,223,10,11,6,2009,2,46,0
2,22359,7,8,6,2004,17,0,0
3,548,10,22,1,2003,7,12,0
6,4252,5,3,12,2005,13,50,0
6,359,10,5,5,2007,11,0,0
7,1752,3,25,9,2011,15,46,0
4,8341,5,28,7,2005,10,0,0
7,7533,8,1,1,2006,0,1,0
7,979,4,4,10,2009,0,14,0
2,138,10,30,11,2010,17,59,0
7,5607,2,22,2,2015,9,54,0
4,2462,2,28,6,2007,15,43,0
6,354,10,1,11,2008,12,59,0
4,5483,10,19,8,2004,13,59,0
6,3796,3,13,7,2013,19,30,0
5,10370,7,19,5,2006,12,0,0
6,3722,1,9,3,2013,14,30,0
3,7694,5,26,5,2004,14,15,0
3,2747,5,8,2,2006,16,2,0
5,3893,8,25,3,2011,14,31,0
3,925,2,16,4,2003,23,37,0
1,8810,4,22,12,2003,7,53,0
5,15473,9,4,5,2012,0,40,0
3,191,3,28,10,2009,20,30,0
4,1405,10,6,8,2009,17,3,0
3,211,5,15,12,2010,20,12,0
1,5873,1,23,12,2013,16,36,0
1,223,10,2,10,2006,8,31,0
3,1591,5,5,2,2003,13,0,0
5,1537,4,21,3,2003,14,30,0
5,14200,3,25,2,2011,22,0,0
7,14077,9,20,11,2005,19,40,0
1,1918,1,12,11,2007,21,12,0
3,1042,3,15,6,2005,12,0,0
1,926,4,24,11,2014,12,11,0
7,7491,5,17,5,2009,9,50,0
7,6184,3,25,3,2012,23,0,0
6,4862,1,8,3,2014,20,30,0
2,189,2,11,12,2012,8,0,0
4,1760,10,20,9,2012,1,30,0
5,12967,9,2,5,2014,11,0,0
3,17420,8,21,3,2007,12,10,0
4,125,2,15,5,2008,0,1,0
6,11935,8,12,7,2014,22,45,0
1,528,10,28,5,2007,0,1,0
7,4722,1,25,3,2012,17,0,0
2,1192,9,17,5,2005,18,0,0
5,1214,10,23,3,2012,22,30,0
6,11065,8,5,10,2013,15,55,0
7,8838,1,9,4,2006,13,0,0
6,7886,4,12,7,2008,11,0,0
7,125,2,26,9,2010,13,0,0
6,517,2,31,5,2003,15,28,0
5,11778,3,11,7,2014,20,28,0
6,1004,1,5,6,2010,8,0,0
6,1235,5,22,3,2008,8,7,0
1,10587,1,25,7,2011,12,41,0
3,4941,1,5,2,2003,15,0,0
4,11788,4,28,7,2005,12,0,0
1,8835,3,25,12,2006,8,0,0
5,19091,9,22,8,2003,0,52,0
2,979,4,11,6,2013,22,0,0
4,11591,4,19,9,2013,12,20,0
2,9205,8,9,2,2010,7,40,0
2,268,1,7,2,2012,23,10,0
7,4485,1,17,7,2011,23,30,0
5,1116,2,16,4,2004,12,0,0
5,1786,8,15,7,2005,11,0,0
5,1255,6,19,9,2014,19,20,0
5,125,2,14,12,2007,10,0,0
2,433,8,21,1,2003,19,20,0
3,3642,1,8,1,2003,20,19,0
4,517,2,19,5,2005,21,45,0
5,1768,10,24,7,2009,22,8,0
4,5650,5,11,12,2003,21,45,0
4,2544,4,6,10,2011,0,35,0
4,1067,5,24,2,2005,14,43,0
5,4905,1,29,12,2006,14,0,0
2,682,10,29,10,2013,20,0,0
1,20095,3,16,2,2004,22,15,0
2,771,1,6,2,2007,23,59,0
3,13514,3,19,3,2014,23,5,0
7,3180,10,11,4,2010,21,0,0
1,1751,6,27,10,2003,17,30,0
3,9453,5,26,12,2007,19,0,0
4,18273,3,23,1,2003,20,30,0
6,5283,1,6,10,2012,6,10,0
4,1076,5,4,9,2014,19,0,0
4,17463,6,22,1,2004,22,40,0
5,102,10,18,11,2005,13,0,0
3,7164,7,28,7,2010,19,10,0
6,10355,8,27,2,2010,16,45,0
5,4984,1,13,6,2003,8,30,0
5,3693,3,27,11,2009,16,41,0
7,15806,3,5,5,2013,2,6,0
7,5727,9,28,11,2004,13,30,0
1,3924,8,22,6,2009,14,45,0
2,643,4,15,5,2007,7,21,0
5,714,2,28,11,2008,20,20,0
5,5230,2,30,12,2005,21,20,0
7,6412,4,25,9,2011,14,8,0
2,6089,1,19,4,2011,22,0,0
2,716,5,18,9,2012,15,15,0
6,1527,3,8,5,2010,3,30,0
6,815,1,13,7,2013,18,0,0
4,16210,7,20,4,2006,19,30,0
6,1861,7,27,8,2005,14,0,0
6,1673,5,24,4,2010,2,30,0
5,1880,2,30,5,2014,19,0,0
3,256,2,5,3,2003,8,19,0
5,7243,1,3,10,2008,21,57,0
5,10263,5,2,12,2011,3,30,0
3,2274,7,12,1,2011,9,58,0
6,668,5,20,9,2014,13,30,0
7,10708,4,19,6,2011,1,0,0
4,16996,9,25,1,2007,1,0,0
7,907,6,25,3,2012,18,35,0
7,608,2,29,7,2007,21,30,0
3,517,2,3,5,2006,14,35,0
6,7565,3,9,2,2008,15,45,0
3,125,2,23,7,2014,11,30,0
7,13898,8,9,2,2014,16,23,0
5,903,1,8,8,2014,12,23,0
3,6779,4,12,12,2012,2,35,0
1,3123,5,29,9,2008,8,30,0
3,213,4,27,7,2011,17,47,0
4,772,10,25,1,2007,12,0,0
5,21780,3,20,2,2004,2,27,0
5,9570,3,13,7,2007,17,0,0
3,8245,4,24,1,2007,16,0,0
3,2869,10,9,12,2009,3,55,0
7,408,2,16,1,2005,13,30,0
5,979,4,21,9,2012,19,1,0
6,22413,7,27,12,2003,22,47,0
4,13598,2,7,2,2008,23,0,0
1,5695,1,24,1,2005,22,25,0
6,7041,7,17,12,2005,17,0,0
5,14062,8,24,1,2014,18,0,0
5,77,10,31,10,2014,2,0,0
4,3653,9,15,5,2003,20,0,0
1,1393,10,13,6,2011,11,35,0
1,511,4,20,1,2003,10,0,0
6,2165,9,10,2,2007,14,7,0
3,16546,4,30,5,2007,1,55,0
4,2794,7,1,11,2007,21,30,0
4,102,10,25,7,2013,23,32,0
4,622,6,21,8,2008,20,25,0
7,9112,5,28,2,2010,10,33,0
2,5073,3,2,10,2007,12,15,0
7,1254,2,8,5,2011,12,0,0
2,5211,3,11,11,2008,5,36,0
7,4947,2,20,9,2009,0,30,0
3,7795,1,27,7,2011,11,50,0
6,4378,2,4,12,2010,8,55,0
5,125,2,4,5,2012,11,30,0
3,12227,3,18,2,2009,16,33,0
6,8687,4,7,5,2011,10,42,0
2,10715,6,1,11,2005,4,1,0
1,5851,3,10,5,2004,10,25,0
1,2381,2,7,1,2008,13,20,0
2,3329,10,27,12,2011,14,37,0
5,14965,3,18,6,2010,11,30,0
5,7757,4,4,11,2011,20,17,0
1,1841,8,22,3,2010,11,0,0
3,872,2,20,8,2008,10,59,0
5,125,2,16,11,2012,20,0,0
5,5132,5,14,11,2008,15,40,0
2,9607,2,3,2,2004,10,41,0
2,3560,4,6,9,2005,16,35,0
1,12830,4,7,1,2008,21,30,0
5,1404,7,8,8,2008,13,30,0
4,6839,5,10,12,2009,14,55,0
4,17023,1,29,11,2007,21,0,0
1,1235,5,2,3,2015,11,0,0
4,4105,4,30,10,2014,21,45,0
5,13320,3,18,6,2010,7,22,0
1,419,5,20,1,2014,17,0,0
2,21423,8,29,11,2005,10,50,0
2,157,10,3,5,2011,5,51,0
2,979,4,29,6,2010,6,30,0
2,232,4,7,1,2014,16,25,0
3,1969,4,4,2,2004,19,0,0
3,5702,8,25,11,2009,19,30,0
3,223,10,28,10,2009,15,35,0
7,2929,2,4,12,2011,23,52,0
6,1791,2,7,8,2004,2,35,0
7,2910,1,23,9,2007,11,0,0
3,6308,3,18,2,2015,18,0,0
6,2987,10,28,7,2007,1,30,0
4,11767,3,30,5,2013,21,25,0
5,361,2,13,6,2003,6,0,0
1,18,10,7,1,2008,21,20,0
2,4516,8,22,3,2011,23,20,0
3,13632,9,5,2,2003,12,0,0
1,2904,2,6,8,2012,18,22,0
5,138,2,16,6,2006,20,10,0
3,6779,4,1,4,2009,10,0,0
3,14672,9,6,2,2013,21,30,0
5,11138,5,22,8,2014,17,0,0
4,772,10,8,3,2012,7,35,0
6,357,4,23,9,2006,11,18,0
3,363,2,25,6,2008,6,42,0
1,11208,5,10,7,2006,4,10,0
5,232,4,30,11,2007,0,40,0
5,511,4,12,11,2004,12,0,0
4,15740,9,20,10,2011,9,0,0
5,2662,2,7,9,2012,14,32,0
6,6284,2,20,10,2012,16,15,0
3,19095,3,8,2,2006,8,50,0
3,1963,7,17,9,2003,21,35,0
2,1606,2,28,5,2013,18,13,0
4,2602,1,11,12,2014,18,0,0
6,7744,6,21,5,2011,8,0,0
1,19487,1,8,2,2010,19,0,0
7,999,1,25,1,2015,0,10,0
2,7675,9,23,8,2011,2,20,0
3,1359,2,5,2,2014,12,0,0
3,1818,5,8,8,2012,13,36,0
7,3567,6,17,7,2005,0,50,0
1,323,9,21,6,2004,15,3,0
1,1576,4,18,4,2005,13,30,0
3,17047,3,26,5,2004,13,41,0
3,957,2,4,2,2015,18,20,0
6,8932,7,29,12,2012,12,0,0
5,3637,9,2,12,2011,8,0,0
5,21756,5,14,11,2003,23,0,0
5,359,10,7,3,2014,19,40,0
4,7415,4,1,7,2010,18,15,0
1,16284,4,15,9,2003,22,23,0
3,21871,3,28,5,2003,20,19,0
2,3113,4,22,1,2008,19,0,0
5,10279,7,10,1,2014,20,0,0
3,2271,10,14,12,2011,17,36,0
4,726,1,10,1,2008,16,30,0
3,158,2,13,12,2006,15,36,0
4,4251,7,15,5,2014,18,0,0
4,7065,5,7,8,2003,1,40,0
6,3101,1,4,10,2003,12,0,0
7,7173,7,23,9,2012,0,43,0
3,8296,3,8,1,2014,20,30,0
5,2341,5,18,5,2012,19,0,0
4,5073,3,1,4,2004,11,5,0
5,5389,5,19,5,2006,22,0,0
6,4726,10,26,6,2004,3,54,0
3,923,1,4,9,2013,12,45,0
6,2948,4,21,5,2011,17,55,0
6,14655,6,29,7,2006,16,13,0
3,451,2,19,3,2014,20,45,0
1,2311,5,23,6,2014,11,40,0
2,7977,8,16,4,2013,18,20,0
3,5393,5,9,1,2013,17,27,0
6,105,5,21,4,2012,11,40,0
2,8920,8,10,6,2003,0,1,0
6,20450,6,10,9,2005,0,10,0
5,979,4,12,6,2009,2,10,0
1,10692,3,8,8,2005,15,30,0
1,1255,6,13,4,2009,14,46,0
2,4975,3,30,10,2012,0,1,0
3,626,2,13,7,2005,17,20,0
4,7382,3,19,5,2005,15,45,0
3,3516,10,12,11,2003,23,25,0
5,1233,4,7,3,2014,15,40,0
1,3898,2,8,12,2008,16,30,0
3,2869,10,5,8,2009,10,50,0
1,3725,10,29,5,2006,18,50,0
3,5069,3,27,6,2012,13,24,0
2,44,6,3,2,2009,15,25,0
4,290,1,7,9,2006,17,0,0
5,7536,6,31,10,2008,14,15,0
7,166,10,10,4,2011,21,40,0
1,4370,2,11,6,2007,17,15,0
1,5107,10,17,3,2008,2,10,0
4,3331,2,18,11,2010,13,0,0
5,591,9,6,4,2007,18,15,0
2,6359,5,25,7,2006,19,35,0
6,1323,4,1,11,2008,15,0,0
6,36,2,8,3,2003,15,1,0
7,689,7,24,3,2013,20,30,0
5,1882,4,12,2,2010,14,0,0
4,288,2,22,4,2010,23,46,0
2,1516,4,26,12,2006,7,13,0
1,1942,2,12,5,2008,16,30,0
5,1345,1,23,8,2013,21,45,0
1,6926,4,2,10,2006,20,24,0
6,1465,7,21,5,2005,14,0,0
7,4487,3,9,4,2006,23,34,0
7,125,2,23,10,2005,23,0,0
3,821,10,9,2,2011,14,46,0
5,15479,8,11,8,2006,19,15,0
6,1056,2,21,4,2007,22,23,0
1,270,2,23,6,2008,20,45,0
1,1475,8,27,9,2004,16,0,0
5,191,3,23,9,2011,20,47,0
4,509,5,24,2,2011,21,50,0
5,146,10,7,10,2011,15,45,0
5,952,2,4,11,2011,17,10,0
5,1680,5,9,8,2013,0,1,0
7,5292,3,24,4,2011,13,0,0
6,13763,6,22,2,2014,18,0,0
4,4154,5,23,2,2006,16,0,0
2,10971,6,17,4,2007,17,40,0
4,21951,5,30,9,2004,15,48,0
2,6862,8,9,11,2004,21,30,0
3,4503,8,14,11,2007,18,15,0
6,1091,10,23,10,2010,16,58,0
3,2348,1,27,12,2006,11,30,0
6,1154,9,20,5,2006,15,15,0
2,11231,4,15,4,2003,13,0,0
5,862,5,20,8,2004,21,30,0
2,9851,6,16,5,2006,9,20,0
3,3400,5,17,11,2010,19,53,0
5,528,10,29,1,2010,16,45,0
7,912,10,25,4,2010,11,27,0
6,5011,10,25,3,2006,22,0,0
1,232,4,21,8,2006,16,0,0
6,3719,5,30,7,2005,10,30,0
2,5795,4,14,6,2005,15,0,0
3,1885,2,13,11,2013,21,30,0
4,3131,10,3,4,2014,15,15,0
6,2055,1,12,7,2003,21,18,0
4,510,1,31,5,2012,20,30,0
4,4140,10,30,5,2013,14,34,0
3,1273,10,30,4,2003,1,10,0
2,4754,5,23,3,2010,0,40,0
1,5803,9,2,3,2015,16,19,0
7,853,2,25,9,2005,0,1,0
1,277,10,5,1,2009,9,16,0
2,697,8,25,6,2013,8,15,0
1,435,10,21,3,2005,7,28,0
1,22,10,21,7,2003,18,0,0
3,17502,8,8,7,2009,22,36,0
7,5211,3,12,2,2006,13,0,0
3,14020,7,16,6,2010,12,0,0
7,4140,10,28,11,2004,1,34,0
2,6383,4,22,3,2005,23,33,0
7,5984,1,22,8,2004,23,15,0
1,8184,3,19,2,2007,8,0,0
6,10263,5,26,1,2008,18,54,0
7,1652,5,19,10,2008,1,0,0
2,10560,5,30,9,2014,10,55,0
6,366,10,29,1,2005,2,41,0
7,1642,1,13,1,2008,17,30,0
4,2945,3,27,7,2006,18,30,0
5,1864,5,9,9,2005,14,2,0
5,2489,1,20,10,2006,19,30,0
1,386,2,16,4,2007,11,30,0
2,435,10,31,8,2004,19,25,0
5,8225,9,26,12,2014,21,32,0
3,4825,7,22,2,2012,9,0,0
5,12360,7,10,2,2012,19,30,0
6,166,10,24,4,2010,18,10,0
1,1245,10,5,2,2007,19,30,0
7,6720,2,9,3,2014,22,48,0
6,7985,4,19,5,2012,1,50,0
5,6284,2,3,4,2009,22,15,0
5,2152,3,31,10,2014,17,0,0
1,1351,8,22,6,2009,10,15,0
1,926,4,5,8,2013,21,10,0
4,549,4,22,1,2004,1,0,0
6,1602,4,17,12,2011,12,0,0
2,4439,7,5,2,2008,3,5,0
5,12406,5,6,10,2006,16,15,0
4,125,2,15,12,2005,17,30,0
5,16454,9,15,6,2007,18,5,0
3,1711,3,29,5,2013,20,11,0
5,5148,9,17,9,2004,11,20,0
6,2391,2,8,9,2012,1,30,0
1,858,8,21,7,2014,12,26,0
4,53,1,1,5,2014,7,37,0
4,159,6,13,12,2007,19,12,0
3,5844,5,17,9,2003,18,0,0
5,9473,8,13,6,2014,23,45,0
3,7795,1,1,10,2003,10,42,0
1,784,2,12,6,2006,16,57,0
6,4103,7,17,5,2008,10,45,0
7,6578,3,30,12,2007,21,33,0
7,2583,2,20,5,2007,22,9,0
2,1597,8,24,6,2014,13,0,0
4,5605,8,22,1,2004,7,40,0
6,3329,10,21,2,2009,10,0,0
3,18465,7,10,8,2011,14,0,0
4,4178,10,18,10,2007,21,10,0
7,7593,1,20,11,2005,0,30,0
3,5297,7,25,1,2012,14,50,0
6,2927,2,29,6,2013,17,15,0
1,666,2,10,6,2013,17,15,0
5,538,8,16,11,2007,18,30,0
7,8096,5,29,6,2014,20,0,0
3,6102,1,17,9,2014,19,0,0
1,1967,3,21,7,2008,19,26,0
7,7054,4,9,8,2009,1,25,0
4,11399,5,22,7,2004,19,0,0
4,7188,5,29,11,2007,22,30,0
7,54,1,15,7,2012,2,30,0
3,8754,9,20,8,2008,0,1,0
3,2811,1,30,9,2009,14,0,0
4,16457,7,17,11,2011,20,0,0
4,902,5,25,12,2014,21,10,0
2,70,10,11,12,2007,9,51,0
1,5676,1,5,3,2007,11,30,0
6,2822,1,11,8,2007,18,52,0
4,2881,5,5,10,2006,13,5,0
2,125,2,3,4,2012,17,38,0
2,639,9,9,7,2013,0,1,0
6,5016,5,9,10,2010,12,36,0
7,39,3,16,1,2005,13,10,0
1,2271,10,14,4,2003,15,17,0
3,4140,10,7,1,2004,2,40,0
7,6102,1,8,9,2013,0,30,0
1,5164,4,15,10,2012,1,47,0
6,2490,3,4,11,2006,18,0,0
3,1662,4,20,4,2011,19,45,0
6,1095,5,26,8,2006,11,15,0
2,10134,6,19,4,2011,12,0,0
5,1722,2,10,1,2003,3,15,0
3,10026,7,17,9,2008,0,18,0
3,8200,6,29,10,2008,15,24,0
4,936,4,12,12,2013,2,20,0
3,2891,5,13,10,2004,0,12,0
5,2660,4,17,4,2015,17,0,0
7,643,4,31,10,2004,22,0,0
6,1135,4,25,8,2012,21,20,0
7,3873,1,28,8,2011,16,55,0
6,17306,2,16,1,2010,23,0,0
4,2568,8,14,12,2006,23,21,0
7,3461,2,18,12,2005,10,0,0
7,2654,1,11,1,2015,15,0,0
7,2662,2,14,7,2013,2,43,0
2,2386,2,9,12,2008,10,50,0
6,713,4,22,10,2011,18,40,0
7,772,10,10,9,2006,11,0,0
1,17759,6,16,2,2009,1,0,0
5,6170,7,2,5,2014,2,0,0
6,2622,2,8,10,2011,1,0,0
4,15438,6,11,11,2004,12,45,0
1,15875,2,8,8,2005,0,25,0
6,18388,4,28,6,2003,17,30,0
3,19580,8,9,12,2009,9,4,0
6,36,2,20,10,2012,19,10,0
2,7544,5,5,4,2005,0,41,0
3,14032,7,1,10,2008,17,30,0
2,1220,10,11,5,2004,15,55,0
3,8417,6,15,12,2010,20,0,0
6,3112,1,24,9,2011,21,51,0
5,9485,4,20,9,2013,18,33,0
5,4128,2,2,12,2011,21,50,0
5,11772,3,14,12,2012,15,51,0
7,2271,10,23,8,2009,13,0,0
5,21313,8,7,4,2006,18,0,0
7,3604,4,14,12,2008,21,45,0
2,4646,8,17,5,2011,2,45,0
6,13645,3,8,8,2009,17,30,0
4,16277,4,24,1,2008,23,50,0
5,981,2,31,10,2003,10,30,0
3,88,2,29,9,2004,20,0,0
6,6891,4,10,8,2013,16,0,0
2,2369,4,10,7,2007,14,2,0
4,5164,4,31,10,2013,0,1,0
7,9851,6,30,12,2012,19,10,0
5,559,6,15,11,2013,21,30,0
6,511,4,21,2,2015,15,0,0
3,14395,6,13,7,2011,23,1,0
1,227,1,21,7,2003,7,40,0
2,8119,8,18,8,2009,20,0,0
2,1650,3,22,2,2011,15,50,0
3,277,10,6,8,2008,11,25,0
4,2700,3,10,7,2008,18,40,0
4,2245,4,3,4,2014,8,0,0
1,7056,5,2,2,2015,20,30,0
6,9144,1,24,7,2004,9,50,0
3,4691,5,9,2,2005,21,0,0
1,1351,8,17,3,2003,17,30,0
2,9326,5,17,9,2013,11,35,0
4,2178,6,27,11,2003,11,0,0
3,256,2,15,12,2010,19,55,0
7,12914,8,14,3,2010,1,5,0
7,2392,3,16,11,2014,23,0,0
2,183,5,12,6,2007,23,0,0
2,468,2,10,8,2010,6,32,0
1,15370,7,13,10,2003,20,30,0
