"day","address","location","date","month","year","hour","min","BRIBERY"
6,1182,5,2,5,2015,10,40,1
3,1850,4,29,4,2015,1,18,1
1,2109,8,27,4,2015,17,30,1
3,2963,3,15,4,2015,11,0,1
1,1074,3,13,4,2015,11,47,1
2,3708,4,31,3,2015,17,40,1
1,4232,3,30,3,2015,17,45,1
5,936,4,20,3,2015,21,38,1
5,1654,8,20,3,2015,18,41,1
3,3134,3,4,3,2015,14,25,1
4,1954,10,19,2,2015,15,15,1
1,5785,4,16,2,2015,0,10,1
5,5621,4,6,2,2015,14,30,1
3,2042,3,4,2,2015,19,30,1
4,1284,4,22,1,2015,0,17,1
3,408,2,10,12,2014,15,18,1
3,8767,4,10,12,2014,11,0,1
7,356,3,30,11,2014,0,33,1
5,9397,4,14,11,2014,10,2,1
7,8812,4,2,11,2014,17,15,1
6,518,10,1,11,2014,2,0,1
3,125,2,29,10,2014,9,30,1
7,3738,8,21,9,2014,13,50,1
7,10912,8,7,9,2014,12,0,1
4,11256,4,21,8,2014,19,52,1
2,1935,5,19,8,2014,18,46,1
1,5959,9,4,8,2014,10,30,1
7,4415,5,13,7,2014,0,1,1
5,2096,8,27,6,2014,12,12,1
6,4584,3,14,6,2014,13,13,1
6,83,2,3,5,2014,16,30,1
7,713,4,20,4,2014,17,0,1
6,1979,4,19,4,2014,17,38,1
6,6683,3,19,4,2014,16,6,1
4,2330,4,17,4,2014,20,0,1
1,232,4,14,4,2014,17,30,1
5,3352,3,4,4,2014,16,30,1
3,1654,8,2,4,2014,9,13,1
5,213,4,21,2,2014,2,10,1
1,1895,3,17,2,2014,14,35,1
7,2911,10,12,1,2014,0,48,1
7,3611,3,29,12,2013,20,30,1
6,11839,3,28,12,2013,20,0,1
6,7116,6,28,12,2013,15,50,1
6,5783,2,28,12,2013,13,0,1
4,2944,2,28,11,2013,21,11,1
5,7900,3,1,11,2013,9,49,1
4,1284,4,31,10,2013,23,16,1
3,4170,7,2,10,2013,16,6,1
5,7160,3,20,9,2013,23,35,1
3,3868,7,18,9,2013,2,30,1
2,506,8,20,8,2013,19,5,1
1,8281,8,19,8,2013,19,10,1
6,644,1,10,8,2013,23,51,1
5,125,2,28,6,2013,10,0,1
3,1403,4,26,6,2013,22,45,1
1,125,2,24,6,2013,20,0,1
5,1279,5,31,5,2013,19,15,1
5,3905,6,31,5,2013,10,16,1
5,1233,4,17,5,2013,2,0,1
3,1978,8,1,5,2013,16,0,1
6,114,8,20,4,2013,11,45,1
3,3595,1,17,4,2013,13,30,1
7,14747,3,7,4,2013,16,28,1
6,232,4,6,4,2013,18,35,1
6,77,10,6,4,2013,3,0,1
6,102,10,6,4,2013,1,48,1
2,534,4,2,4,2013,22,48,1
1,1012,4,18,3,2013,0,38,1
3,220,4,6,3,2013,20,5,1
7,1959,8,24,2,2013,11,0,1
6,779,2,9,2,2013,21,20,1
5,2393,8,25,1,2013,22,20,1
7,1547,3,30,12,2012,22,7,1
6,979,4,29,12,2012,11,48,1
1,2848,2,10,12,2012,23,0,1
7,1284,4,7,10,2012,17,8,1
6,9759,8,6,10,2012,19,30,1
5,4355,4,7,9,2012,21,30,1
1,1017,3,6,8,2012,14,0,1
6,6887,6,28,7,2012,0,28,1
5,14941,9,15,6,2012,21,30,1
5,896,2,1,6,2012,10,10,1
5,6638,1,18,5,2012,7,2,1
2,13163,3,15,5,2012,14,30,1
6,16208,3,5,5,2012,9,30,1
5,2563,10,4,5,2012,2,45,1
6,64,4,21,4,2012,14,12,1
7,125,2,8,4,2012,0,1,1
1,269,1,2,4,2012,23,0,1
1,64,4,2,4,2012,15,26,1
7,213,4,25,3,2012,16,25,1
5,8687,4,9,3,2012,16,45,1
2,7787,3,6,3,2012,13,5,1
5,125,2,10,2,2012,18,15,1
3,1235,5,8,2,2012,23,0,1
3,11089,4,25,1,2012,10,50,1
4,4336,9,12,1,2012,18,45,1
2,643,4,10,1,2012,3,4,1
2,3483,4,10,1,2012,1,15,1
1,779,2,9,1,2012,20,20,1
5,1769,3,2,12,2011,23,0,1
5,1769,3,2,12,2011,23,0,1
3,904,5,30,11,2011,19,58,1
2,6842,4,29,11,2011,15,45,1
1,3877,3,28,11,2011,9,30,1
4,4442,3,3,11,2011,10,30,1
2,6855,8,4,10,2011,16,28,1
4,5907,7,22,9,2011,21,30,1
5,1204,2,26,8,2011,23,0,1
4,2601,3,11,8,2011,18,15,1
2,1469,3,9,8,2011,14,30,1
1,1236,4,8,8,2011,2,20,1
7,5082,4,31,7,2011,22,15,1
2,5276,4,26,7,2011,11,47,1
3,1653,3,15,6,2011,14,53,1
3,927,1,18,5,2011,19,45,1
2,7371,9,17,5,2011,15,15,1
4,5211,3,7,4,2011,19,0,1
4,2452,1,24,3,2011,16,59,1
7,983,2,13,3,2011,4,10,1
4,8281,8,10,3,2011,15,20,1
3,7801,9,23,2,2011,5,0,1
7,14134,4,16,1,2011,23,0,1
7,139,2,16,1,2011,17,13,1
6,17807,9,15,1,2011,18,22,1
4,13560,8,13,1,2011,5,0,1
1,10206,9,10,1,2011,11,49,1
1,1483,8,27,12,2010,6,45,1
1,710,8,29,11,2010,14,20,1
7,6364,8,21,11,2010,7,0,1
4,7073,9,18,11,2010,9,49,1
3,490,2,17,11,2010,12,10,1
6,957,2,23,10,2010,21,0,1
4,2854,8,21,10,2010,0,1,1
2,548,10,19,10,2010,13,15,1
2,1351,8,21,9,2010,0,1,1
7,11553,3,12,9,2010,17,0,1
5,19144,4,10,9,2010,11,0,1
7,83,2,15,8,2010,22,19,1
4,3216,1,29,7,2010,12,0,1
2,6183,2,27,7,2010,10,30,1
5,125,2,2,7,2010,6,25,1
3,125,2,30,6,2010,10,30,1
6,222,5,19,6,2010,19,17,1
4,1041,5,17,6,2010,10,14,1
1,14521,8,14,6,2010,17,0,1
2,823,2,1,6,2010,14,25,1
4,8379,3,20,5,2010,14,0,1
2,6916,4,18,5,2010,3,51,1
3,7138,9,21,4,2010,8,0,1
2,4121,9,20,4,2010,21,40,1
3,8209,8,10,3,2010,14,3,1
1,13710,3,8,3,2010,16,29,1
7,1884,3,28,2,2010,12,7,1
7,163,7,14,2,2010,21,0,1
3,11640,4,27,1,2010,2,5,1
1,4032,3,25,1,2010,1,25,1
5,2345,3,25,12,2009,13,40,1
4,9766,7,26,11,2009,21,20,1
2,2706,10,24,11,2009,9,27,1
2,5261,8,13,10,2009,22,49,1
3,12,5,30,9,2009,11,0,1
3,24,8,30,9,2009,3,0,1
2,19794,8,1,9,2009,0,23,1
1,10565,9,31,8,2009,2,36,1
6,2156,2,8,8,2009,23,49,1
7,7434,4,26,7,2009,1,45,1
6,91,3,25,7,2009,9,40,1
7,3548,3,28,6,2009,20,30,1
5,4571,10,26,6,2009,9,35,1
5,8120,3,12,6,2009,11,30,1
1,5481,4,8,6,2009,5,45,1
1,205,8,11,5,2009,19,30,1
4,213,4,30,4,2009,23,38,1
3,83,2,18,3,2009,18,37,1
7,6084,3,11,1,2009,17,0,1
3,10201,3,7,1,2009,16,0,1
6,4715,3,15,11,2008,20,55,1
4,5821,4,16,10,2008,2,20,1
6,3348,5,20,9,2008,11,51,1
5,2274,7,19,9,2008,6,2,1
4,1722,2,18,9,2008,23,30,1
4,3191,4,18,9,2008,16,15,1
5,9121,9,22,8,2008,18,0,1
7,964,3,10,8,2008,18,0,1
6,459,8,9,8,2008,19,15,1
5,998,5,30,5,2008,12,38,1
6,213,4,17,5,2008,17,0,1
5,16919,8,16,5,2008,10,0,1
3,4510,5,14,5,2008,9,50,1
7,657,8,4,5,2008,1,15,1
4,808,4,1,5,2008,7,30,1
5,6100,8,21,3,2008,3,30,1
2,2571,1,18,3,2008,0,30,1
7,501,4,9,3,2008,12,30,1
6,269,1,9,2,2008,4,0,1
2,435,10,5,2,2008,2,39,1
4,8688,3,24,1,2008,17,0,1
6,3619,2,29,12,2007,3,18,1
6,18285,7,15,12,2007,11,0,1
3,5261,8,31,10,2007,1,10,1
7,5130,4,21,10,2007,17,0,1
5,4676,4,19,10,2007,12,0,1
2,8715,9,16,10,2007,20,38,1
4,5082,4,4,10,2007,19,15,1
6,5438,8,22,9,2007,23,30,1
4,58,10,9,8,2007,13,0,1
7,5826,1,29,7,2007,9,50,1
6,3132,10,28,7,2007,18,40,1
2,17085,3,10,7,2007,13,30,1
5,125,2,29,6,2007,9,30,1
5,2997,5,29,6,2007,1,0,1
7,4503,8,17,6,2007,5,0,1
4,4838,8,31,5,2007,22,10,1
3,125,2,30,5,2007,14,6,1
3,977,1,16,5,2007,13,15,1
2,4072,8,20,2,2007,16,20,1
4,855,4,8,2,2007,10,30,1
3,11363,8,7,2,2007,23,5,1
4,12436,8,25,1,2007,0,45,1
6,499,2,13,1,2007,22,33,1
6,7708,3,30,12,2006,15,10,1
1,2575,9,25,12,2006,19,55,1
7,12963,6,17,12,2006,19,40,1
3,310,8,29,11,2006,19,0,1
1,213,4,27,11,2006,16,30,1
1,6837,5,16,10,2006,14,33,1
5,7803,8,6,10,2006,15,40,1
3,6250,3,20,9,2006,12,0,1
2,1281,2,19,9,2006,19,20,1
5,363,2,25,8,2006,14,58,1
1,8665,6,21,8,2006,22,50,1
5,1233,4,11,8,2006,17,16,1
4,12409,3,10,8,2006,18,0,1
1,9560,4,29,5,2006,15,10,1
4,4008,7,4,5,2006,14,0,1
5,12802,3,24,2,2006,0,1,1
7,772,10,29,1,2006,23,25,1
5,7556,4,13,1,2006,18,40,1
2,646,6,10,1,2006,15,20,1
7,322,5,18,12,2005,20,0,1
7,4337,2,4,12,2005,7,53,1
3,550,3,16,11,2005,11,20,1
4,2641,4,20,10,2005,20,0,1
1,5828,6,3,10,2005,15,20,1
7,9950,4,25,9,2005,12,45,1
4,9417,8,22,9,2005,13,0,1
1,13994,3,5,9,2005,19,5,1
2,5130,4,9,8,2005,20,0,1
6,1919,8,18,6,2005,15,45,1
7,7118,8,5,6,2005,17,14,1
1,1920,5,30,5,2005,1,45,1
1,8212,8,16,5,2005,16,45,1
5,13393,4,6,5,2005,17,19,1
1,15634,8,2,5,2005,0,1,1
1,125,2,21,3,2005,15,15,1
3,5647,8,26,1,2005,18,30,1
2,310,8,11,1,2005,18,15,1
5,1103,5,29,10,2004,16,0,1
5,125,2,29,10,2004,12,0,1
2,20948,8,12,10,2004,8,0,1
1,4435,3,30,8,2004,13,0,1
1,2491,9,16,8,2004,13,40,1
7,1850,4,25,7,2004,22,0,1
7,2601,3,25,7,2004,12,45,1
4,4052,4,10,6,2004,14,55,1
2,1259,8,11,5,2004,21,30,1
5,4031,3,30,4,2004,23,0,1
1,619,8,26,4,2004,0,1,1
2,2737,3,30,3,2004,3,9,1
6,5772,8,20,3,2004,20,0,1
3,2077,4,18,2,2004,19,15,1
1,6189,3,16,2,2004,9,50,1
6,11638,3,7,2,2004,23,30,1
4,9478,9,22,1,2004,21,30,1
5,125,2,9,1,2004,11,0,1
2,144,4,23,12,2003,21,50,1
6,15758,5,13,12,2003,23,30,1
6,7385,4,13,12,2003,9,30,1
6,710,8,18,10,2003,22,51,1
4,14176,9,16,10,2003,17,0,1
7,1191,10,5,10,2003,22,45,1
5,186,10,19,9,2003,13,15,1
4,895,2,21,8,2003,10,0,1
2,14559,8,10,6,2003,16,20,1
3,9330,1,30,4,2003,21,45,1
2,1889,3,1,4,2003,20,30,1
5,735,4,7,2,2003,17,55,1
1,850,9,27,10,2003,14,20,0
1,46,2,27,6,2011,15,0,0
7,2326,1,27,2,2011,19,40,0
3,7180,5,23,7,2008,23,0,0
1,6624,4,5,4,2010,23,14,0
2,5685,3,14,5,2013,21,30,0
1,125,2,23,8,2010,22,0,0
7,4378,2,9,3,2008,2,0,0
6,3473,7,11,8,2012,14,20,0
7,2488,1,29,11,2009,3,15,0
1,6381,5,9,1,2006,15,30,0
4,1149,5,31,10,2013,21,0,0
6,125,2,30,7,2005,16,0,0
2,927,1,26,7,2005,13,0,0
7,88,2,14,8,2005,2,0,0
6,4093,2,12,1,2013,0,18,0
1,1162,3,2,4,2007,19,20,0
2,12273,3,7,1,2014,15,0,0
4,363,2,22,1,2009,10,49,0
3,1351,8,11,1,2012,19,47,0
4,35,8,29,10,2009,17,0,0
2,18497,8,28,4,2009,23,0,0
6,10557,8,5,9,2009,20,0,0
4,2005,6,27,7,2006,21,29,0
5,14389,6,3,4,2009,18,35,0
4,6483,1,23,8,2007,5,5,0
1,9652,3,21,3,2005,16,30,0
6,2275,2,2,6,2007,0,30,0
7,13225,6,22,2,2004,12,0,0
1,12700,2,28,11,2005,12,15,0
6,8596,9,16,5,2009,15,40,0
5,6683,3,23,3,2007,14,7,0
7,1431,10,6,11,2011,1,30,0
4,1172,4,20,10,2011,20,52,0
2,1446,6,3,4,2007,16,0,0
4,1760,10,27,1,2011,21,25,0
2,22043,2,30,3,2004,12,0,0
1,16129,8,14,5,2012,19,15,0
3,1399,10,26,5,2004,23,29,0
2,14533,3,2,4,2013,21,30,0
4,307,3,6,8,2009,17,6,0
5,7636,7,29,7,2011,6,15,0
5,1752,3,18,6,2010,13,55,0
6,2862,10,21,9,2013,16,16,0
4,957,2,15,11,2012,12,0,0
7,4432,2,23,2,2003,22,0,0
1,11269,3,26,4,2004,16,55,0
2,125,2,18,2,2014,21,25,0
7,2896,4,23,9,2007,8,18,0
3,125,2,11,11,2009,1,0,0
1,3477,5,22,8,2005,5,0,0
4,1091,10,11,12,2008,23,0,0
5,216,6,5,5,2006,16,30,0
2,4492,1,23,12,2003,12,0,0
2,146,10,16,10,2007,20,30,0
2,9775,9,14,10,2003,9,15,0
3,4571,10,12,6,2013,16,0,0
3,1042,3,21,8,2013,18,0,0
5,3527,4,23,2,2007,7,55,0
4,9205,8,10,3,2005,12,30,0
3,99,8,9,1,2013,17,30,0
1,369,5,8,8,2005,20,10,0
2,12282,4,15,5,2012,20,5,0
3,159,6,23,6,2004,10,45,0
7,3537,4,22,3,2015,21,14,0
6,125,2,1,7,2006,12,0,0
7,4602,3,26,2,2006,18,34,0
3,11074,8,11,1,2012,20,21,0
7,5945,4,4,12,2005,21,0,0
2,3171,4,12,1,2010,23,42,0
4,277,10,2,12,2010,9,7,0
3,870,4,8,7,2009,16,23,0
7,5971,4,11,3,2007,2,0,0
2,359,10,30,9,2003,15,40,0
4,1679,5,30,10,2014,10,30,0
3,7953,5,29,11,2006,14,35,0
5,20788,9,21,9,2007,16,0,0
4,366,10,26,8,2010,14,9,0
2,15213,7,21,1,2003,16,57,0
2,1298,2,23,7,2013,21,18,0
2,132,7,3,2,2015,18,0,0
4,1722,2,25,12,2014,9,45,0
3,12026,8,19,2,2003,1,0,0
5,717,2,7,2,2014,14,55,0
4,1150,2,16,9,2004,0,1,0
5,5026,1,5,10,2012,16,20,0
5,501,4,4,5,2007,16,40,0
7,220,4,11,4,2010,9,34,0
2,514,5,17,2,2004,20,30,0
2,96,10,22,7,2008,17,0,0
5,100,2,7,3,2008,0,1,0
6,3404,3,15,12,2012,17,0,0
4,9433,4,13,11,2014,17,25,0
4,7025,5,24,6,2004,8,0,0
5,11771,1,8,4,2011,21,45,0
1,4378,2,1,9,2008,12,1,0
3,7345,3,24,6,2009,20,27,0
5,5909,7,7,10,2011,17,15,0
2,4798,3,8,2,2005,23,50,0
2,213,4,12,11,2013,23,54,0
5,105,5,31,10,2014,19,48,0
5,5316,7,3,6,2011,19,30,0
3,20054,8,15,10,2003,17,52,0
7,907,6,29,1,2006,10,25,0
3,2572,7,18,10,2006,10,15,0
6,2322,9,6,3,2004,13,0,0
1,5649,3,10,1,2011,18,0,0
5,2755,2,4,4,2003,22,51,0
3,881,1,19,2,2003,6,15,0
7,5366,8,23,2,2003,9,0,0
4,1041,5,27,11,2003,11,8,0
1,2564,5,27,6,2005,0,35,0
2,601,9,9,3,2010,15,2,0
3,8223,2,24,2,2010,15,0,0
6,1431,10,4,5,2013,23,17,0
5,1299,5,6,3,2009,10,20,0
5,23,5,19,10,2007,7,30,0
2,10626,9,17,9,2013,18,30,0
3,6748,8,21,1,2004,14,30,0
3,2652,6,5,10,2011,21,49,0
7,1090,4,27,2,2005,16,0,0
5,1245,10,6,4,2012,1,45,0
7,435,10,13,1,2013,22,35,0
2,3382,6,25,6,2013,0,19,0
7,9762,7,1,1,2012,13,45,0
1,2601,3,31,10,2011,10,6,0
3,2911,10,28,11,2007,14,8,0
7,4315,4,11,3,2012,17,0,0
1,2289,1,21,1,2008,12,10,0
4,7540,5,20,5,2010,22,0,0
6,2624,1,17,12,2005,23,0,0
5,8393,2,14,5,2004,5,0,0
1,11362,3,27,10,2003,23,40,0
3,654,1,5,2,2014,17,15,0
4,3986,4,18,9,2003,18,0,0
6,13252,1,3,7,2010,16,5,0
1,9058,5,21,1,2013,22,10,0
5,139,2,22,8,2003,4,15,0
5,146,10,5,9,2014,10,37,0
1,545,3,15,5,2006,7,0,0
3,772,10,14,10,2009,17,8,0
3,3021,3,1,10,2014,21,30,0
1,909,4,7,2,2005,21,5,0
2,5208,1,11,6,2013,17,30,0
1,7288,6,27,4,2009,17,54,0
2,14513,8,23,7,2013,13,0,0
4,5995,6,26,1,2012,21,0,0
7,2041,10,4,12,2011,18,0,0
6,10527,8,22,5,2010,12,25,0
4,20952,3,20,4,2006,16,30,0
5,7850,3,1,5,2009,0,1,0
4,64,4,28,7,2011,9,0,0
2,125,2,8,3,2011,20,10,0
4,1202,6,14,6,2007,21,22,0
4,3073,2,25,11,2004,3,0,0
6,1284,4,30,5,2009,17,0,0
2,125,2,11,1,2005,15,0,0
3,908,10,7,7,2004,10,0,0
3,6951,7,25,6,2014,5,46,0
6,7376,9,17,10,2009,9,0,0
7,125,2,17,10,2004,10,30,0
1,9378,5,30,8,2004,18,0,0
7,862,5,20,9,2009,13,0,0
3,14091,3,18,9,2013,21,2,0
3,977,1,9,1,2008,17,30,0
2,6695,1,17,9,2013,17,35,0
3,2271,10,14,10,2009,19,15,0
3,3862,1,17,9,2008,18,30,0
4,3629,4,17,5,2007,16,2,0
6,5004,5,11,1,2014,3,30,0
1,2050,6,6,8,2012,3,10,0
5,6267,6,4,11,2011,20,0,0
6,3710,8,18,10,2008,13,45,0
5,2118,5,28,1,2011,22,40,0
4,1160,1,19,5,2011,8,30,0
6,1630,7,20,3,2004,19,25,0
1,2270,1,8,6,2009,11,0,0
1,5491,3,2,9,2013,11,35,0
6,328,10,30,1,2010,19,10,0
3,146,10,5,4,2006,14,0,0
3,1220,10,11,11,2009,15,0,0
2,6184,3,24,6,2008,21,50,0
6,6903,1,7,3,2009,12,15,0
4,672,1,9,1,2003,14,0,0
4,125,2,8,3,2007,10,45,0
4,601,9,26,6,2014,13,50,0
5,1189,8,11,3,2011,19,0,0
6,2253,1,22,8,2009,20,15,0
7,1541,3,22,2,2004,13,10,0
1,138,10,30,10,2006,16,40,0
3,18031,10,8,2,2006,16,0,0
5,138,10,23,1,2009,10,0,0
7,527,4,17,1,2010,19,38,0
7,9023,8,10,8,2014,3,28,0
5,1074,3,23,1,2004,22,0,0
5,10076,8,20,9,2013,16,45,0
1,4301,2,27,9,2004,10,0,0
4,363,2,8,9,2011,21,45,0
6,4167,6,21,9,2013,6,56,0
5,548,10,6,4,2007,19,25,0
7,125,2,6,11,2005,14,30,0
2,83,2,28,11,2006,22,10,0
5,18622,3,18,9,2009,18,0,0
7,10453,6,11,9,2011,2,11,0
4,303,8,23,1,2003,21,30,0
6,3716,3,24,8,2013,0,59,0
3,6474,5,16,9,2009,2,54,0
2,3049,5,15,4,2003,2,59,0
3,4458,1,24,12,2014,21,39,0
2,702,10,3,3,2015,19,0,0
4,3984,4,28,1,2010,4,0,0
5,4580,1,9,2,2007,18,0,0
1,1303,2,16,2,2004,13,30,0
5,11600,9,23,8,2013,13,26,0
2,8681,6,16,4,2013,22,30,0
1,10640,8,4,10,2010,7,51,0
1,11699,1,11,12,2006,16,0,0
5,1955,9,26,12,2008,10,45,0
4,7887,4,15,6,2006,11,12,0
4,21763,7,20,2,2003,13,0,0
5,1943,2,26,3,2010,8,0,0
4,21763,7,22,1,2004,11,30,0
3,12026,8,24,3,2010,13,22,0
2,6813,4,8,6,2004,20,11,0
7,666,2,30,12,2012,6,10,0
2,10461,3,31,5,2011,20,7,0
6,1284,4,27,2,2010,9,45,0
4,8823,3,4,9,2014,20,26,0
2,2331,8,27,5,2008,15,10,0
7,666,2,4,5,2014,23,22,0
1,2041,10,31,3,2008,17,25,0
4,36,2,3,4,2003,13,45,0
5,12250,7,24,2,2006,21,30,0
2,150,10,9,12,2008,12,0,0
5,653,10,2,5,2014,15,0,0
2,12135,1,25,11,2003,20,0,0
7,1510,4,27,2,2011,7,20,0
4,3011,1,3,6,2010,12,0,0
3,2652,6,24,3,2010,18,38,0
2,13334,7,19,8,2008,21,57,0
7,4612,6,21,4,2013,13,0,0
6,13116,8,19,4,2014,12,30,0
3,2332,2,3,9,2003,11,23,0
1,21893,3,24,11,2003,11,0,0
3,6421,7,5,2,2014,15,30,0
3,238,2,19,2,2003,4,0,0
6,213,4,12,2,2011,23,5,0
4,83,2,11,12,2003,12,40,0
2,4298,10,9,3,2010,7,0,0
5,13196,5,26,6,2009,21,0,0
3,6246,8,28,5,2014,20,0,0
4,17330,2,5,5,2011,14,48,0
3,1287,2,18,2,2015,12,43,0
5,22109,5,20,8,2004,14,45,0
5,4554,7,20,3,2015,21,35,0
5,1469,3,7,5,2010,15,30,0
4,908,10,8,1,2015,15,5,0
6,2891,5,16,6,2007,15,0,0
4,2096,8,17,10,2013,23,38,0
1,8642,8,13,6,2011,7,30,0
1,17461,8,15,9,2003,8,0,0
4,2782,5,21,8,2014,12,0,0
6,8363,8,6,4,2013,20,0,0
2,2641,4,27,12,2011,0,30,0
6,17536,8,21,4,2012,20,0,0
7,666,2,22,2,2015,17,0,0
7,643,4,16,7,2006,0,1,0
6,749,2,29,12,2012,0,5,0
1,93,7,29,4,2013,0,1,0
5,622,6,2,11,2007,10,0,0
2,9236,7,17,4,2012,18,30,0
7,5252,6,4,4,2004,12,58,0
4,12841,9,10,8,2006,19,16,0
1,12911,8,6,12,2004,10,40,0
3,14225,6,11,6,2003,7,0,0
1,11209,8,11,6,2012,16,25,0
7,5166,7,15,7,2007,10,55,0
2,64,4,4,5,2010,18,19,0
1,653,10,4,4,2011,4,37,0
2,3793,4,19,2,2008,18,30,0
1,832,4,5,1,2009,4,50,0
7,1233,4,24,10,2010,22,49,0
2,4436,1,25,11,2014,18,0,0
5,3456,8,3,11,2006,11,43,0
1,998,5,4,2,2013,18,10,0
7,9512,6,12,1,2014,21,0,0
2,1150,2,21,8,2007,18,20,0
2,125,2,1,4,2008,11,30,0
6,3250,1,15,11,2014,3,48,0
1,1912,1,21,3,2011,16,0,0
1,16151,8,31,3,2008,23,0,0
6,160,5,12,3,2011,10,0,0
7,2916,1,27,7,2003,14,15,0
2,40,1,31,3,2009,10,30,0
7,5356,2,11,8,2013,17,20,0
2,2019,10,1,9,2009,15,20,0
2,1191,10,9,12,2014,5,0,0
5,2719,4,18,11,2011,4,0,0
2,2945,3,25,11,2008,19,40,0
1,2077,4,7,1,2008,19,15,0
4,7033,8,4,9,2003,9,53,0
5,12759,6,25,7,2003,19,42,0
2,5117,3,21,8,2007,17,30,0
7,2972,5,12,9,2010,20,0,0
4,2868,7,24,3,2005,11,0,0
5,1372,5,9,9,2005,0,30,0
2,174,8,3,3,2015,12,0,0
4,9779,3,3,5,2007,13,0,0
3,2497,5,25,7,2007,19,30,0
2,323,9,28,10,2014,16,33,0
7,872,2,13,2,2005,15,0,0
4,3854,4,7,9,2006,22,18,0
2,18585,5,20,1,2004,13,45,0
2,9139,5,28,5,2013,7,30,0
4,13946,6,6,2,2014,22,45,0
3,3389,5,14,12,2011,9,30,0
7,983,2,21,9,2008,8,0,0
1,677,2,26,7,2010,12,0,0
2,4535,1,27,11,2012,18,55,0
5,1392,4,29,6,2012,0,56,0
1,7322,5,17,4,2006,15,30,0
3,36,2,4,3,2015,14,0,0
3,5130,4,10,12,2008,19,38,0
6,4041,6,11,3,2006,19,0,0
2,12332,9,21,1,2014,9,0,0
5,1496,5,7,3,2014,8,15,0
1,9501,3,14,11,2011,21,20,0
5,643,4,25,2,2011,16,0,0
3,2341,5,6,2,2008,15,0,0
3,5900,7,22,2,2006,23,0,0
3,21824,5,18,8,2004,8,40,0
1,4261,4,26,5,2008,17,11,0
7,356,3,13,7,2014,20,9,0
7,21785,10,22,2,2004,7,40,0
4,3207,8,5,8,2004,16,0,0
5,8204,3,24,1,2014,14,0,0
6,2037,5,23,3,2013,20,48,0
7,8481,4,10,2,2008,19,0,0
3,1721,2,23,6,2004,18,30,0
2,2255,5,3,2,2015,21,0,0
3,1506,7,2,11,2005,3,9,0
2,392,4,27,5,2014,0,10,0
7,872,2,17,1,2010,5,18,0
7,37,2,11,1,2004,11,0,0
7,3128,3,3,12,2006,0,45,0
7,8983,4,9,9,2007,16,10,0
6,297,8,28,11,2009,23,0,0
3,8751,2,1,6,2005,16,10,0
2,10747,3,16,9,2003,7,0,0
1,16495,7,18,2,2013,15,0,0
3,10296,5,16,6,2010,2,30,0
7,1864,5,29,8,2010,15,0,0
5,3576,5,26,7,2013,13,0,0
2,1352,4,2,10,2007,3,10,0
4,548,10,4,10,2012,11,48,0
2,863,1,30,9,2008,20,32,0
6,779,2,15,12,2007,19,45,0
3,358,6,19,5,2010,20,20,0
6,8040,8,6,9,2008,17,55,0
4,8089,1,29,6,2006,10,3,0
7,11837,3,6,5,2012,9,40,0
3,2594,8,17,10,2007,9,0,0
1,9592,3,14,6,2010,22,0,0
5,102,10,1,5,2015,14,23,0
1,3341,9,21,7,2014,13,0,0
6,500,1,28,8,2010,23,0,0
7,1752,3,15,1,2012,18,0,0
7,706,8,8,3,2009,23,31,0
4,10970,2,25,11,2004,1,30,0
4,88,2,29,4,2004,21,0,0
6,3734,1,15,11,2008,2,0,0
3,518,10,30,9,2009,12,50,0
6,7874,9,20,5,2006,15,30,0
6,5217,1,18,10,2014,19,4,0
5,8039,4,9,2,2007,2,35,0
3,1606,2,13,10,2004,12,40,0
5,5355,6,9,2,2007,18,0,0
1,4609,9,20,2,2006,9,0,0
2,1694,1,29,5,2012,12,30,0
1,1056,2,6,2,2012,0,25,0
1,7744,6,4,8,2008,11,0,0
3,8281,8,11,12,2013,0,50,0
7,16075,2,1,11,2009,20,0,0
6,896,2,15,11,2014,19,20,0
1,125,2,3,3,2003,22,0,0
4,1498,5,28,1,2010,19,0,0
5,12352,9,5,4,2013,13,0,0
7,14752,3,25,9,2005,21,0,0
2,2489,1,15,4,2014,13,15,0
4,2985,5,13,7,2006,16,55,0
2,4132,7,31,3,2015,10,0,0
7,8702,8,6,11,2011,15,38,0
1,10351,3,11,11,2013,22,0,0
5,4073,3,26,3,2010,14,3,0
7,6750,5,23,2,2003,16,0,0
4,1305,1,2,4,2015,13,30,0
2,13783,9,27,11,2007,19,10,0
1,548,10,23,7,2012,23,34,0
4,166,10,10,2,2005,20,30,0
1,125,2,27,6,2011,16,0,0
2,125,2,23,2,2010,10,40,0
1,125,2,17,9,2012,0,1,0
3,22208,5,12,11,2003,16,18,0
4,8245,4,4,9,2003,12,20,0
6,8645,8,9,8,2008,5,0,0
4,1812,3,6,3,2014,9,40,0
7,229,5,14,2,2010,2,5,0
3,44,6,23,7,2014,19,6,0
7,5223,1,20,5,2012,6,0,0
3,501,4,7,7,2004,15,57,0
6,554,10,8,9,2007,16,3,0
7,7804,8,15,1,2006,1,29,0
5,83,2,9,4,2010,9,30,0
4,1722,2,14,12,2006,13,55,0
6,2427,5,14,12,2013,0,30,0
3,2490,3,30,5,2007,15,0,0
3,28,4,6,9,2006,0,50,0
4,6003,6,4,9,2008,11,20,0
7,18763,8,24,4,2005,18,45,0
5,1788,7,9,9,2005,2,5,0
3,105,5,29,4,2015,15,30,0
7,5450,4,7,3,2004,15,36,0
2,8716,9,29,6,2010,17,15,0
6,631,2,4,6,2011,18,0,0
5,91,3,4,6,2010,23,30,0
7,5078,8,25,3,2007,21,30,0
1,6149,5,24,11,2014,9,30,0
1,2372,5,29,9,2014,20,0,0
1,282,6,8,1,2007,15,0,0
4,979,4,5,3,2009,21,46,0
2,125,2,1,5,2007,17,50,0
7,14447,7,12,2,2012,23,0,0
2,666,2,25,7,2006,19,44,0
6,2393,8,16,6,2007,19,15,0
7,3661,3,13,2,2005,18,0,0
2,779,2,11,1,2011,18,0,0
1,7886,4,5,2,2007,15,15,0
3,14717,6,8,7,2009,12,37,0
7,5016,5,28,1,2007,21,0,0
6,1094,2,16,1,2010,23,0,0
7,2045,6,18,4,2004,8,50,0
3,4111,10,4,8,2004,13,0,0
4,1404,7,28,7,2005,17,30,0
3,125,2,3,11,2010,14,2,0
7,8196,5,27,3,2005,14,9,0
2,83,2,5,4,2011,18,15,0
4,6622,4,10,7,2008,21,35,0
5,125,2,21,10,2005,20,30,0
7,927,1,23,10,2011,15,16,0
3,83,2,5,3,2008,16,40,0
6,15970,8,14,6,2003,18,42,0
2,908,10,24,7,2012,16,30,0
5,945,6,17,6,2005,1,31,0
6,3093,5,28,7,2012,2,0,0
5,643,4,25,1,2008,15,56,0
6,11905,3,26,1,2013,22,41,0
4,125,2,31,5,2007,22,45,0
3,5450,4,4,5,2005,6,30,0
5,6213,3,25,7,2008,21,54,0
5,924,5,29,11,2013,9,40,0
6,8207,8,5,5,2007,20,30,0
4,5432,3,24,6,2004,21,0,0
1,3115,9,2,8,2004,21,14,0
6,828,1,23,4,2005,22,30,0
7,3,5,31,7,2005,6,10,0
4,73,7,27,12,2007,18,0,0
6,408,2,18,4,2009,17,35,0
2,1157,2,29,9,2009,16,40,0
4,2488,1,29,5,2003,19,50,0
7,3653,9,15,6,2014,22,0,0
1,4009,2,16,5,2005,18,17,0
2,346,1,5,2,2008,18,40,0
6,9206,5,26,6,2004,15,0,0
6,213,4,18,5,2013,22,0,0
2,4114,10,18,9,2007,15,0,0
4,10762,6,3,11,2011,23,0,0
7,1520,5,9,2,2014,17,30,0
5,4364,1,27,1,2006,22,45,0
3,1214,10,25,1,2012,16,6,0
5,428,4,8,2,2013,17,5,0
4,2253,1,29,7,2010,21,0,0
1,1593,2,29,11,2010,8,28,0
4,363,2,2,12,2010,14,7,0
4,13682,6,11,12,2003,13,45,0
1,5015,1,5,1,2015,10,16,0
5,14952,6,8,9,2006,18,30,0
6,1950,2,24,9,2011,16,0,0
2,7714,8,20,9,2011,17,30,0
3,11700,1,15,9,2004,20,56,0
4,844,5,21,2,2013,10,30,0
3,6393,3,13,12,2006,13,54,0
3,585,6,28,12,2011,22,58,0
3,132,7,21,1,2009,23,0,0
5,10571,4,9,9,2005,17,0,0
3,643,4,27,6,2012,2,29,0
4,8954,4,16,6,2011,9,12,0
1,13008,8,20,2,2012,13,0,0
3,16580,3,26,12,2007,17,35,0
2,45,3,3,2,2004,19,15,0
1,18,10,17,5,2010,13,49,0
1,1259,8,17,10,2011,10,45,0
1,5383,5,11,11,2013,7,59,0
4,619,8,26,6,2008,18,55,0
4,21840,2,30,9,2004,11,30,0
6,7068,10,8,3,2008,3,43,0
6,501,4,13,7,2013,19,45,0
2,2879,5,9,7,2013,10,54,0
5,9337,3,3,4,2009,10,0,0
5,1351,8,21,8,2009,13,10,0
4,125,2,2,4,2015,13,55,0
2,4059,8,28,4,2009,3,0,0
6,21784,10,18,9,2004,16,45,0
4,125,2,5,3,2009,5,55,0
5,18260,7,4,11,2011,13,0,0
7,2091,2,5,6,2005,12,0,0
3,307,3,16,4,2014,21,0,0
5,1611,3,19,11,2010,10,53,0
3,1288,3,24,2,2010,11,7,0
3,9056,7,24,2,2010,13,0,0
4,538,8,11,6,2009,17,42,0
1,17710,8,2,2,2004,0,1,0
4,95,8,14,6,2007,22,8,0
1,3371,5,11,6,2007,11,45,0
4,2534,4,2,10,2003,13,5,0
1,6029,9,21,7,2014,12,0,0
7,98,4,8,4,2007,14,0,0
7,5941,4,30,7,2006,14,30,0
6,1160,1,2,7,2011,13,30,0
5,1962,5,4,4,2008,20,0,0
4,9800,7,6,4,2006,17,45,0
5,125,2,15,1,2010,14,20,0
2,1825,1,23,6,2009,11,15,0
1,4069,9,29,4,2013,22,55,0
3,800,4,29,5,2013,10,30,0
3,3194,8,27,11,2013,10,0,0
4,2035,10,29,7,2010,20,17,0
1,1351,8,16,3,2015,18,15,0
6,1429,10,18,6,2005,12,21,0
5,12689,8,7,5,2010,21,56,0
4,4582,1,29,12,2011,15,53,0
7,213,4,9,3,2008,7,58,0
7,6302,4,10,4,2005,23,0,0
6,1334,3,25,1,2003,11,20,0
1,2580,3,6,12,2004,20,15,0
6,250,4,7,2,2009,13,0,0
3,12437,3,30,5,2012,19,10,0
6,648,2,7,9,2013,22,0,0
3,156,2,29,5,2013,2,15,0
1,14010,3,31,5,2010,11,46,0
1,1736,5,24,7,2006,15,10,0
6,125,2,7,10,2006,0,30,0
1,784,2,20,2,2012,19,50,0
5,88,2,10,1,2014,22,0,0
4,9679,4,7,4,2011,16,25,0
6,10843,8,23,10,2010,18,0,0
7,2794,7,28,3,2010,17,55,0
4,12273,3,28,6,2012,15,1,0
7,9536,7,17,11,2013,9,0,0
7,269,1,13,2,2005,1,0,0
7,779,2,29,6,2008,17,0,0
1,5479,5,26,12,2005,13,30,0
3,872,2,3,9,2003,15,40,0
3,1764,1,29,4,2015,14,0,0
3,741,2,21,1,2004,9,40,0
2,435,10,17,5,2011,5,52,0
5,1484,1,18,11,2011,19,15,0
4,12584,9,3,9,2009,14,0,0
3,22,10,13,5,2015,21,0,0
5,50,5,25,7,2014,8,0,0
7,16440,2,15,11,2009,16,45,0
6,8332,6,25,1,2003,5,0,0
1,6799,5,22,7,2013,7,55,0
2,4111,10,21,3,2006,8,0,0
4,2041,10,4,3,2004,21,50,0
3,511,4,24,8,2005,7,7,0
4,4721,4,3,4,2008,0,1,0
7,363,2,1,1,2006,1,0,0
3,4765,2,16,4,2014,9,56,0
6,6779,4,22,9,2007,7,5,0
6,2391,2,8,3,2014,12,40,0
3,504,4,2,10,2013,10,48,0
2,21794,5,12,10,2004,17,0,0
7,3406,1,11,4,2010,7,4,0
4,2952,7,21,8,2014,14,13,0
6,3677,2,5,11,2011,21,0,0
2,2400,10,5,2,2013,7,30,0
4,9356,4,23,7,2009,19,30,0
1,1969,4,18,2,2008,16,0,0
2,1950,2,9,8,2005,16,0,0
1,5412,4,21,2,2005,15,0,0
2,720,5,1,4,2008,18,20,0
6,5526,3,5,11,2011,0,38,0
5,38,10,10,8,2012,16,40,0
5,2398,2,18,4,2003,6,15,0
3,8699,8,29,6,2011,0,30,0
6,1622,5,20,3,2004,5,30,0
4,591,9,19,3,2015,23,30,0
6,501,4,25,9,2010,15,0,0
5,5914,6,10,1,2003,11,15,0
3,6761,7,18,2,2009,12,30,0
2,9426,3,24,1,2012,15,30,0
6,4837,9,12,2,2005,22,0,0
5,9045,9,2,12,2011,17,0,0
7,2017,4,20,4,2008,4,20,0
5,9023,8,25,3,2005,17,23,0
5,2226,5,11,8,2006,10,0,0
1,2765,5,26,6,2006,18,20,0
5,530,8,23,3,2012,16,13,0
7,538,8,16,7,2006,20,1,0
3,12411,1,7,8,2013,18,25,0
4,36,2,4,9,2003,8,5,0
5,7291,6,27,1,2006,18,30,0
7,123,8,19,10,2008,6,21,0
4,6364,8,28,5,2009,12,1,0
7,771,1,16,11,2008,0,28,0
4,1987,6,13,5,2004,9,45,0
5,1752,3,13,7,2012,13,0,0
4,125,2,13,11,2008,17,20,0
1,9018,8,17,3,2008,7,31,0
1,12374,5,23,8,2010,11,30,0
6,4269,7,30,11,2013,11,30,0
7,7939,1,16,11,2014,23,17,0
6,7031,1,24,4,2010,23,0,0
2,9399,5,3,9,2013,5,41,0
5,8838,1,27,8,2010,17,25,0
6,7924,4,7,2,2004,14,4,0
7,38,10,19,10,2003,14,30,0
1,5169,2,15,9,2008,17,15,0
4,872,2,26,6,2014,13,1,0
3,4062,4,11,7,2007,0,30,0
6,2828,8,28,7,2012,18,18,0
1,369,5,22,12,2008,19,45,0
7,4062,4,13,3,2005,17,58,0
4,9041,3,2,11,2006,14,28,0
6,5977,3,24,8,2013,11,0,0
2,5930,5,3,2,2004,10,0,0
7,2491,9,8,8,2004,20,30,0
4,408,2,29,11,2012,16,56,0
6,2855,1,31,7,2010,18,0,0
1,11988,4,17,9,2007,6,50,0
6,114,8,24,1,2015,9,0,0
5,356,3,4,4,2014,15,17,0
6,816,2,27,2,2010,18,0,0
4,6102,1,17,4,2008,23,30,0
1,1131,3,28,4,2003,23,8,0
4,772,10,28,12,2006,10,0,0
6,10956,4,6,9,2014,6,44,0
3,1809,10,23,7,2014,8,0,0
3,5480,7,29,10,2008,10,40,0
2,682,10,27,5,2008,13,20,0
7,4692,3,1,1,2006,2,23,0
6,2904,2,14,12,2013,2,25,0
2,13637,3,24,11,2009,17,55,0
2,10355,8,24,8,2010,12,0,0
1,6460,8,29,11,2010,11,15,0
5,13358,8,14,7,2006,7,0,0
4,21710,9,23,12,2004,3,0,0
2,619,8,11,11,2008,18,20,0
7,105,5,26,8,2012,17,0,0
6,5979,5,21,2,2015,22,0,0
2,1469,3,13,4,2004,18,29,0
6,13396,1,15,1,2011,21,30,0
2,2732,2,21,8,2007,17,0,0
5,22650,7,2,5,2003,22,30,0
5,4114,5,3,6,2011,13,53,0
1,1304,5,28,4,2014,8,15,0
1,256,2,28,4,2003,15,29,0
2,3103,2,10,8,2010,19,20,0
7,125,2,2,11,2003,19,0,0
5,5220,5,31,10,2003,11,21,0
3,4885,6,3,10,2007,23,0,0
6,10804,5,2,6,2012,20,0,0
2,3395,8,9,7,2013,5,40,0
5,5702,8,12,12,2014,22,30,0
3,2235,4,29,10,2014,23,45,0
2,1536,6,3,10,2006,15,50,0
4,6179,7,23,2,2012,2,0,0
6,1306,2,23,4,2011,16,3,0
1,12433,4,5,1,2009,19,43,0
4,3508,4,15,5,2008,5,21,0
2,320,1,19,8,2003,8,30,0
4,1121,10,4,5,2006,12,42,0
5,2490,3,2,10,2009,15,5,0
5,1584,5,30,5,2014,12,0,0
1,324,1,15,10,2012,18,30,0
6,1427,1,7,5,2011,23,39,0
6,3172,5,14,8,2010,19,0,0
3,14851,9,4,2,2004,12,10,0
1,98,4,12,7,2010,22,3,0
7,8685,1,22,3,2009,2,7,0
5,33,5,9,8,2013,16,0,0
2,2289,1,20,1,2009,12,0,0
2,6754,1,29,4,2008,14,0,0
6,4401,6,14,6,2003,13,0,0
4,2533,5,24,2,2011,0,1,0
4,8838,10,25,7,2013,14,38,0
1,853,2,13,12,2010,17,0,0
6,14789,7,10,3,2012,18,18,0
6,1352,4,3,10,2009,6,25,0
6,2803,10,19,4,2003,18,20,0
1,4516,8,21,8,2006,21,20,0
6,2716,1,4,4,2015,12,0,0
3,823,2,29,6,2011,4,55,0
3,651,9,25,12,2013,17,0,0
6,15344,5,1,7,2006,1,38,0
4,346,1,29,6,2006,10,55,0
6,722,8,16,11,2013,21,49,0
7,7587,3,25,9,2011,10,34,0
5,12573,5,1,5,2009,13,30,0
1,5837,4,17,9,2012,10,0,0
6,3561,3,17,4,2004,17,30,0
7,93,7,26,8,2007,6,30,0
5,8257,6,26,12,2014,11,9,0
7,999,1,4,11,2012,0,1,0
4,4111,10,8,1,2004,17,50,0
2,6385,7,29,4,2014,16,0,0
6,3315,2,24,1,2004,6,27,0
3,6551,7,30,11,2011,9,30,0
5,6502,9,6,5,2005,10,30,0
3,133,3,11,7,2007,15,32,0
2,1556,5,31,10,2006,21,20,0
3,11597,6,31,3,2004,21,45,0
4,1760,10,2,4,2009,8,58,0
5,2428,5,27,6,2003,1,20,0
2,6364,8,21,12,2004,20,30,0
4,403,7,23,8,2012,12,0,0
5,5832,7,30,5,2008,8,57,0
2,1525,4,23,8,2005,13,0,0
2,11156,8,30,10,2007,19,30,0
7,3875,2,13,1,2008,7,1,0
7,5215,3,10,8,2014,18,15,0
6,8944,6,20,10,2012,21,36,0
5,12292,3,30,11,2007,21,4,0
6,374,8,21,4,2007,14,0,0
1,7226,8,3,2,2003,22,30,0
4,2178,6,26,1,2006,17,15,0
3,4549,9,29,6,2005,22,34,0
3,2869,10,28,11,2007,13,50,0
2,957,2,20,7,2004,9,23,0
1,16908,8,26,4,2004,7,0,0
1,4809,8,5,1,2009,15,30,0
4,3593,5,13,12,2012,19,0,0
6,1150,2,14,8,2010,12,0,0
1,10303,1,28,11,2005,15,0,0
3,4362,5,19,4,2006,15,53,0
6,402,4,29,1,2005,9,30,0
4,22987,3,10,7,2003,22,0,0
7,14741,8,25,9,2011,19,49,0
4,19323,9,20,5,2010,10,41,0
5,2132,2,27,7,2007,22,30,0
7,125,2,13,3,2011,11,0,0
7,138,10,16,11,2008,20,36,0
1,3857,5,6,7,2009,18,30,0
6,4437,5,18,4,2009,18,0,0
5,392,4,15,6,2007,15,12,0
5,1061,4,20,3,2015,23,0,0
2,10025,7,23,7,2013,8,45,0
2,5919,5,25,12,2007,15,15,0
3,2911,10,24,12,2008,15,14,0
7,829,1,24,2,2008,1,13,0
6,554,10,12,7,2014,21,5,0
7,1445,1,28,7,2013,15,30,0
4,4856,5,21,8,2008,22,0,0
4,1884,3,16,9,2004,23,10,0
3,12256,9,23,1,2008,6,30,0
4,3129,1,6,9,2012,17,20,0
4,6881,6,12,6,2003,1,57,0
2,713,4,26,12,2006,2,45,0
2,182,4,11,11,2008,12,0,0
7,17008,1,10,4,2005,10,0,0
7,1978,8,18,11,2012,22,0,0
5,2814,4,24,12,2004,0,45,0
4,3229,3,29,6,2006,22,0,0
2,139,2,5,9,2006,23,0,0
7,4235,2,4,12,2005,0,30,0
7,146,10,17,11,2013,14,50,0
3,2225,5,9,2,2011,12,45,0
1,1395,6,23,1,2012,21,50,0
1,538,8,28,10,2013,17,0,0
5,125,2,21,2,2014,19,7,0
6,139,2,31,5,2008,9,51,0
1,2521,9,30,5,2005,10,15,0
1,324,1,16,4,2012,17,35,0
5,18748,7,30,7,2010,15,0,0
5,2114,9,11,12,2009,18,30,0
2,602,2,18,3,2014,9,28,0
6,366,10,29,11,2008,23,59,0
4,7070,8,8,1,2009,9,0,0
5,4547,5,7,4,2006,21,0,0
1,655,5,1,5,2006,11,41,0
5,81,3,25,2,2011,11,51,0
1,46,2,16,5,2005,21,25,0
2,303,8,20,3,2012,14,30,0
2,12048,7,29,9,2009,12,42,0
3,1567,5,15,11,2006,13,0,0
1,427,2,26,12,2011,9,25,0
7,145,3,11,1,2009,0,59,0
3,7327,5,9,1,2008,16,20,0
4,5206,5,12,11,2009,7,5,0
3,1345,1,15,4,2015,3,30,0
1,501,4,8,11,2004,15,45,0
1,1175,5,28,11,2011,19,0,0
1,572,4,22,8,2011,22,30,0
7,7173,7,4,6,2006,5,0,0
3,1076,5,15,12,2010,0,1,0
2,1729,5,19,8,2003,23,23,0
7,2068,9,11,9,2005,2,0,0
6,3727,10,28,6,2014,9,0,0
1,2803,10,4,2,2013,15,30,0
5,8596,9,13,7,2007,7,0,0
7,442,2,9,3,2003,20,9,0
6,10845,4,15,1,2005,20,53,0
6,2661,1,13,3,2010,17,45,0
5,2225,5,4,6,2010,13,30,0
7,15356,8,24,4,2005,1,35,0
2,4828,3,4,5,2010,2,0,0
2,6754,1,21,8,2007,16,0,0
1,478,1,5,1,2015,0,28,0
7,717,2,22,5,2011,9,0,0
5,5015,1,29,5,2009,22,0,0
7,4446,2,20,6,2010,21,0,0
2,10463,4,15,5,2012,20,0,0
2,4981,9,13,4,2004,10,0,0
2,5159,7,3,3,2009,19,7,0
7,11913,7,13,7,2014,20,17,0
3,5439,3,22,8,2012,0,4,0
4,2831,4,17,11,2005,10,30,0
7,586,8,15,6,2008,2,0,0
6,6212,4,5,5,2012,18,44,0
5,310,8,30,5,2003,16,46,0
3,4261,4,3,3,2004,21,30,0
3,138,10,8,2,2006,14,2,0
1,2666,3,23,11,2009,8,50,0
6,1951,2,19,4,2008,21,10,0
3,14547,9,16,10,2013,6,30,0
5,17215,7,12,12,2003,15,10,0
6,729,4,26,3,2005,2,0,0
4,435,10,23,3,2006,15,38,0
4,102,10,5,5,2005,4,38,0
1,167,5,22,7,2013,22,30,0
4,7526,8,1,7,2010,9,0,0
6,501,4,22,5,2010,0,28,0
6,343,4,23,8,2008,18,0,0
4,80,1,13,7,2006,21,30,0
5,11182,5,25,6,2004,7,50,0
3,18150,3,22,3,2006,4,6,0
3,430,1,22,12,2004,11,30,0
1,9795,5,18,3,2013,16,0,0
7,7859,3,7,10,2007,2,15,0
1,538,8,16,3,2009,17,55,0
7,2785,1,20,4,2008,14,0,0
1,5525,1,30,10,2006,18,30,0
3,4999,8,23,8,2006,13,42,0
3,5971,4,27,12,2006,17,45,0
5,1954,10,16,7,2010,22,18,0
3,9132,8,7,4,2010,16,9,0
4,1012,4,4,4,2013,1,30,0
2,2046,2,11,1,2011,13,0,0
3,2162,5,9,7,2003,19,15,0
7,552,4,1,1,2012,2,30,0
4,203,2,2,5,2013,7,10,0
3,392,4,5,10,2011,0,1,0
5,77,10,2,5,2003,17,31,0
7,323,9,13,7,2008,23,10,0
7,4502,1,7,9,2008,13,0,0
2,163,7,21,8,2007,10,10,0
3,3131,10,19,8,2009,15,0,0
1,10066,4,10,7,2006,12,5,0
5,1809,10,6,10,2006,12,40,0
6,2534,4,13,7,2013,12,57,0
6,12416,3,14,6,2014,1,12,0
2,1915,5,20,1,2004,17,0,0
2,36,2,10,7,2012,9,58,0
5,1091,10,29,6,2012,12,41,0
5,1622,5,22,3,2013,17,3,0
3,7347,7,9,8,2006,5,0,0
4,7732,4,30,10,2008,19,15,0
5,19424,9,22,2,2008,12,58,0
6,1089,2,6,9,2014,20,15,0
3,4823,1,17,11,2010,8,0,0
4,1973,9,13,11,2008,15,25,0
6,927,1,25,12,2004,21,0,0
5,4219,5,30,12,2005,2,38,0
4,125,2,15,11,2007,0,1,0
4,1129,4,2,10,2003,12,32,0
7,1954,10,12,1,2003,17,27,0
5,8824,4,29,11,2013,16,45,0
6,1191,10,2,6,2007,12,36,0
6,138,2,11,3,2006,17,25,0
3,2891,5,25,1,2012,12,45,0
5,10759,7,16,10,2009,17,0,0
3,5645,6,4,3,2015,1,30,0
7,8923,2,8,5,2005,18,30,0
5,4024,8,3,6,2005,15,30,0
2,2962,8,8,6,2004,16,0,0
6,20691,2,24,3,2007,3,18,0
7,12087,5,10,10,2010,22,19,0
4,185,2,12,8,2010,0,1,0
2,1556,5,16,9,2003,7,20,0
5,16873,1,30,11,2012,2,0,0
4,1692,6,1,12,2011,16,42,0
5,666,2,8,10,2010,0,1,0
2,1958,3,11,6,2013,15,0,0
4,6259,7,30,10,2014,17,21,0
4,13953,9,31,5,2007,8,22,0
6,88,2,19,5,2012,10,19,0
2,872,2,7,7,2009,7,11,0
5,3406,1,25,6,2004,18,0,0
3,7559,1,17,10,2007,0,10,0
1,11008,6,16,5,2011,17,0,0
2,11574,8,20,2,2007,18,0,0
7,2862,10,16,1,2011,5,58,0
7,17148,8,27,1,2008,21,0,0
1,3508,4,20,12,2004,16,20,0
2,8925,5,11,7,2006,15,0,0
3,46,2,13,1,2010,9,0,0
4,7078,6,2,12,2010,21,20,0
1,5951,9,2,8,2004,9,15,0
7,6786,7,30,11,2008,10,29,0
5,2047,6,22,2,2013,14,30,0
7,213,4,20,11,2005,23,50,0
6,10620,4,10,9,2005,8,8,0
5,1673,5,3,11,2006,9,0,0
3,9052,8,20,3,2013,9,39,0
7,2835,10,25,9,2005,18,0,0
5,2772,9,10,8,2012,0,41,0
7,10626,9,2,6,2013,12,0,0
4,7849,4,8,1,2015,19,40,0
2,125,2,7,2,2012,16,30,0
5,263,1,26,3,2010,17,44,0
7,182,4,18,5,2008,10,0,0
5,139,2,28,7,2006,16,56,0
3,4497,5,17,10,2012,16,30,0
6,2165,9,22,10,2005,17,0,0
6,2159,10,4,10,2003,14,30,0
1,10424,3,2,5,2005,12,0,0
7,6891,4,14,7,2013,0,54,0
3,1637,2,22,2,2006,8,55,0
5,2442,8,16,11,2012,15,46,0
1,2192,10,28,5,2007,9,20,0
3,5701,6,6,8,2003,20,30,0
1,2396,1,28,9,2009,10,33,0
3,77,10,5,3,2008,23,20,0
7,17550,3,8,5,2011,11,0,0
7,8839,4,5,10,2003,20,20,0
1,5092,4,16,3,2009,19,40,0
6,1382,6,19,5,2007,15,30,0
4,7928,4,29,12,2005,16,0,0
2,7859,3,22,3,2005,17,0,0
5,268,1,23,1,2004,12,0,0
2,3960,2,19,9,2006,22,36,0
5,9904,3,27,12,2013,16,30,0
4,9551,5,16,10,2014,9,53,0
7,9329,4,9,8,2009,17,10,0
4,3093,5,5,4,2007,0,1,0
4,1083,1,19,5,2011,23,9,0
6,8630,2,29,11,2014,19,30,0
6,20628,5,9,2,2008,1,0,0
3,5279,3,1,11,2006,0,1,0
7,1245,10,9,5,2010,16,0,0
5,318,6,14,7,2006,19,12,0
7,166,10,29,8,2010,19,50,0
6,7557,1,6,5,2006,3,0,0
2,1252,2,14,6,2011,1,30,0
5,8097,3,12,8,2011,9,35,0
6,57,9,3,10,2009,3,15,0
6,3396,10,4,6,2005,6,0,0
5,2101,1,29,12,2006,19,43,0
2,1920,5,17,3,2009,14,0,0
4,3461,2,19,5,2011,12,51,0
4,7928,4,16,10,2003,18,30,0
2,3810,7,23,12,2008,16,0,0
3,1345,1,27,6,2012,20,55,0
2,468,2,25,6,2013,16,37,0
7,6504,3,25,1,2004,12,11,0
1,2571,1,19,9,2011,9,0,0
3,964,3,31,3,2004,18,0,0
5,5782,5,17,5,2013,15,31,0
4,408,2,10,12,2009,15,20,0
5,19675,1,4,11,2005,17,0,0
3,1379,1,26,12,2007,23,33,0
4,6677,5,22,4,2010,22,30,0
4,6420,2,8,9,2005,9,14,0
7,2909,2,10,3,2013,12,6,0
4,1721,2,13,7,2006,23,0,0
6,14368,6,21,2,2009,21,25,0
5,821,10,13,1,2012,15,37,0
1,1351,8,28,11,2005,8,45,0
5,15,10,27,6,2008,13,20,0
5,755,4,19,10,2012,6,15,0
4,4435,3,16,6,2005,16,13,0
5,292,5,10,1,2014,17,0,0
7,3148,5,27,7,2014,21,0,0
4,13050,9,22,8,2013,3,0,0
4,5998,8,18,5,2006,17,20,0
3,4342,1,25,6,2003,20,0,0
4,3409,9,4,10,2012,23,0,0
7,872,2,1,6,2014,15,30,0
5,2092,7,15,1,2010,17,0,0
3,301,2,22,8,2007,18,45,0
2,2545,4,10,7,2007,11,1,0
2,2192,10,30,9,2003,18,20,0
5,6180,5,1,11,2013,16,15,0
2,3297,7,5,4,2011,18,55,0
4,349,2,11,12,2014,20,55,0
6,1597,8,23,10,2010,18,0,0
2,125,2,19,2,2013,18,30,0
1,5988,1,12,12,2005,12,0,0
3,5077,9,30,5,2007,9,30,0
1,9316,9,31,10,2011,21,20,0
6,13917,8,8,2,2014,15,33,0
2,782,5,24,1,2012,0,1,0
5,6178,6,25,2,2011,15,15,0
1,501,4,30,10,2006,6,37,0
5,3846,10,7,3,2008,10,3,0
4,125,2,3,11,2011,13,0,0
4,2335,9,10,1,2013,0,5,0
1,1095,5,30,3,2015,20,0,0
3,125,2,7,8,2013,0,1,0
7,2281,2,7,11,2010,17,0,0
2,5964,6,29,6,2010,17,15,0
3,2811,1,24,11,2004,16,0,0
1,779,2,3,10,2005,3,40,0
4,4204,4,27,12,2012,1,0,0
7,6414,8,11,2,2007,19,4,0
1,11935,8,23,1,2006,2,0,0
5,361,2,30,12,2011,0,25,0
3,1091,10,29,10,2014,21,28,0
3,530,8,31,10,2012,8,30,0
5,125,2,5,4,2013,10,0,0
3,9081,6,8,1,2003,20,40,0
1,2666,3,1,9,2014,21,45,0
5,8571,5,26,1,2007,19,0,0
2,6184,3,2,10,2012,9,0,0
1,4446,2,31,3,2003,9,10,0
1,171,1,13,4,2015,17,9,0
2,3312,1,25,5,2004,17,0,0
4,608,2,20,3,2003,8,0,0
4,3543,2,10,7,2014,21,0,0
7,2355,7,19,4,2015,9,38,0
2,4140,10,21,2,2006,0,4,0
6,646,6,15,6,2013,12,0,0
1,7870,1,19,9,2011,14,45,0
5,5277,7,2,7,2010,18,43,0
1,5532,3,6,9,2010,2,49,0
3,643,4,2,5,2012,14,40,0
5,1157,2,29,12,2006,17,30,0
5,1002,8,14,7,2006,14,0,0
4,2430,8,29,12,2005,21,0,0
7,6899,1,15,1,2006,22,10,0
2,15238,3,22,6,2004,15,3,0
7,3600,1,29,7,2012,2,49,0
3,125,2,29,5,2013,20,10,0
2,12204,5,9,12,2003,9,17,0
3,18157,7,21,3,2007,18,45,0
7,852,8,11,3,2007,2,0,0
1,14451,3,20,7,2009,20,25,0
5,408,2,4,11,2011,18,0,0
7,15656,8,14,7,2013,15,0,0
7,5451,5,9,3,2008,6,57,0
3,1507,10,4,2,2015,23,0,0
1,19161,8,16,4,2007,12,30,0
6,486,3,6,10,2007,8,51,0
6,1921,4,7,4,2007,11,40,0
4,548,10,9,7,2009,15,0,0
5,10707,8,19,9,2014,23,52,0
1,435,10,13,6,2005,10,35,0
6,1991,10,11,1,2014,16,9,0
3,13319,6,6,4,2005,10,0,0
5,2682,6,17,4,2015,14,25,0
5,4005,4,6,8,2004,15,0,0
2,8325,6,7,3,2006,23,0,0
3,1650,3,28,12,2005,0,1,0
6,1235,5,2,5,2015,0,1,0
3,1560,4,4,10,2006,20,38,0
1,2365,5,13,12,2010,22,0,0
5,1728,2,24,2,2012,20,0,0
6,10062,4,20,4,2013,23,30,0
4,4059,8,5,2,2015,8,0,0
5,7192,8,14,1,2005,15,37,0
4,88,2,22,9,2011,8,35,0
2,10436,9,22,3,2011,19,0,0
1,10302,8,17,10,2005,12,0,0
3,4,6,13,5,2015,23,30,0
3,4649,7,15,10,2008,21,55,0
6,572,4,1,11,2003,0,1,0
6,969,2,13,12,2008,11,6,0
7,1157,2,10,8,2008,11,43,0
1,2144,5,25,6,2007,19,19,0
1,2311,5,18,2,2013,11,39,0
7,1300,6,1,8,2010,19,40,0
2,12311,3,10,1,2006,20,40,0
6,7633,3,4,6,2011,17,30,0
1,408,2,23,1,2012,12,0,0
3,3718,3,6,10,2010,12,24,0
2,14563,6,23,7,2013,10,0,0
5,6091,5,28,1,2005,19,30,0
5,2108,2,17,10,2003,12,11,0
7,11743,4,11,1,2004,1,0,0
4,1220,10,18,10,2012,0,1,0
2,6738,4,27,4,2004,10,0,0
6,21831,5,18,9,2004,6,50,0
1,1447,9,1,4,2013,13,0,0
3,190,9,17,10,2012,10,10,0
6,11683,9,26,7,2014,22,30,0
7,2156,2,17,11,2013,16,53,0
7,346,1,27,7,2014,16,42,0
1,898,2,13,12,2010,8,30,0
6,5837,4,5,10,2013,15,25,0
6,1676,2,30,7,2005,13,0,0
5,85,6,1,11,2013,0,1,0
5,2546,1,11,6,2004,11,22,0
5,7416,3,8,4,2011,14,30,0
2,4927,2,11,5,2004,1,50,0
1,1920,5,8,12,2003,16,5,0
4,3436,9,13,7,2006,9,0,0
1,507,5,12,4,2004,21,0,0
3,157,10,12,1,2005,0,35,0
6,4727,7,2,11,2013,1,0,0
5,9928,7,31,10,2003,11,0,0
5,5768,7,14,11,2003,15,0,0
7,19242,9,29,1,2006,20,0,0
1,4678,2,6,9,2010,21,45,0
7,213,4,27,7,2014,19,0,0
7,4788,5,31,7,2005,2,0,0
2,4091,4,14,6,2005,5,0,0
5,8904,3,20,3,2009,15,20,0
3,821,10,19,10,2011,13,51,0
4,2887,2,14,10,2004,9,0,0
6,408,2,7,5,2011,18,8,0
1,1214,10,21,12,2009,17,0,0
7,2995,5,19,6,2011,6,0,0
7,1586,5,12,9,2010,17,0,0
7,6509,5,11,8,2013,12,59,0
5,101,4,26,1,2007,1,50,0
7,138,10,11,1,2009,11,4,0
5,1319,2,29,1,2010,23,45,0
2,11868,8,24,11,2009,19,0,0
1,278,8,1,5,2006,11,27,0
4,18,10,10,6,2004,14,31,0
3,1220,10,13,5,2009,15,0,0
3,951,5,13,12,2006,8,0,0
7,8318,1,21,9,2014,18,45,0
2,18816,9,8,3,2005,16,0,0
6,11813,3,25,2,2012,5,0,0
3,538,8,15,10,2014,15,30,0
3,11021,4,6,4,2011,8,38,0
4,4111,10,29,4,2004,21,15,0
4,94,1,27,11,2008,18,49,0
6,153,1,4,10,2008,10,0,0
6,7331,2,17,11,2007,3,51,0
3,8795,1,25,7,2012,16,30,0
3,468,2,22,1,2003,1,31,0
2,1248,2,29,5,2012,20,18,0
5,6376,3,3,5,2013,8,45,0
2,859,1,10,1,2006,4,44,0
1,1172,4,18,8,2003,15,45,0
3,5081,7,19,9,2007,12,30,0
6,13170,3,31,10,2009,16,0,0
4,408,2,25,3,2010,16,30,0
5,1757,3,29,12,2006,17,59,0
1,3517,5,12,5,2003,20,0,0
3,2093,4,10,12,2008,13,45,0
2,2041,10,27,5,2014,21,8,0
6,1219,2,28,6,2003,10,0,0
6,93,7,20,10,2007,9,10,0
5,872,2,12,11,2004,10,30,0
7,125,2,24,3,2013,15,0,0
6,2490,3,25,7,2009,5,5,0
3,4929,3,4,9,2013,17,57,0
2,13488,4,31,5,2005,19,30,0
3,3875,2,27,1,2010,21,5,0
4,3183,2,1,12,2005,9,10,0
7,16915,1,18,11,2012,20,30,0
3,902,5,29,10,2014,22,0,0
2,8285,3,23,2,2010,10,30,0
5,2269,2,25,7,2003,19,0,0
1,22967,2,31,3,2003,23,30,0
2,10416,3,26,7,2005,5,58,0
7,5898,1,6,10,2013,9,0,0
7,17947,8,26,2,2012,16,0,0
3,608,2,29,10,2014,14,0,0
3,14447,7,24,2,2010,6,40,0
7,19722,7,2,12,2007,18,0,0
1,119,6,18,4,2011,11,0,0
5,3112,1,24,8,2012,23,17,0
1,1704,2,5,2,2007,17,0,0
4,2041,10,3,11,2011,17,0,0
2,14851,9,26,12,2006,1,0,0
4,340,6,6,10,2005,23,0,0
1,105,5,11,12,2006,13,0,0
3,353,2,5,9,2007,19,35,0
1,11676,8,28,6,2010,23,45,0
3,47,2,19,9,2012,19,36,0
1,2791,8,31,10,2011,21,10,0
3,9894,6,1,6,2005,6,0,0
7,105,5,6,4,2014,17,5,0
2,6307,9,3,4,2007,11,0,0
4,2132,2,27,1,2011,16,30,0
5,4714,2,30,5,2003,19,30,0
6,2391,2,18,10,2003,1,0,0
1,1475,8,2,2,2015,2,25,0
1,744,10,5,8,2013,17,3,0
5,6691,6,1,5,2009,12,0,0
3,6873,9,10,12,2008,7,30,0
5,6315,3,15,5,2009,17,20,0
7,1703,5,13,7,2014,18,0,0
6,1727,2,21,5,2011,23,3,0
5,9247,8,23,1,2009,6,40,0
6,1204,2,13,8,2005,22,15,0
5,3423,2,1,7,2005,10,20,0
7,125,2,3,7,2005,13,54,0
4,16524,5,25,12,2008,17,5,0
3,185,2,27,1,2010,17,50,0
3,872,2,13,1,2010,4,1,0
5,756,3,26,7,2013,18,30,0
7,8200,6,23,8,2009,10,5,0
5,4870,8,30,4,2004,11,45,0
1,1951,2,30,5,2005,8,30,0
4,3725,10,24,1,2013,9,52,0
1,9724,9,31,3,2008,16,53,0
3,8198,8,20,8,2014,20,0,0
7,1951,2,13,3,2011,16,50,0
6,8805,7,18,10,2003,13,0,0
6,213,4,29,1,2011,12,20,0
5,3898,2,19,4,2013,18,30,0
3,5140,6,27,7,2011,9,0,0
3,83,2,25,6,2014,4,0,0
5,709,7,12,7,2013,22,15,0
2,744,10,12,7,2005,10,15,0
2,6928,8,19,8,2003,15,30,0
5,2089,3,2,11,2007,16,58,0
3,5121,5,1,10,2003,19,30,0
5,12272,4,3,10,2003,22,21,0
7,2330,4,4,7,2010,4,40,0
5,2737,3,25,1,2013,18,0,0
1,3049,5,28,5,2012,13,50,0
2,126,8,30,4,2013,1,0,0
5,1163,4,25,7,2008,5,30,0
5,363,2,19,10,2007,10,50,0
5,7108,5,5,4,2013,9,30,0
6,21339,3,15,1,2005,18,35,0
3,11682,5,6,2,2013,19,30,0
4,4381,8,19,5,2011,0,46,0
1,517,2,12,5,2003,2,40,0
7,1584,5,4,4,2004,17,44,0
2,4868,3,19,8,2008,18,0,0
2,15974,9,4,5,2010,17,0,0
5,2462,2,25,1,2013,14,0,0
2,9531,2,22,12,2009,18,20,0
1,3391,5,4,9,2006,13,0,0
6,911,10,29,11,2003,1,3,0
7,139,2,18,4,2004,12,20,0
7,14912,5,9,3,2003,22,30,0
7,2854,8,26,8,2012,12,30,0
4,5745,5,6,5,2010,19,52,0
4,6003,6,17,5,2012,22,25,0
5,857,8,25,12,2009,17,59,0
4,4486,3,28,7,2005,23,0,0
5,15478,4,4,11,2005,17,30,0
4,16322,4,6,2,2003,18,0,0
7,13035,3,19,6,2011,15,0,0
5,8961,9,13,12,2013,16,0,0
2,5017,2,11,12,2012,15,35,0
2,471,9,30,9,2008,11,30,0
1,17275,9,3,10,2005,9,0,0
4,8533,2,5,4,2012,18,0,0
7,7333,4,26,8,2007,16,32,0
4,1751,6,13,6,2013,0,1,0
1,6162,7,4,3,2013,14,38,0
4,3638,2,3,6,2010,14,30,0
7,1781,3,1,6,2003,23,15,0
1,5483,10,3,4,2006,14,30,0
2,11070,5,5,8,2014,13,24,0
3,3161,8,30,11,2005,1,0,0
5,1130,2,3,4,2015,21,43,0
6,11903,2,31,5,2014,0,8,0
5,534,4,30,10,2009,11,5,0
4,828,1,8,3,2007,17,50,0
4,2045,6,8,3,2012,18,9,0
3,4518,1,16,4,2003,21,29,0
1,4981,9,20,2,2006,10,30,0
5,649,9,7,3,2008,13,0,0
4,2014,3,29,6,2006,12,50,0
7,600,3,20,4,2003,19,30,0
6,7984,1,24,3,2012,10,43,0
3,1666,6,29,4,2015,23,0,0
1,14015,3,10,1,2005,11,11,0
3,2987,10,6,4,2011,16,25,0
2,1760,10,29,10,2013,0,1,0
6,185,2,2,12,2006,18,0,0
7,6508,1,2,11,2003,17,0,0
4,359,10,7,4,2011,16,45,0
4,14580,8,22,3,2012,0,50,0
6,9453,5,30,7,2005,21,0,0
7,2393,8,9,3,2003,10,30,0
4,8990,2,19,5,2011,8,10,0
2,4298,10,15,4,2008,23,0,0
2,2886,5,31,8,2004,9,0,0
2,89,1,4,10,2011,3,19,0
4,3036,8,26,6,2003,19,0,0
2,2945,3,29,11,2005,12,0,0
5,1700,2,17,9,2004,16,30,0
1,6534,5,21,1,2008,17,19,0
1,5907,7,23,1,2006,18,0,0
3,2156,2,5,9,2007,10,15,0
3,2701,9,15,4,2009,19,13,0
6,2957,8,6,9,2008,12,0,0
4,339,3,26,1,2006,20,7,0
1,5105,4,25,11,2013,22,0,0
2,213,4,1,10,2013,11,0,0
4,2490,3,31,10,2013,15,47,0
5,70,10,6,2,2015,21,50,0
1,2398,2,9,6,2003,13,0,0
2,2433,3,13,5,2014,18,45,0
4,11625,8,3,4,2003,22,0,0
7,4916,5,13,7,2014,16,0,0
2,784,2,19,4,2005,19,15,0
3,4129,7,9,6,2004,23,30,0
7,11967,3,14,3,2010,8,20,0
3,14580,3,2,10,2013,5,0,0
4,13464,5,15,11,2007,0,5,0
3,6690,4,11,1,2012,17,0,0
2,6266,4,25,12,2012,8,30,0
2,6893,9,26,12,2006,23,41,0
7,1291,1,9,4,2006,18,0,0
6,6341,5,17,11,2012,0,1,0
4,2388,2,20,9,2012,23,30,0
7,1393,10,9,4,2006,12,14,0
2,1127,8,9,8,2005,8,0,0
1,2838,2,7,1,2013,18,19,0
5,1220,10,9,7,2004,6,40,0
3,8544,5,16,11,2005,19,0,0
4,1091,10,7,4,2005,16,40,0
6,1862,5,8,9,2007,0,40,0
7,141,6,6,10,2013,17,0,0
7,7850,3,23,3,2014,12,0,0
4,2383,5,31,10,2013,23,30,0
3,10952,1,19,3,2003,15,30,0
6,8572,5,13,12,2014,19,0,0
6,9704,6,1,11,2014,0,1,0
4,3308,4,19,2,2009,10,45,0
3,125,2,15,4,2009,12,0,0
6,1091,10,30,11,2013,7,14,0
4,366,10,5,2,2015,10,42,0
3,125,2,12,1,2005,16,30,0
5,6454,7,17,10,2008,15,0,0
3,2680,4,11,11,2009,10,0,0
7,125,2,29,7,2007,10,8,0
3,2266,1,14,7,2010,7,45,0
5,6706,9,20,9,2013,9,6,0
3,16559,8,5,3,2008,19,0,0
7,4832,4,19,6,2005,18,0,0
1,1291,1,20,8,2012,8,0,0
2,10796,4,5,2,2008,19,52,0
1,500,1,21,1,2008,19,30,0
3,6916,4,1,10,2008,12,0,0
2,1214,10,3,4,2012,20,30,0
4,5544,4,26,6,2008,18,15,0
2,114,8,20,9,2011,22,9,0
7,133,3,13,3,2011,13,30,0
1,5259,5,8,8,2011,0,30,0
4,211,5,24,3,2011,21,35,0
3,361,2,22,8,2012,1,11,0
5,4874,3,7,9,2012,20,42,0
6,10797,7,30,6,2012,23,0,0
5,6484,7,7,10,2011,20,30,0
5,1406,4,19,4,2013,4,20,0
1,223,10,8,2,2010,21,29,0
1,6510,6,2,3,2009,3,15,0
7,12338,9,25,4,2010,13,0,0
2,6185,7,16,9,2014,10,0,0
6,2869,10,11,1,2014,0,25,0
7,480,9,21,10,2007,16,38,0
5,1235,5,16,12,2005,16,48,0
4,7303,3,21,4,2005,12,10,0
1,445,2,5,1,2009,7,58,0
6,102,10,31,10,2009,22,0,0
7,1369,7,1,6,2008,11,15,0
4,22,10,29,7,2010,0,30,0
6,1319,2,2,7,2005,18,45,0
3,46,2,10,8,2005,22,0,0
3,408,2,9,7,2014,11,20,0
5,9642,5,2,7,2010,7,0,0
6,538,8,26,6,2004,2,5,0
4,158,2,9,1,2003,4,49,0
6,870,4,1,11,2014,1,30,0
7,631,2,27,7,2003,13,0,0
2,189,2,15,11,2005,18,33,0
7,1942,2,11,9,2005,22,0,0
3,501,4,26,11,2003,0,1,0
7,1110,5,6,6,2010,15,45,0
2,6478,9,14,10,2003,9,40,0
1,704,2,26,4,2004,14,30,0
6,921,2,14,7,2012,0,1,0
3,8771,2,19,2,2014,3,0,0
3,16953,3,16,4,2003,6,48,0
4,12332,9,9,8,2012,12,20,0
2,1786,8,15,4,2008,12,0,0
5,4833,1,6,3,2015,10,30,0
1,2046,2,29,10,2007,17,0,0
7,6302,4,5,12,2010,19,15,0
1,5593,8,2,9,2013,7,30,0
3,7408,5,21,1,2015,16,0,0
1,9949,8,13,6,2005,21,54,0
6,3987,9,23,9,2006,15,45,0
6,7623,4,1,6,2013,22,18,0
7,4984,1,27,1,2013,9,30,0
4,6895,1,8,1,2004,15,0,0
5,18232,6,18,11,2011,0,1,0
5,13331,9,16,5,2003,1,50,0
4,8101,4,12,6,2003,12,22,0
6,123,8,14,1,2006,8,0,0
5,4495,7,9,1,2009,21,45,0
1,125,2,10,11,2003,21,0,0
2,14717,6,20,3,2012,13,7,0
3,7801,9,23,2,2011,5,0,0
3,5107,10,26,7,2006,14,5,0
7,2033,3,13,2,2011,21,0,0
5,1460,3,15,7,2005,16,3,0
2,7899,8,13,10,2009,20,0,0
3,1852,6,29,4,2015,1,0,0
2,5419,5,13,5,2003,12,0,0
7,7693,8,1,11,2009,0,1,0
1,9862,8,4,2,2013,8,53,0
5,3352,3,21,9,2012,17,45,0
2,21898,5,10,6,2003,8,0,0
4,2593,2,1,7,2010,18,58,0
4,15733,8,8,2,2007,17,30,0
3,1801,8,4,5,2005,19,30,0
2,8300,2,19,4,2005,3,0,0
6,10853,3,20,4,2013,22,40,0
5,534,4,12,8,2005,7,12,0
3,408,2,27,11,2013,21,30,0
5,9526,9,12,8,2005,19,30,0
6,9033,5,16,12,2006,13,0,0
5,21785,10,12,12,2003,0,1,0
5,533,2,21,9,2012,22,20,0
2,3273,1,28,10,2014,13,30,0
1,408,2,22,12,2008,12,9,0
5,1754,6,10,2,2006,22,55,0
1,5215,3,26,12,2011,17,5,0
6,1918,1,10,4,2010,8,35,0
5,2016,6,23,1,2015,15,54,0
2,2289,1,22,7,2003,17,0,0
2,2353,5,2,9,2014,13,0,0
4,571,2,15,5,2003,22,32,0
4,6238,9,22,1,2009,12,20,0
5,10807,5,21,8,2009,17,30,0
6,652,2,15,7,2006,13,0,0
3,17982,8,16,9,2009,20,30,0
6,2598,2,7,9,2013,16,29,0
7,869,7,18,4,2004,19,0,0
1,5785,4,24,7,2006,18,45,0
6,18,10,19,4,2003,0,14,0
7,7590,4,21,9,2003,19,15,0
6,20053,1,9,9,2006,15,45,0
3,310,8,29,11,2006,19,0,0
1,403,7,8,7,2013,17,30,0
6,11967,3,3,7,2010,21,23,0
7,17696,1,20,5,2012,1,25,0
4,14974,4,23,12,2004,0,1,0
5,4364,1,27,1,2012,17,6,0
5,2041,10,27,1,2006,13,0,0
4,658,6,12,7,2012,23,5,0
4,7571,6,17,10,2013,2,30,0
4,2236,4,31,5,2007,10,0,0
7,125,2,16,12,2012,18,0,0
6,156,2,6,10,2007,13,0,0
7,2725,4,30,5,2004,16,0,0
3,9449,9,27,11,2013,17,0,0
6,1233,4,1,7,2006,8,0,0
3,1281,2,25,8,2010,3,0,0
5,11638,3,29,5,2009,17,30,0
6,9756,7,9,8,2003,22,35,0
6,2045,6,22,8,2009,18,6,0
3,9418,1,21,2,2007,18,0,0
3,2110,5,23,2,2005,8,10,0
7,8696,9,22,5,2005,2,0,0
6,18847,9,16,6,2007,14,10,0
5,5444,10,1,10,2004,2,52,0
5,9088,8,4,4,2014,9,0,0
2,3762,1,9,11,2004,8,33,0
3,7019,5,31,10,2007,19,33,0
3,358,6,27,1,2010,14,31,0
5,5821,4,6,10,2006,8,20,0
3,5334,5,22,1,2003,17,30,0
6,408,2,31,5,2008,10,50,0
5,125,2,10,8,2007,13,0,0
3,4259,9,10,12,2014,21,15,0
5,10997,8,16,12,2005,12,10,0
1,575,5,18,2,2013,13,18,0
2,1249,8,17,4,2012,19,0,0
4,499,2,22,9,2005,14,0,0
4,408,2,6,2,2014,13,55,0
4,1299,5,23,3,2006,10,0,0
6,1816,2,27,3,2010,18,0,0
3,5323,4,13,6,2012,2,45,0
2,2601,3,2,11,2010,21,25,0
5,6184,3,17,4,2009,22,40,0
4,392,4,26,8,2010,22,10,0
6,10913,9,9,4,2011,15,30,0
5,2340,3,26,6,2009,7,1,0
1,21784,10,13,10,2003,16,0,0
4,926,4,24,6,2004,19,5,0
5,912,10,2,11,2012,21,56,0
7,626,2,18,4,2004,17,0,0
4,6837,5,5,2,2015,11,38,0
3,5941,4,7,7,2004,21,0,0
6,3147,9,25,1,2014,21,0,0
1,1943,2,8,7,2013,19,30,0
5,2811,1,29,1,2010,0,1,0
5,19597,4,18,4,2008,20,15,0
1,641,2,23,7,2007,17,0,0
5,13030,4,12,11,2004,18,30,0
6,392,4,28,7,2012,11,32,0
1,9051,7,2,4,2012,0,1,0
1,7954,5,23,6,2008,14,30,0
3,12,5,23,2,2005,16,30,0
4,638,4,10,7,2008,18,0,0
2,325,8,6,8,2013,22,30,0
5,12101,5,19,9,2003,9,0,0
7,907,6,19,5,2013,16,0,0
6,10159,8,19,11,2005,18,0,0
1,6378,9,12,12,2011,20,0,0
7,1224,1,9,3,2003,0,1,0
4,21135,9,5,10,2006,19,0,0
1,3886,6,3,10,2005,0,1,0
3,1786,8,3,9,2003,15,0,0
2,125,2,12,5,2009,0,1,0
7,6558,8,25,4,2010,12,30,0
5,4205,7,29,10,2004,19,1,0
2,1673,5,26,1,2010,14,25,0
6,4494,3,3,6,2006,9,0,0
1,7888,6,24,11,2003,16,17,0
1,7076,8,5,1,2015,0,1,0
3,1657,1,25,6,2014,15,0,0
6,8771,2,26,1,2008,23,52,0
7,1431,10,14,3,2010,8,26,0
2,11108,8,2,9,2014,2,5,0
7,1175,5,28,12,2003,0,59,0
2,36,2,30,9,2003,17,15,0
5,9158,1,22,4,2005,23,22,0
7,157,10,26,8,2007,17,40,0
6,6507,6,13,12,2014,1,42,0
6,218,8,26,12,2009,0,44,0
1,14360,8,30,4,2012,4,42,0
4,744,10,14,6,2007,9,36,0
2,366,10,10,6,2008,13,21,0
3,4205,7,9,7,2014,17,15,0
3,2843,8,30,5,2007,20,30,0
1,15475,3,15,9,2003,9,0,0
1,2814,4,17,2,2014,20,30,0
2,863,1,29,9,2009,13,30,0
2,852,8,2,9,2003,17,47,0
6,504,4,13,8,2011,14,20,0
3,1395,6,21,1,2004,12,20,0
1,6323,5,19,3,2007,15,0,0
6,77,10,3,5,2014,22,0,0
6,546,5,9,2,2013,1,13,0
7,13770,5,30,11,2003,1,30,0
5,485,2,20,2,2009,17,30,0
4,1383,7,9,1,2014,11,55,0
4,6913,3,11,11,2004,16,36,0
2,3974,5,11,1,2005,19,30,0
7,627,3,2,1,2011,0,30,0
1,10103,7,25,6,2007,17,30,0
7,1352,4,25,2,2007,16,0,0
6,7720,2,10,1,2015,19,0,0
3,122,4,29,4,2015,1,40,0
1,4341,2,29,10,2012,15,39,0
6,4345,2,5,10,2013,16,28,0
6,13043,4,7,9,2013,3,20,0
6,594,8,25,8,2012,14,0,0
3,13808,7,13,7,2005,20,0,0
7,771,1,14,2,2010,1,58,0
2,16353,3,6,3,2012,17,56,0
2,346,1,22,7,2008,14,0,0
2,6152,3,4,8,2009,10,32,0
4,518,10,20,5,2010,1,0,0
3,559,6,19,2,2003,12,45,0
5,3375,5,7,10,2011,17,10,0
3,17355,9,29,6,2005,16,9,0
5,5107,10,27,6,2003,20,35,0
5,15115,1,13,11,2009,23,55,0
6,1485,5,7,9,2013,0,30,0
3,13002,3,30,11,2011,7,30,0
1,435,10,18,8,2008,23,36,0
6,125,2,26,1,2013,5,10,0
4,863,1,3,4,2014,14,38,0
2,3529,9,9,12,2014,12,45,0
1,8464,5,21,3,2005,17,10,0
4,3634,1,7,4,2005,21,36,0
3,8196,5,16,6,2010,17,30,0
2,755,4,29,11,2011,19,5,0
6,709,7,29,11,2014,8,15,0
3,1182,5,5,2,2003,14,20,0
4,2889,10,8,1,2004,6,0,0
7,3295,4,13,7,2003,15,4,0
3,2708,5,6,2,2013,1,32,0
1,125,2,27,6,2005,16,45,0
2,1381,6,26,7,2011,16,15,0
6,9055,1,26,1,2008,16,40,0
3,6997,6,4,9,2013,9,0,0
1,8096,5,28,5,2012,15,0,0
5,501,4,24,8,2007,16,6,0
7,408,2,25,3,2012,15,0,0
2,6553,4,5,8,2008,19,4,0
4,125,2,17,6,2010,17,0,0
5,5191,8,2,12,2005,18,50,0
7,3688,10,9,9,2007,15,45,0
7,4941,1,19,4,2009,18,50,0
1,1465,7,3,9,2012,20,30,0
6,166,10,2,6,2012,17,10,0
2,6478,9,28,9,2004,17,45,0
5,2744,6,6,3,2015,20,0,0
1,21902,3,31,3,2003,10,5,0
3,8729,4,6,9,2006,12,3,0
3,1555,2,7,1,2004,18,0,0
7,125,2,28,12,2008,17,0,0
6,8236,1,7,9,2013,20,51,0
1,11385,6,21,3,2011,13,39,0
5,7773,7,4,4,2014,19,19,0
7,543,1,1,1,2012,0,1,0
7,12969,3,7,9,2008,19,0,0
2,2869,10,13,12,2005,19,45,0
6,20218,3,9,4,2005,19,0,0
6,1178,8,21,10,2006,12,29,0
7,511,4,13,12,2009,12,30,0
1,8960,3,1,11,2010,2,30,0
4,7027,4,2,11,2006,18,0,0
3,4415,5,15,6,2005,20,15,0
3,501,4,4,3,2015,11,30,0
2,19821,9,8,3,2005,7,30,0
3,3532,3,14,7,2010,13,0,0
2,6168,9,30,9,2003,21,0,0
2,7447,9,5,4,2005,16,20,0
7,2377,1,19,4,2015,2,0,0
5,14112,9,25,2,2011,16,0,0
3,1150,2,25,7,2007,13,30,0
7,2490,3,20,11,2005,9,0,0
3,2850,4,2,6,2010,10,6,0
2,366,10,15,4,2008,22,0,0
3,6113,5,30,10,2013,19,45,0
5,9959,1,28,6,2013,21,0,0
5,4432,2,23,2,2007,6,59,0
7,125,2,15,8,2010,13,20,0
2,15530,1,12,10,2004,20,0,0
5,3550,4,27,7,2012,17,51,0
2,10546,2,12,12,2006,0,55,0
2,851,3,8,7,2003,23,0,0
4,16356,2,12,6,2003,12,45,0
2,3394,5,25,1,2011,6,30,0
4,9539,3,10,1,2013,13,40,0
4,17057,9,10,12,2009,13,30,0
1,514,5,29,9,2014,5,35,0
5,2627,2,9,9,2005,3,15,0
3,4281,9,23,2,2011,21,45,0
6,408,2,26,7,2003,16,8,0
2,3875,2,20,9,2011,21,47,0
1,927,1,23,7,2007,12,0,0
1,11987,1,28,4,2003,7,15,0
6,999,1,26,3,2011,4,0,0
4,13096,9,30,10,2003,15,0,0
5,3877,3,20,8,2004,8,0,0
4,501,4,23,1,2003,12,20,0
7,1899,5,6,11,2011,18,30,0
6,3530,5,1,11,2008,8,30,0
5,174,8,8,2,2008,20,14,0
1,522,2,22,6,2009,15,0,0
6,36,2,12,2,2011,15,30,0
4,19756,9,28,12,2006,0,1,0
7,11334,7,6,11,2011,19,5,0
6,2831,4,28,7,2012,21,30,0
5,981,2,12,2,2010,1,0,0
6,5649,3,30,6,2007,15,29,0
6,2751,8,9,4,2011,0,30,0
6,198,1,23,4,2011,7,0,0
5,1705,2,11,1,2008,2,6,0
7,2927,2,28,12,2014,14,38,0
5,6012,8,23,1,2004,23,42,0
3,6734,8,10,3,2010,19,48,0
4,4676,4,2,10,2014,12,30,0
6,8075,3,23,8,2003,0,30,0
1,1016,4,8,1,2007,2,15,0
1,7230,4,26,6,2006,8,30,0
4,5744,8,12,12,2013,10,0,0
5,8596,9,24,8,2007,6,45,0
5,21763,7,14,11,2003,11,34,0
6,408,2,23,8,2014,15,34,0
2,6849,1,4,10,2011,12,0,0
7,800,4,20,5,2012,23,0,0
1,1760,10,3,8,2009,10,52,0
1,979,4,16,10,2006,6,45,0
3,7963,8,7,1,2015,7,45,0
5,6153,2,15,6,2007,23,20,0
1,1351,8,5,2,2007,12,30,0
1,10633,5,1,10,2012,19,0,0
5,7321,5,13,1,2012,7,30,0
7,5586,4,28,8,2005,9,30,0
7,3747,1,16,11,2008,19,0,0
1,2483,1,2,2,2009,17,30,0
3,36,2,3,11,2010,16,8,0
6,144,4,12,7,2014,14,0,0
2,17153,8,25,11,2003,8,30,0
3,435,10,14,12,2005,13,25,0
2,112,4,18,9,2007,11,0,0
3,439,7,9,12,2009,9,30,0
6,3334,5,22,3,2008,12,30,0
2,6933,2,25,11,2003,20,14,0
3,1567,5,24,2,2010,13,13,0
7,4855,3,23,4,2006,2,0,0
6,3218,8,15,1,2011,2,0,0
3,8166,4,3,11,2010,20,30,0
1,1441,1,1,5,2006,14,0,0
2,582,3,8,7,2008,8,0,0
7,7429,4,26,2,2006,23,21,0
4,56,2,12,6,2003,10,8,0
3,2534,4,20,8,2003,22,10,0
7,772,10,27,3,2005,6,23,0
3,159,6,12,11,2008,18,24,0
2,4049,4,8,6,2004,12,30,0
1,2672,8,26,7,2010,17,0,0
4,4320,1,4,9,2014,12,31,0
4,36,2,21,8,2003,11,5,0
1,392,4,29,9,2014,14,18,0
3,13643,8,1,12,2010,8,0,0
2,1767,4,27,7,2010,10,58,0
5,1406,4,22,10,2010,1,56,0
5,125,2,23,2,2007,14,30,0
2,600,3,24,6,2008,12,25,0
3,4572,5,14,12,2005,21,15,0
7,4261,4,20,5,2012,10,15,0
4,4406,6,24,1,2013,8,0,0
2,1287,2,22,7,2003,17,15,0
7,1214,10,16,1,2011,12,16,0
6,10766,7,28,6,2003,14,45,0
2,1955,9,26,5,2009,12,41,0
6,3129,1,29,5,2004,11,0,0
7,6357,5,13,7,2008,17,52,0
5,5194,8,25,7,2008,7,44,0
3,22661,4,16,4,2003,18,30,0
3,7575,6,18,10,2006,22,0,0
6,7061,8,22,10,2011,16,30,0
6,1752,3,13,11,2004,17,8,0
4,22,10,24,1,2013,12,1,0
6,2862,10,6,10,2012,16,21,0
4,840,5,20,2,2003,19,49,0
3,7876,2,27,10,2004,11,5,0
1,2869,10,24,1,2005,11,56,0
4,3825,1,11,7,2013,15,3,0
1,324,1,23,7,2007,15,0,0
2,16283,3,27,5,2003,17,40,0
5,6068,1,25,12,2009,22,0,0
7,2333,9,13,1,2008,15,51,0
1,2041,10,25,10,2004,18,0,0
7,1873,5,1,6,2003,23,55,0
1,8140,5,21,1,2008,9,0,0
6,4815,3,17,12,2011,19,17,0
2,8960,3,6,3,2012,16,20,0
4,17852,8,17,9,2009,9,45,0
2,4122,1,5,8,2014,3,0,0
5,21785,10,28,11,2003,15,15,0
5,2101,1,26,1,2007,20,45,0
6,811,9,15,11,2014,16,30,0
2,13368,3,19,4,2005,14,30,0
3,125,2,16,10,2013,13,7,0
4,7791,4,26,6,2003,17,30,0
3,10533,9,19,3,2003,14,0,0
6,3611,3,10,9,2005,13,0,0
6,2655,1,12,3,2011,10,0,0
7,5591,5,10,9,2006,9,50,0
5,2910,1,11,7,2014,1,44,0
2,14491,7,15,4,2008,17,0,0
1,2512,1,7,3,2005,12,30,0
7,1533,5,20,10,2013,16,30,0
7,872,2,28,8,2005,14,14,0
2,10490,6,21,9,2010,8,0,0
2,682,10,24,7,2012,18,32,0
5,1811,9,13,7,2007,22,0,0
5,10227,8,8,8,2014,11,15,0
5,233,8,6,2,2015,23,0,0
5,9077,4,14,6,2013,18,30,0
2,7279,4,5,8,2014,20,59,0
7,595,7,11,8,2013,12,0,0
7,6409,5,25,3,2012,0,1,0
1,2741,4,3,8,2009,16,27,0
5,1757,3,30,5,2003,18,32,0
4,9582,3,16,10,2003,0,37,0
6,10236,6,5,11,2011,10,14,0
4,5749,9,14,7,2011,11,30,0
4,2265,4,22,3,2007,19,28,0
7,11532,2,4,5,2014,16,0,0
1,6420,2,31,10,2011,11,16,0
7,2045,6,19,5,2013,15,50,0
1,5204,5,4,8,2008,16,36,0
7,5577,8,28,8,2011,11,58,0
6,6285,3,26,7,2003,11,1,0
5,4572,5,15,11,2013,0,1,0
1,3931,6,13,10,2014,6,28,0
6,2626,1,20,9,2014,19,0,0
6,9329,4,15,11,2014,15,30,0
6,4969,6,7,9,2013,19,30,0
3,16693,9,9,1,2013,23,0,0
4,392,4,2,10,2008,20,5,0
3,125,2,11,6,2014,8,30,0
4,538,8,7,3,2013,19,13,0
1,4161,2,8,7,2013,7,57,0
4,1046,9,13,1,2005,0,1,0
4,22370,6,4,9,2003,8,0,0
5,326,2,6,4,2007,16,15,0
4,723,8,8,1,2004,10,20,0
3,8318,1,16,11,2005,19,30,0
1,7839,1,24,11,2014,21,40,0
1,15717,7,12,5,2003,13,15,0
7,4093,2,2,12,2012,20,30,0
6,5658,5,21,8,2004,12,0,0
6,4166,1,4,9,2004,21,0,0
7,2252,2,30,7,2006,22,45,0
6,3113,4,14,6,2003,15,25,0
3,9032,7,19,10,2011,0,14,0
7,18253,9,18,4,2004,22,50,0
6,682,10,26,1,2008,1,29,0
1,2732,2,25,1,2010,5,5,0
5,10137,8,3,5,2013,5,5,0
6,779,2,4,10,2014,12,0,0
3,2576,5,6,4,2005,11,58,0
4,16506,8,1,5,2008,1,30,0
4,7637,3,14,6,2007,3,25,0
3,936,4,2,9,2009,18,24,0
7,1915,5,18,10,2009,10,0,0
2,19289,8,12,5,2009,1,30,0
1,7772,1,3,10,2011,20,10,0
6,4410,4,4,6,2011,19,16,0
1,125,2,4,3,2013,0,1,0
6,11782,2,4,10,2008,2,0,0
6,872,2,7,2,2015,9,50,0
7,2121,9,14,11,2004,21,0,0
3,554,10,25,1,2012,12,38,0
6,4673,4,29,12,2012,6,11,0
3,3611,3,15,5,2013,7,30,0
2,2919,9,9,8,2011,9,20,0
2,125,2,3,10,2006,22,0,0
3,4252,5,2,11,2005,14,9,0
5,3488,4,6,3,2015,0,19,0
2,12291,4,22,8,2006,20,45,0
3,2911,10,15,10,2003,9,55,0
3,2318,4,9,7,2003,18,0,0
4,7854,1,8,2,2007,18,0,0
3,9854,8,12,1,2005,23,45,0
5,1808,9,3,4,2009,12,15,0
7,6653,3,7,4,2013,12,35,0
4,5862,6,24,1,2013,11,25,0
2,764,6,5,2,2013,14,9,0
6,1950,2,30,12,2006,21,41,0
5,6494,8,24,9,2010,16,30,0
6,13621,8,8,3,2014,16,0,0
2,125,2,24,8,2010,17,0,0
5,5444,10,7,10,2011,23,30,0
4,1829,10,11,6,2009,2,12,0
4,9039,5,6,3,2003,1,20,0
7,44,6,1,6,2008,13,50,0
1,552,4,31,3,2014,6,4,0
4,7126,2,7,8,2014,22,32,0
4,309,2,10,7,2014,11,15,0
4,1172,4,24,2,2005,22,17,0
3,10612,5,31,5,2006,16,30,0
7,1080,8,20,11,2005,16,23,0
6,2332,2,9,4,2011,17,25,0
4,120,2,29,6,2006,20,50,0
7,125,2,24,2,2013,10,0,0
7,6672,3,25,1,2009,18,0,0
1,6705,2,8,6,2009,21,10,0
1,11805,4,10,11,2003,3,28,0
5,819,5,28,6,2013,22,30,0
2,8951,8,28,10,2008,7,0,0
1,13842,7,22,12,2008,16,0,0
6,1257,5,23,8,2003,18,0,0
4,11869,7,3,4,2014,11,57,0
3,1150,2,24,12,2014,13,44,0
4,16146,8,13,5,2004,11,0,0
3,288,2,16,10,2013,13,30,0
5,554,10,21,8,2009,20,15,0
3,1288,3,24,2,2010,11,7,0
4,5561,1,12,7,2012,21,15,0
6,1470,1,5,4,2003,16,50,0
6,361,2,5,4,2003,1,1,0
3,6755,1,27,6,2007,8,55,0
7,698,2,14,11,2004,11,40,0
2,4631,9,5,2,2013,15,30,0
2,21569,5,14,6,2005,12,45,0
2,7447,9,20,9,2011,18,0,0
5,1254,2,29,10,2004,13,0,0
3,20707,8,8,1,2003,3,30,0
6,11593,9,24,9,2011,16,5,0
3,125,2,22,8,2007,19,0,0
4,20235,9,20,3,2008,9,0,0
4,608,2,1,10,2009,16,34,0
1,1790,1,11,6,2012,19,45,0
4,3629,4,20,3,2008,15,50,0
5,4312,7,28,12,2007,22,19,0
2,1103,5,14,11,2006,9,45,0
2,18242,8,22,3,2011,0,1,0
6,2382,1,31,12,2011,23,30,0
3,646,6,25,8,2010,10,0,0
4,1587,2,31,5,2007,1,30,0
6,1553,4,1,1,2011,18,0,0
4,125,2,25,7,2013,8,0,0
5,2441,1,10,2,2012,15,5,0
4,6224,8,12,12,2013,12,14,0
4,10801,2,17,9,2009,20,26,0
6,736,4,4,6,2005,10,30,0
4,359,10,14,1,2010,14,10,0
2,4606,7,7,7,2009,0,1,0
6,435,10,9,8,2014,16,12,0
3,534,4,13,6,2012,16,0,0
7,3892,2,4,5,2003,19,15,0
4,1119,2,22,1,2004,17,30,0
2,1741,6,3,3,2009,19,9,0
4,10084,3,4,9,2014,12,5,0
1,4709,5,3,10,2011,0,30,0
7,93,7,29,8,2010,11,0,0
3,2904,2,15,4,2015,15,25,0
7,959,10,13,1,2008,5,35,0
5,1121,10,17,10,2014,14,24,0
5,3137,7,12,12,2014,12,49,0
1,8242,5,17,9,2007,11,40,0
4,8687,4,30,10,2014,20,0,0
4,2391,2,21,8,2003,20,5,0
2,392,4,31,3,2015,9,15,0
6,100,2,22,10,2005,2,0,0
3,3103,2,26,1,2011,21,0,0
4,3414,10,29,10,2009,22,40,0
4,10082,1,22,1,2009,0,1,0
3,17477,8,1,9,2004,16,0,0
2,637,1,16,3,2004,17,0,0
7,1042,3,27,6,2004,15,0,0
3,83,2,1,4,2009,8,57,0
5,9190,3,9,7,2004,14,21,0
3,7491,5,20,9,2006,19,11,0
6,504,4,26,7,2014,9,15,0
3,125,2,24,8,2005,21,50,0
4,451,2,27,6,2013,19,45,0
6,10938,5,8,2,2014,20,48,0
1,138,2,22,8,2005,19,45,0
7,3316,9,10,2,2013,13,50,0
5,2910,1,12,12,2014,18,50,0
4,6825,5,12,6,2003,1,30,0
3,13366,1,27,11,2013,15,8,0
2,358,6,22,1,2013,10,0,0
4,138,2,20,9,2012,15,27,0
3,4875,2,23,1,2013,9,17,0
7,5390,5,29,6,2014,18,0,0
6,18587,7,3,5,2008,0,30,0
7,4419,6,18,12,2011,9,3,0
6,2842,10,24,9,2011,17,35,0
2,1965,5,10,7,2012,13,45,0
6,784,2,13,3,2010,13,30,0
5,1533,5,2,10,2009,15,41,0
5,1925,1,5,10,2007,23,31,0
1,21981,5,27,9,2004,9,30,0
6,6496,6,15,12,2012,17,0,0
2,626,2,14,10,2003,8,30,0
6,7095,9,12,7,2003,13,29,0
6,100,2,30,6,2012,22,15,0
6,182,4,8,2,2003,9,0,0
3,1398,1,17,4,2013,16,0,0
4,14171,3,14,11,2013,17,30,0
6,4920,8,23,8,2008,17,25,0
4,15975,6,9,1,2003,14,0,0
6,3459,2,14,11,2009,18,30,0
5,771,1,30,11,2012,8,15,0
7,4628,9,26,1,2003,16,0,0
1,2433,3,19,3,2007,11,0,0
3,3171,4,21,1,2015,7,50,0
7,11888,7,19,4,2009,9,47,0
5,3738,8,13,12,2013,20,31,0
4,2795,1,13,1,2005,9,30,0
5,2418,2,2,11,2007,18,30,0
5,17935,8,16,10,2009,8,0,0
7,199,8,18,5,2014,20,0,0
2,3788,4,22,7,2008,8,22,0
7,1671,2,20,4,2003,16,40,0
4,166,10,29,10,2009,14,26,0
6,2472,8,19,11,2005,12,0,0
2,223,10,8,2,2005,13,27,0
3,8223,2,19,3,2003,16,25,0
2,1459,5,2,9,2008,18,30,0
5,2601,3,5,11,2010,18,30,0
6,1009,2,5,9,2009,23,0,0
6,12220,9,6,5,2006,23,30,0
5,511,4,24,9,2010,14,15,0
3,2186,8,14,12,2011,15,0,0
7,551,5,30,12,2007,2,40,0
4,4310,2,8,1,2009,23,30,0
1,13521,8,21,6,2004,15,4,0
4,11193,3,22,3,2012,9,0,0
6,4808,9,7,2,2015,8,8,0
5,5785,4,3,9,2004,13,30,0
7,12912,3,17,6,2007,1,30,0
4,7766,4,23,8,2012,16,30,0
6,8491,3,21,10,2006,18,20,0
1,166,10,16,3,2009,15,20,0
6,7668,4,7,3,2009,12,40,0
5,4656,8,9,8,2013,10,0,0
5,11317,8,21,3,2008,2,59,0
5,125,2,8,8,2008,16,0,0
7,6327,7,23,2,2014,18,0,0
1,9784,8,13,10,2003,17,35,0
5,1269,8,1,5,2015,21,30,0
5,1420,1,14,6,2013,12,15,0
3,2626,1,22,3,2006,11,32,0
3,925,2,16,4,2003,23,37,0
6,1297,1,21,5,2011,0,30,0
7,11609,9,9,2,2014,2,0,0
5,2582,4,2,6,2006,12,56,0
4,1042,3,19,10,2006,20,34,0
1,232,4,29,4,2013,23,45,0
7,10424,3,18,7,2010,20,35,0
7,653,10,26,9,2010,14,0,0
3,77,10,2,5,2007,19,35,0
1,772,10,30,9,2013,12,0,0
2,1379,1,26,12,2006,15,17,0
