"day","address","location","date","month","year","hour","min","EXTORTION"
5,3619,2,3,4,2015,22,15,1
5,1351,8,20,3,2015,11,0,1
5,1254,2,6,3,2015,0,1,1
6,4611,4,21,2,2015,19,0,1
4,1674,8,13,11,2014,10,0,1
6,298,9,18,10,2014,22,0,1
6,220,4,28,6,2014,1,0,1
6,2792,4,14,6,2014,2,51,1
1,6667,8,9,6,2014,12,0,1
4,4954,1,29,5,2014,8,0,1
6,88,2,19,4,2014,5,13,1
7,12044,9,6,4,2014,8,30,1
4,125,2,3,4,2014,9,31,1
3,3406,1,5,3,2014,12,0,1
3,9148,4,5,2,2014,23,0,1
2,4537,1,21,1,2014,22,30,1
6,7623,4,14,12,2013,0,1,1
4,419,5,12,12,2013,21,0,1
4,2660,4,12,12,2013,11,0,1
2,1831,5,12,11,2013,18,0,1
2,1427,1,29,10,2013,22,0,1
1,1340,7,28,10,2013,14,0,1
7,8344,7,20,10,2013,9,56,1
4,1769,3,17,10,2013,23,0,1
2,2790,3,1,10,2013,12,0,1
7,8228,9,8,9,2013,16,0,1
3,386,2,21,8,2013,12,26,1
4,213,4,16,5,2013,1,30,1
3,2045,6,1,5,2013,9,0,1
3,15034,9,1,5,2013,0,1,1
6,114,8,20,4,2013,11,45,1
5,646,6,19,4,2013,16,0,1
5,323,9,5,4,2013,12,10,1
2,1550,1,2,4,2013,14,21,1
5,6654,9,8,3,2013,15,30,1
1,125,2,18,2,2013,23,53,1
4,1074,3,24,1,2013,12,0,1
6,621,3,12,1,2013,12,0,1
1,14415,8,26,11,2012,14,0,1
5,208,1,19,10,2012,7,43,1
1,3044,4,1,10,2012,12,0,1
4,1169,5,20,9,2012,10,15,1
3,125,2,22,8,2012,0,1,1
6,6887,6,28,7,2012,0,28,1
5,3918,4,13,7,2012,16,0,1
3,8074,2,27,6,2012,8,0,1
7,213,4,17,6,2012,8,0,1
1,16300,10,28,5,2012,14,0,1
7,9788,4,20,5,2012,16,35,1
6,17700,1,19,5,2012,0,45,1
4,1809,10,3,5,2012,13,48,1
3,722,8,18,4,2012,2,30,1
5,232,4,27,1,2012,23,30,1
1,9260,3,23,1,2012,14,0,1
7,2121,9,1,1,2012,0,1,1
7,7606,7,1,1,2012,0,1,1
3,7792,1,30,11,2011,13,47,1
1,16042,8,28,11,2011,15,30,1
3,5985,3,2,11,2011,22,30,1
3,2483,1,19,10,2011,11,45,1
1,196,5,17,10,2011,9,0,1
1,856,9,3,10,2011,19,0,1
2,1584,5,20,9,2011,7,40,1
7,6353,7,28,8,2011,21,0,1
7,9357,9,28,8,2011,10,30,1
7,5389,5,14,8,2011,17,0,1
7,772,10,17,7,2011,1,8,1
5,2075,7,15,7,2011,16,52,1
3,4627,8,4,5,2011,9,45,1
6,979,4,23,4,2011,18,30,1
4,16862,9,21,4,2011,11,0,1
2,9877,1,19,4,2011,0,1,1
3,6388,8,23,3,2011,18,50,1
5,14026,4,11,3,2011,10,0,1
4,5782,5,10,2,2011,20,15,1
1,6193,2,24,1,2011,10,40,1
6,125,2,1,1,2011,0,1,1
2,601,9,2,11,2010,11,30,1
1,12152,5,1,11,2010,0,1,1
6,6525,2,23,10,2010,13,29,1
4,3447,5,23,9,2010,22,0,1
2,13,3,21,9,2010,15,44,1
4,2101,1,26,8,2010,12,0,1
7,114,8,1,8,2010,0,1,1
2,6183,2,27,7,2010,10,30,1
4,1747,9,1,7,2010,8,0,1
1,3786,1,28,6,2010,14,0,1
1,125,2,3,5,2010,12,0,1
7,2023,5,25,4,2010,9,30,1
3,1455,1,21,4,2010,20,0,1
5,9884,7,9,4,2010,10,0,1
4,1306,2,25,3,2010,9,30,1
3,11031,8,24,3,2010,18,0,1
3,19357,8,24,3,2010,3,0,1
7,5024,8,28,2,2010,12,0,1
6,357,4,27,2,2010,13,42,1
7,12026,8,14,2,2010,10,10,1
4,15842,8,11,2,2010,18,40,1
4,3388,2,11,2,2010,15,0,1
5,476,9,29,1,2010,15,10,1
4,2077,4,28,1,2010,11,0,1
6,5491,3,16,1,2010,16,50,1
6,5917,9,12,12,2009,22,0,1
2,12689,8,8,12,2009,17,35,1
7,601,9,29,11,2009,17,25,1
7,2743,1,29,11,2009,15,15,1
3,318,6,25,11,2009,0,1,1
7,5077,9,15,11,2009,12,0,1
3,408,2,14,10,2009,16,20,1
2,213,4,4,8,2009,12,0,1
5,213,4,24,7,2009,6,0,1
4,5532,3,25,6,2009,22,0,1
7,11055,9,31,5,2009,17,10,1
7,3147,9,31,5,2009,11,22,1
7,4166,1,17,5,2009,0,1,1
5,5077,9,15,5,2009,13,0,1
5,18934,9,15,5,2009,0,1,1
3,1571,7,13,5,2009,16,30,1
2,2743,1,12,5,2009,13,10,1
5,5088,7,17,4,2009,12,55,1
2,2743,1,14,4,2009,14,15,1
2,1733,1,14,4,2009,14,0,1
2,9589,9,14,4,2009,10,40,1
2,2802,5,14,4,2009,10,30,1
2,125,2,14,4,2009,6,33,1
2,2743,1,14,4,2009,6,15,1
3,3929,9,1,4,2009,11,46,1
3,6214,1,1,4,2009,10,15,1
3,5191,8,1,4,2009,9,50,1
2,4569,7,31,3,2009,11,6,1
6,1571,7,21,3,2009,10,15,1
3,4102,6,18,3,2009,16,0,1
1,139,2,16,2,2009,12,0,1
6,1974,1,7,2,2009,20,30,1
6,9020,9,24,1,2009,9,0,1
4,7343,10,25,12,2008,2,25,1
7,9507,8,14,12,2008,12,0,1
4,4317,4,11,12,2008,12,0,1
2,125,2,25,11,2008,12,50,1
3,19305,9,15,10,2008,3,0,1
7,7766,4,7,9,2008,0,1,1
2,4676,4,2,9,2008,9,10,1
6,1299,5,23,8,2008,5,0,1
4,8008,7,21,8,2008,19,0,1
7,2329,1,10,8,2008,14,50,1
2,8932,7,5,8,2008,15,0,1
3,1984,9,9,7,2008,22,10,1
7,145,3,29,6,2008,2,55,1
5,7212,8,27,6,2008,2,35,1
4,3397,1,26,6,2008,23,30,1
4,468,2,26,6,2008,4,56,1
7,2542,1,1,6,2008,0,1,1
4,125,2,29,5,2008,19,45,1
4,1615,2,1,5,2008,12,0,1
7,92,1,20,4,2008,13,45,1
2,1103,5,1,4,2008,0,1,1
2,6087,8,4,3,2008,15,0,1
6,6198,2,9,2,2008,7,37,1
3,4242,9,23,1,2008,13,30,1
1,125,2,7,1,2008,1,0,1
6,14943,9,3,11,2007,8,30,1
3,6360,2,17,10,2007,0,1,1
1,2546,1,15,10,2007,12,0,1
6,6331,8,22,9,2007,9,0,1
4,14268,5,6,9,2007,7,45,1
7,435,10,26,8,2007,10,0,1
4,1431,10,9,8,2007,9,30,1
4,818,1,26,7,2007,19,51,1
7,3419,8,1,7,2007,0,1,1
3,1100,5,27,6,2007,10,41,1
2,3048,7,26,6,2007,8,30,1
3,6313,3,30,5,2007,11,15,1
2,2138,1,29,5,2007,22,0,1
7,7257,8,20,5,2007,0,44,1
6,1472,5,19,5,2007,16,0,1
1,5537,7,14,5,2007,14,0,1
1,2755,2,14,5,2007,12,0,1
5,4502,1,20,4,2007,23,30,1
2,125,2,6,3,2007,11,30,1
5,4991,4,12,1,2007,17,0,1
7,13510,9,17,12,2006,16,0,1
5,10292,7,17,11,2006,19,49,1
5,3026,5,6,10,2006,8,0,1
2,4954,1,3,10,2006,15,0,1
4,125,2,21,9,2006,0,45,1
6,3923,3,12,8,2006,0,30,1
2,19195,9,25,7,2006,0,1,1
1,2240,9,24,7,2006,13,30,1
1,2807,5,10,7,2006,20,50,1
3,4020,4,28,6,2006,7,45,1
7,3714,7,4,6,2006,0,45,1
4,1020,5,4,5,2006,2,10,1
5,1345,1,7,4,2006,17,0,1
3,2262,2,5,4,2006,17,30,1
3,9205,8,8,3,2006,14,35,1
2,2995,5,21,2,2006,15,30,1
3,4231,9,8,2,2006,13,37,1
7,1220,10,1,1,2006,0,1,1
1,648,2,28,11,2005,13,15,1
6,2170,5,19,11,2005,1,10,1
5,16028,9,4,11,2005,12,45,1
2,125,2,1,11,2005,12,0,1
5,4668,1,21,10,2005,1,0,1
4,2792,4,6,10,2005,8,29,1
6,8839,4,24,9,2005,23,45,1
5,1592,1,23,9,2005,22,0,1
5,92,1,23,9,2005,10,30,1
5,1160,1,23,9,2005,8,55,1
1,11366,1,13,6,2005,19,5,1
1,501,4,13,6,2005,0,1,1
7,2234,7,5,6,2005,17,0,1
7,5017,2,8,5,2005,3,0,1
3,1690,2,4,5,2005,15,45,1
4,2143,8,23,12,2004,23,45,1
3,8495,7,8,12,2004,15,55,1
4,9231,1,11,11,2004,7,25,1
4,4628,9,14,10,2004,9,30,1
4,6925,8,30,9,2004,11,0,1
1,277,10,13,9,2004,20,0,1
5,176,1,3,9,2004,8,30,1
7,18506,2,22,8,2004,19,0,1
3,421,1,18,8,2004,11,57,1
2,3126,1,17,8,2004,15,0,1
2,745,1,17,8,2004,0,1,1
6,474,9,7,8,2004,8,45,1
6,1133,7,7,8,2004,0,45,1
5,2718,6,9,7,2004,14,0,1
2,5802,5,6,7,2004,12,0,1
7,1358,6,13,6,2004,13,0,1
5,263,1,11,6,2004,21,59,1
2,16987,3,8,6,2004,13,0,1
4,83,2,27,5,2004,14,45,1
3,10155,8,26,5,2004,16,15,1
1,4301,2,24,5,2004,18,54,1
2,10546,2,11,5,2004,10,0,1
2,7677,1,30,3,2004,22,30,1
6,9252,7,20,3,2004,10,30,1
4,2858,1,4,3,2004,18,10,1
3,5844,5,4,2,2004,15,0,1
5,11378,9,23,1,2004,1,5,1
3,3714,7,21,1,2004,22,0,1
1,2858,1,5,1,2004,16,25,1
6,6460,8,1,11,2003,0,1,1
4,9702,7,16,10,2003,1,22,1
3,2858,1,1,10,2003,0,1,1
2,3106,9,30,9,2003,22,0,1
1,413,1,15,9,2003,17,9,1
6,3505,7,6,9,2003,14,0,1
5,13709,1,8,8,2003,16,52,1
7,2101,1,1,6,2003,12,0,1
7,14761,8,1,6,2003,8,0,1
3,16692,6,14,5,2003,7,10,1
1,5098,5,12,5,2003,13,19,1
5,9403,1,18,4,2003,21,30,1
1,7516,1,14,4,2003,10,0,1
5,125,2,21,3,2003,12,0,1
5,2974,9,13,7,2007,18,50,0
6,3560,4,14,7,2012,1,30,0
2,272,8,21,12,2004,10,15,0
4,1732,3,14,12,2006,8,30,0
6,7275,9,5,9,2009,13,0,0
6,13270,10,31,10,2009,10,47,0
6,14303,7,22,5,2010,15,30,0
6,283,10,18,12,2010,23,0,0
6,1393,10,23,9,2006,9,16,0
1,10998,9,6,9,2010,13,0,0
2,2438,5,13,10,2009,14,0,0
1,1809,10,11,7,2011,12,15,0
4,2601,3,11,8,2011,11,30,0
5,1215,6,22,9,2006,15,10,0
2,479,9,15,10,2013,12,0,0
2,3033,3,5,9,2006,21,10,0
1,936,4,6,8,2007,10,15,0
2,1516,4,25,5,2004,14,21,0
1,485,2,16,5,2005,10,0,0
3,772,10,29,10,2003,22,26,0
5,2579,2,13,1,2012,14,21,0
5,139,2,26,6,2009,15,45,0
6,1039,5,29,5,2004,15,54,0
4,3497,8,3,5,2012,22,0,0
5,125,2,23,9,2005,22,0,0
1,3561,3,14,6,2010,18,30,0
7,9009,3,13,7,2008,1,36,0
7,211,5,7,9,2014,14,0,0
4,2738,3,17,4,2003,22,0,0
5,8805,7,15,1,2010,8,30,0
4,1066,10,30,4,2015,12,25,0
7,631,2,24,2,2008,14,55,0
6,118,2,6,10,2007,11,45,0
4,1876,8,9,3,2006,18,0,0
2,787,5,5,10,2010,13,27,0
3,772,10,4,2,2004,16,50,0
6,9548,1,4,9,2004,0,30,0
6,125,2,1,6,2013,12,0,0
5,2450,3,11,1,2008,21,45,0
7,3036,8,14,3,2010,21,0,0
6,1977,9,12,3,2011,0,1,0
2,1593,2,19,9,2006,22,0,0
5,2076,6,6,4,2007,14,47,0
6,14615,8,22,5,2010,14,28,0
7,2632,5,22,3,2009,6,55,0
3,1220,10,7,3,2007,18,0,0
4,8036,2,1,12,2011,18,56,0
6,8196,5,24,1,2004,8,26,0
3,4258,6,3,11,2010,22,0,0
1,15453,3,24,6,2013,18,20,0
5,9463,3,8,2,2013,19,30,0
5,969,2,5,9,2008,12,44,0
6,17464,1,8,9,2007,19,25,0
6,2041,10,30,6,2007,16,30,0
5,1526,7,7,2,2003,15,0,0
3,2320,9,18,10,2006,16,0,0
6,4478,4,17,6,2006,1,53,0
6,8771,2,1,11,2008,12,30,0
4,5136,7,8,1,2009,16,50,0
5,12759,6,16,4,2004,4,0,0
3,4470,9,26,6,2013,1,55,0
5,125,2,1,6,2012,18,0,0
5,645,3,1,12,2006,13,0,0
7,548,10,31,10,2004,21,0,0
5,2909,2,6,3,2009,22,3,0
1,957,2,28,5,2007,5,45,0
3,821,10,8,8,2012,14,15,0
5,4470,9,18,9,2009,5,51,0
2,5216,1,27,11,2007,12,0,0
1,9220,8,24,11,2014,15,20,0
5,510,1,26,12,2008,16,0,0
1,837,8,23,1,2006,21,10,0
5,5384,5,25,7,2003,8,31,0
6,125,2,27,7,2013,14,15,0
2,7660,7,15,9,2009,13,0,0
4,2270,1,20,10,2005,12,20,0
7,11208,5,10,8,2014,14,0,0
3,2183,9,18,3,2009,3,45,0
1,468,2,28,9,2009,9,15,0
4,15,10,25,8,2011,4,17,0
5,6132,8,30,5,2014,13,0,0
2,13485,7,6,9,2005,23,30,0
4,51,2,12,6,2014,19,0,0
3,12490,1,17,10,2007,18,30,0
3,6400,1,29,5,2013,13,30,0
3,222,5,24,7,2013,22,38,0
3,4362,5,19,4,2006,15,53,0
1,1277,2,4,8,2008,17,30,0
3,6420,2,29,9,2004,9,33,0
3,233,8,2,11,2005,17,20,0
5,2618,3,11,7,2008,9,30,0
7,736,4,12,2,2006,21,45,0
1,3424,1,26,5,2008,11,0,0
3,3398,5,30,11,2005,8,25,0
2,64,4,24,1,2012,21,35,0
1,528,10,7,6,2004,0,30,0
4,5090,3,14,11,2013,9,55,0
7,8680,4,28,12,2008,17,0,0
2,7491,5,4,3,2003,17,24,0
5,22,10,12,8,2011,12,45,0
3,2828,8,30,9,2009,18,18,0
3,2753,3,22,12,2004,6,0,0
3,872,2,24,1,2007,16,30,0
3,3057,4,8,1,2014,3,0,0
5,1622,5,2,12,2005,16,5,0
2,704,2,8,1,2013,8,36,0
4,501,4,5,10,2006,16,0,0
2,1292,2,5,8,2014,17,0,0
6,893,10,17,12,2005,9,16,0
5,121,1,8,8,2014,10,0,0
6,125,2,11,2,2006,14,0,0
2,1935,5,17,3,2009,23,0,0
1,957,2,13,11,2006,23,25,0
7,125,2,14,12,2014,14,5,0
4,16014,6,16,5,2013,19,25,0
7,1722,2,4,7,2010,2,21,0
7,363,2,20,4,2008,5,15,0
3,36,2,1,11,2006,18,59,0
3,22128,4,18,8,2004,13,20,0
3,8500,4,28,5,2003,19,0,0
2,5017,2,17,3,2009,15,0,0
5,7825,4,7,3,2003,10,30,0
1,13269,9,18,4,2005,14,30,0
2,511,4,22,12,2009,14,15,0
3,369,5,16,11,2005,18,0,0
3,2708,5,22,2,2012,9,54,0
3,4646,8,1,10,2008,16,46,0
7,12826,9,17,6,2012,18,0,0
1,2270,1,23,11,2009,18,30,0
6,4298,10,27,12,2014,18,0,0
7,1580,10,10,9,2006,7,54,0
5,468,2,17,12,2010,3,35,0
2,4582,1,31,5,2005,3,30,0
7,4875,2,6,9,2009,3,8,0
3,528,10,8,7,2009,11,8,0
1,14241,8,28,4,2003,5,30,0
3,2616,1,24,6,2009,6,0,0
2,4528,5,28,6,2005,3,0,0
4,5454,8,15,5,2003,10,0,0
7,2911,10,26,12,2004,21,13,0
5,5932,5,4,11,2011,2,12,0
1,125,2,28,4,2014,5,38,0
4,2312,3,21,9,2006,0,1,0
2,5014,4,18,9,2007,6,25,0
3,138,10,23,8,2006,18,55,0
7,757,3,15,6,2014,22,34,0
6,4786,9,28,1,2012,10,0,0
3,8716,9,24,2,2010,9,0,0
1,548,10,28,11,2005,12,10,0
2,4496,9,3,9,2013,14,35,0
6,1951,2,19,4,2014,11,26,0
7,88,2,14,12,2003,13,5,0
6,2255,5,2,6,2007,6,19,0
5,125,2,23,1,2015,23,46,0
7,11619,7,26,2,2006,1,0,0
5,3376,10,19,10,2007,1,15,0
7,4297,8,12,9,2010,14,45,0
2,551,5,23,11,2004,12,0,0
1,15058,3,29,9,2008,22,45,0
2,442,2,8,6,2004,18,29,0
1,5319,1,27,5,2013,7,19,0
5,213,4,3,10,2003,21,54,0
5,269,1,15,10,2004,21,30,0
2,88,2,2,11,2010,15,30,0
4,70,10,10,6,2004,15,29,0
4,1055,2,13,1,2011,0,1,0
3,13689,9,23,6,2004,3,8,0
2,2432,5,6,9,2005,21,30,0
3,83,2,23,1,2013,11,54,0
6,1150,2,27,12,2014,8,5,0
1,20688,7,27,10,2003,1,0,0
6,831,4,23,2,2013,1,50,0
6,5466,8,24,3,2007,17,0,0
2,5408,5,30,11,2010,23,59,0
5,8436,2,11,8,2006,16,0,0
1,1359,2,4,8,2003,11,0,0
4,10938,5,14,10,2004,21,0,0
6,7481,3,5,5,2007,17,5,0
5,2878,1,28,7,2006,10,30,0
1,7165,1,26,12,2011,17,30,0
4,5279,3,27,11,2008,14,0,0
5,17226,8,24,8,2012,18,20,0
3,8251,5,21,3,2007,21,0,0
3,1362,5,13,11,2013,12,15,0
1,13967,3,14,6,2010,0,13,0
2,8096,5,6,3,2007,11,14,0
6,3396,10,26,7,2014,19,15,0
2,22275,5,6,7,2004,16,13,0
4,1255,6,10,6,2004,9,5,0
7,11419,9,28,6,2009,14,45,0
4,359,10,17,10,2013,16,15,0
7,6819,2,31,7,2011,2,0,0
5,11078,9,15,10,2004,18,0,0
4,4533,2,28,6,2007,2,53,0
3,1809,10,20,4,2005,19,0,0
5,4811,8,14,11,2008,14,30,0
7,4912,2,9,10,2011,3,53,0
4,2927,2,20,2,2014,21,25,0
7,2463,2,14,12,2003,16,0,0
7,1116,2,1,7,2007,2,45,0
3,146,10,1,4,2015,17,58,0
1,83,2,1,9,2003,17,6,0
6,125,2,27,6,2009,16,10,0
7,6811,3,14,2,2010,7,15,0
6,2741,4,12,7,2008,11,30,0
7,3667,2,1,6,2003,11,15,0
5,4208,6,28,11,2014,2,37,0
2,4645,5,8,7,2003,16,19,0
5,11748,5,15,5,2009,16,0,0
6,4441,5,9,8,2003,18,40,0
7,12294,9,9,8,2009,1,15,0
2,9925,5,22,12,2009,17,0,0
7,11304,8,18,4,2004,12,0,0
7,22038,3,2,11,2003,16,50,0
5,301,2,9,3,2007,23,0,0
3,4020,4,23,7,2003,16,55,0
7,15029,6,4,5,2003,13,0,0
6,2310,9,23,8,2014,11,0,0
4,4645,5,8,9,2005,18,20,0
3,10966,8,5,10,2005,9,0,0
6,564,10,18,6,2011,7,25,0
1,3168,7,26,12,2011,1,56,0
7,10321,9,5,10,2014,14,0,0
6,2831,4,18,5,2013,14,18,0
5,17263,8,4,5,2007,17,15,0
2,2821,2,14,4,2015,15,40,0
2,354,10,11,5,2004,22,50,0
4,7671,3,5,4,2007,15,0,0
1,926,4,21,1,2008,17,0,0
4,1780,4,9,7,2009,10,37,0
5,7942,5,11,8,2006,20,0,0
4,125,2,2,6,2011,8,30,0
4,15963,3,16,12,2010,10,17,0
3,13101,6,21,3,2007,17,16,0
1,6270,2,20,3,2006,14,15,0
7,7923,1,16,6,2013,21,50,0
4,4368,5,20,8,2009,1,25,0
2,10895,5,23,6,2009,0,1,0
4,16089,6,2,5,2013,16,15,0
2,211,5,12,11,2013,22,20,0
2,359,10,14,10,2014,12,39,0
6,501,4,12,7,2008,21,7,0
7,23,5,2,1,2011,19,45,0
6,3308,4,4,6,2005,0,9,0
1,408,2,24,12,2007,13,30,0
5,17929,1,9,2,2007,21,0,0
7,15495,3,22,2,2009,22,31,0
7,4111,10,4,10,2009,21,30,0
7,9702,7,14,3,2010,3,10,0
1,11882,9,21,7,2014,19,0,0
3,1485,5,4,8,2004,23,0,0
3,125,2,1,4,2015,15,0,0
5,17851,3,21,2,2003,2,0,0
7,125,2,1,8,2010,16,44,0
7,2538,9,13,3,2011,4,10,0
6,2869,10,7,4,2007,19,52,0
4,8049,2,26,6,2014,0,1,0
6,3026,5,1,1,2011,9,0,0
2,22217,1,6,7,2004,0,1,0
2,6762,6,29,5,2012,21,0,0
4,16641,7,7,10,2010,13,0,0
4,172,5,23,2,2012,10,42,0
2,6120,5,22,8,2006,0,46,0
2,2848,2,7,8,2007,17,35,0
3,2927,2,14,12,2005,15,30,0
2,5032,5,10,12,2013,18,0,0
7,4948,8,29,8,2010,21,0,0
7,15019,6,13,2,2005,16,0,0
3,13027,8,28,12,2005,11,30,0
1,125,2,5,4,2010,13,30,0
4,538,8,6,3,2014,6,0,0
7,4225,1,29,12,2013,18,13,0
5,872,2,14,12,2012,19,18,0
3,3875,2,28,11,2007,14,15,0
6,1668,2,16,11,2013,19,0,0
2,11087,1,3,2,2009,11,0,0
2,3531,1,11,5,2004,21,45,0
7,1090,4,28,12,2014,0,30,0
7,323,9,16,1,2011,14,30,0
4,2382,1,28,6,2007,0,45,0
2,6884,9,10,1,2012,13,0,0
3,1017,3,4,10,2006,16,54,0
5,413,1,12,2,2010,16,0,0
5,2659,6,17,4,2015,17,0,0
2,7068,10,31,5,2011,20,1,0
3,2439,2,2,10,2013,1,6,0
6,14550,5,23,4,2011,19,30,0
7,4700,9,17,12,2006,3,0,0
1,707,1,19,1,2009,8,0,0
5,977,1,10,1,2014,10,45,0
5,11355,5,7,3,2014,8,56,0
6,4527,5,21,3,2015,7,0,0
3,129,2,5,10,2011,2,25,0
7,5164,4,20,6,2010,11,55,0
1,772,10,30,3,2009,13,9,0
5,4888,3,25,8,2006,13,44,0
7,1055,2,5,5,2013,21,0,0
6,1331,4,28,6,2008,11,0,0
2,745,1,22,7,2008,15,0,0
4,9719,4,9,3,2006,19,20,0
3,489,2,12,11,2014,19,30,0
4,2601,3,11,8,2011,11,30,0
5,610,2,5,9,2008,8,48,0
6,9259,3,26,3,2011,20,30,0
4,10405,4,16,12,2010,22,25,0
2,3396,10,31,5,2005,1,30,0
7,3664,4,14,12,2008,5,30,0
2,2264,3,10,7,2007,22,17,0
2,7183,4,18,9,2012,22,0,0
7,1153,4,17,7,2005,18,0,0
7,1133,7,17,7,2005,1,50,0
4,8471,4,29,4,2004,17,24,0
7,125,2,20,5,2007,16,0,0
3,9841,8,8,9,2010,22,40,0
4,3854,4,26,11,2009,7,45,0
2,83,2,13,11,2007,14,10,0
5,2586,2,23,7,2004,19,41,0
2,2144,5,18,9,2007,12,10,0
4,10110,1,26,8,2010,13,0,0
4,18390,8,15,5,2008,23,0,0
5,2622,2,11,6,2004,22,30,0
7,8836,4,25,2,2007,13,28,0
4,13474,8,16,10,2003,13,15,0
3,20170,3,13,7,2005,10,45,0
2,5513,5,14,9,2004,10,24,0
1,21230,6,3,10,2005,18,0,0
4,2887,2,7,4,2011,17,45,0
1,392,4,8,7,2013,9,16,0
4,125,2,30,4,2009,14,12,0
1,940,6,16,2,2015,11,45,0
6,158,2,22,9,2012,13,20,0
1,11441,1,8,12,2003,11,23,0
3,1431,10,15,12,2010,20,50,0
3,12300,7,7,3,2012,11,0,0
5,125,2,22,2,2013,17,0,0
2,2708,5,24,7,2012,11,47,0
6,4824,4,8,4,2006,23,0,0
3,1445,1,11,7,2012,9,17,0
6,408,2,3,5,2008,12,56,0
4,4104,6,11,8,2011,21,0,0
5,1622,5,15,11,2013,23,30,0
6,6339,4,18,12,2010,17,0,0
2,1584,5,5,3,2013,14,15,0
2,2357,4,10,8,2010,3,0,0
5,9463,3,20,2,2009,16,33,0
7,5479,5,2,11,2014,19,15,0
2,7066,1,1,10,2013,19,15,0
2,2748,1,18,9,2007,10,0,0
1,14528,6,25,6,2012,3,50,0
7,3604,4,14,7,2013,1,45,0
1,3619,2,17,3,2008,19,15,0
2,13,3,16,11,2010,15,0,0
7,1007,5,3,6,2012,23,0,0
4,772,10,18,3,2004,21,34,0
5,13228,9,8,3,2013,18,0,0
4,19783,3,3,9,2009,16,7,0
1,11474,4,2,10,2006,2,0,0
1,511,4,29,10,2007,9,14,0
2,264,9,25,11,2014,23,30,0
2,2866,9,15,9,2009,15,45,0
2,8432,6,7,8,2007,9,0,0
4,2318,4,23,9,2010,21,30,0
5,125,2,2,12,2011,17,0,0
5,3015,6,12,3,2010,8,30,0
4,7181,3,10,1,2013,22,14,0
3,2333,9,1,12,2010,18,30,0
5,899,4,4,4,2003,17,35,0
1,534,4,16,10,2006,15,5,0
4,351,7,9,9,2010,11,55,0
1,11869,7,8,2,2010,0,7,0
6,552,4,13,12,2003,16,16,0
6,375,7,21,3,2015,16,0,0
7,509,5,22,8,2004,17,55,0
2,2462,2,9,2,2010,15,15,0
4,929,7,30,4,2009,8,0,0
6,1676,2,1,11,2003,13,0,0
5,713,4,8,4,2011,12,0,0
2,3396,10,11,11,2008,19,39,0
5,52,5,30,12,2005,9,20,0
4,359,10,4,9,2008,18,45,0
4,14656,5,29,6,2006,19,0,0
2,11614,5,2,4,2013,3,20,0
1,17702,6,22,3,2010,15,54,0
7,4274,1,18,6,2006,1,30,0
4,2252,2,7,9,2006,22,8,0
5,979,4,27,6,2014,16,0,0
6,10711,4,11,3,2006,20,30,0
5,11532,2,27,7,2007,12,10,0
5,8667,5,12,12,2014,9,0,0
3,8086,9,15,12,2010,12,0,0
5,376,2,24,1,2003,14,30,0
3,957,2,28,12,2005,10,46,0
7,1071,5,12,1,2014,0,10,0
3,13522,9,9,1,2008,15,30,0
6,653,10,29,12,2012,17,26,0
3,125,2,30,5,2007,19,20,0
2,908,10,5,2,2013,13,8,0
2,1555,2,11,7,2006,22,15,0
2,1454,5,6,7,2004,0,30,0
1,125,2,11,6,2007,23,30,0
4,363,2,17,11,2011,8,30,0
4,1673,5,3,10,2013,17,26,0
2,125,2,18,3,2003,10,30,0
2,5615,3,31,10,2006,10,0,0
3,125,2,6,8,2014,2,0,0
6,6623,6,3,12,2011,13,30,0
5,4074,1,12,6,2009,1,32,0
3,3397,1,31,3,2004,3,33,0
5,630,1,16,10,2009,0,1,0
7,18041,9,29,1,2012,19,20,0
6,2328,5,18,10,2014,12,0,0
7,159,6,29,1,2012,2,26,0
1,6564,3,18,4,2011,18,56,0
4,12703,3,28,6,2012,3,34,0
6,2484,10,24,1,2004,23,26,0
4,5469,1,19,8,2004,22,30,0
5,2156,2,4,4,2003,17,40,0
1,5787,3,2,3,2015,19,2,0
5,490,2,8,3,2013,10,7,0
4,1182,5,11,12,2014,22,0,0
3,554,10,15,4,2009,10,24,0
5,1776,5,20,2,2004,18,45,0
5,4652,5,20,3,2015,1,30,0
3,125,2,24,6,2009,15,20,0
1,6420,2,13,10,2008,9,26,0
2,7079,4,30,9,2014,11,28,0
4,2140,2,21,8,2003,15,43,0
7,1913,5,20,5,2007,0,30,0
2,3725,10,8,12,2009,13,0,0
1,9313,4,24,1,2005,21,30,0
3,1121,10,20,4,2011,17,30,0
3,10230,8,1,6,2011,13,10,0
7,1043,1,12,2,2012,1,0,0
5,125,2,25,2,2005,17,22,0
7,125,2,18,7,2010,12,5,0
4,213,4,24,8,2006,15,0,0
2,2866,9,26,10,2004,7,30,0
6,8348,3,3,10,2009,21,45,0
7,714,2,26,7,2009,20,32,0
4,125,2,21,8,2003,10,45,0
7,981,2,3,10,2004,1,0,0
7,6183,2,30,5,2004,8,35,0
1,744,10,28,11,2011,6,48,0
7,4618,5,19,12,2010,16,55,0
4,13986,5,16,5,2013,15,30,0
5,1674,8,23,3,2012,12,8,0
4,366,10,18,3,2004,23,35,0
5,11182,5,25,6,2004,7,50,0
6,9501,3,26,6,2004,19,0,0
3,893,10,3,5,2006,4,0,0
7,435,10,27,6,2004,11,26,0
3,1352,4,5,8,2009,16,0,0
7,2941,1,6,6,2010,18,0,0
5,5145,8,17,9,2004,21,0,0
3,19663,3,28,10,2009,14,30,0
3,3169,3,10,3,2010,21,0,0
7,9894,6,9,10,2011,3,0,0
5,1162,10,20,3,2009,8,15,0
6,125,2,6,4,2013,15,46,0
7,20607,9,24,2,2008,4,0,0
6,984,2,16,5,2009,10,30,0
3,4243,3,19,2,2014,5,36,0
5,11942,3,7,9,2007,23,20,0
6,13979,6,2,12,2006,12,0,0
1,2931,2,2,5,2005,10,10,0
1,2229,5,3,10,2005,22,40,0
2,1351,8,18,3,2008,15,29,0
3,125,2,28,7,2010,14,25,0
1,1297,1,12,5,2003,21,30,0
5,21839,6,14,5,2004,10,0,0
2,1986,2,3,5,2005,0,20,0
1,7629,5,19,1,2015,1,50,0
5,2490,3,17,6,2011,11,30,0
2,5010,5,7,1,2014,0,18,0
6,13571,5,8,2,2003,9,30,0
4,5044,9,21,2,2013,16,53,0
4,15029,6,21,4,2005,4,13,0
2,125,2,27,5,2008,10,0,0
1,1940,7,1,9,2008,11,30,0
2,4439,7,5,2,2008,3,5,0
6,427,2,20,10,2007,10,0,0
1,501,4,25,6,2007,19,3,0
3,9719,4,22,2,2006,23,45,0
6,4032,3,7,9,2013,23,33,0
4,14322,9,21,2,2008,19,0,0
5,1017,3,18,9,2009,15,3,0
3,2749,9,24,8,2005,4,0,0
7,10001,2,10,8,2014,20,0,0
2,713,4,9,1,2007,17,0,0
3,451,2,18,2,2015,17,0,0
6,18727,8,21,8,2004,20,15,0
6,282,6,5,10,2013,22,0,0
7,6461,8,1,12,2013,0,1,0
3,125,2,30,6,2010,10,30,0
4,1903,9,4,9,2003,22,0,0
5,1975,2,30,11,2012,19,0,0
7,28,4,15,12,2013,17,39,0
3,20116,3,21,1,2009,15,30,0
1,561,6,11,5,2015,20,0,0
2,2343,9,19,8,2003,7,45,0
5,3131,10,22,4,2011,15,28,0
7,10134,6,1,7,2012,2,0,0
4,4220,1,24,1,2013,13,0,0
4,2398,2,22,8,2013,19,13,0
5,4952,5,22,2,2013,22,15,0
6,1977,9,12,3,2005,3,30,0
5,1083,1,2,5,2014,15,58,0
3,9632,6,27,7,2005,21,30,0
5,105,5,1,10,2004,9,0,0
3,8930,5,25,7,2007,8,30,0
6,2422,6,1,11,2003,16,0,0
2,39,3,28,5,2013,14,0,0
1,17730,7,14,5,2012,8,0,0
5,10156,4,23,1,2009,13,0,0
1,125,2,1,9,2008,8,0,0
2,328,10,4,5,2010,23,13,0
7,1331,4,29,1,2012,5,30,0
7,151,5,13,1,2013,11,30,0
5,8449,7,10,3,2006,19,0,0
5,4527,5,22,2,2008,22,30,0
2,7416,3,16,9,2003,21,21,0
2,3946,6,16,3,2004,8,0,0
3,4287,6,25,8,2010,22,25,0
5,2732,2,1,6,2007,10,53,0
1,15442,9,24,1,2011,1,15,0
4,7039,5,15,5,2014,9,0,0
5,12488,5,27,7,2007,11,25,0
7,4896,6,25,3,2012,20,15,0
4,5995,6,29,10,2009,18,15,0
7,5745,5,9,2,2003,15,40,0
2,1554,1,17,2,2009,20,40,0
2,12655,5,23,7,2013,19,0,0
3,5454,8,29,6,2011,11,5,0
5,125,2,22,10,2010,16,30,0
7,1428,3,5,10,2003,14,55,0
2,213,4,27,5,2008,16,50,0
1,2576,5,1,5,2006,12,0,0
6,755,4,1,11,2014,21,0,0
1,7225,9,18,8,2014,8,23,0
2,408,2,17,10,2006,15,30,0
5,5160,7,8,8,2003,0,1,0
6,10826,4,4,5,2013,21,30,0
7,4866,9,25,3,2007,21,0,0
3,14993,9,15,12,2010,21,0,0
3,125,2,8,3,2006,22,30,0
6,10229,4,23,4,2011,7,20,0
4,18540,5,30,9,2004,23,19,0
7,1245,10,18,12,2011,17,30,0
7,511,4,18,11,2007,23,53,0
5,22,10,11,2,2005,18,15,0
1,12405,5,6,2,2006,11,48,0
5,213,4,26,11,2004,13,53,0
4,13952,9,1,4,2004,0,1,0
5,8231,1,26,12,2014,20,10,0
6,2879,5,13,8,2011,20,29,0
4,10725,2,2,5,2013,10,7,0
1,11675,4,25,1,2010,13,15,0
5,15111,1,6,4,2007,19,0,0
6,13101,6,5,11,2005,15,50,0
5,2374,1,17,4,2009,1,7,0
1,357,4,17,4,2006,18,32,0
3,195,8,13,5,2015,12,21,0
2,4754,5,28,5,2013,11,0,0
3,193,9,13,5,2015,12,30,0
7,9719,4,31,1,2010,0,21,0
3,898,2,18,5,2011,10,30,0
2,3786,1,21,8,2012,10,32,0
4,1117,4,22,1,2015,9,47,0
5,3389,5,29,1,2010,18,23,0
6,125,2,22,9,2012,23,15,0
5,10736,5,28,5,2004,22,9,0
1,4528,5,9,11,2009,19,0,0
2,677,2,19,9,2006,21,15,0
3,7601,5,7,1,2015,3,19,0
7,1428,3,6,10,2013,20,0,0
5,4112,2,27,7,2012,13,0,0
1,8228,9,21,1,2008,13,30,0
2,3808,9,24,6,2014,18,0,0
2,1427,1,4,3,2003,2,0,0
2,693,2,5,9,2006,10,45,0
1,1341,7,20,1,2003,17,20,0
4,746,4,15,4,2004,8,0,0
3,5134,6,14,6,2006,4,30,0
7,872,2,25,9,2005,20,53,0
4,6376,3,22,1,2015,6,20,0
2,6879,3,12,11,2013,17,30,0
6,15,10,3,4,2004,17,28,0
6,2652,6,27,12,2008,11,20,0
1,710,8,17,9,2007,2,3,0
1,8596,9,7,7,2008,22,0,0
2,1040,1,4,10,2011,8,0,0
6,964,3,17,6,2006,19,18,0
2,16645,9,27,11,2007,19,0,0
5,14301,5,17,9,2004,12,15,0
1,16026,3,12,12,2011,23,0,0
6,7461,3,18,5,2013,17,30,0
6,21519,1,13,8,2005,12,55,0
5,550,3,13,6,2014,19,38,0
7,15796,6,12,3,2006,14,30,0
7,1776,5,15,6,2008,0,20,0
3,7039,5,29,4,2009,11,0,0
5,3899,5,20,8,2004,19,0,0
7,964,3,2,5,2004,9,20,0
7,5158,7,16,12,2012,17,0,0
3,1085,5,9,6,2004,11,0,0
6,2987,10,27,1,2007,22,38,0
4,979,4,18,10,2012,18,49,0
2,2729,8,27,4,2004,21,0,0
3,1352,4,26,12,2012,6,0,0
3,830,10,13,7,2005,20,5,0
3,83,2,10,12,2003,10,50,0
7,1726,5,6,10,2013,21,0,0
3,5623,6,23,1,2008,22,0,0
6,10405,4,26,3,2011,17,0,0
7,9330,1,21,9,2014,15,27,0
1,408,2,13,4,2009,12,25,0
5,359,10,9,3,2007,20,11,0
2,4927,2,27,6,2006,12,0,0
7,369,5,28,8,2005,22,38,0
7,907,6,13,3,2005,10,12,0
7,4326,3,11,9,2011,21,10,0
2,73,7,10,7,2007,19,45,0
3,6382,6,31,10,2007,23,45,0
2,13183,9,18,3,2014,18,15,0
3,18742,4,16,9,2009,18,30,0
5,1690,2,3,10,2008,21,30,0
6,753,2,20,5,2006,8,0,0
1,3950,2,8,8,2005,16,45,0
6,6021,4,26,8,2006,17,0,0
4,1445,1,7,8,2014,0,1,0
7,7275,9,29,6,2014,14,0,0
4,979,4,17,4,2003,6,20,0
2,64,4,22,3,2011,1,19,0
3,3015,6,22,8,2012,23,8,0
7,1615,2,9,10,2005,22,36,0
7,504,4,13,2,2011,17,40,0
7,2010,5,17,1,2010,23,0,0
5,11373,4,4,4,2003,5,0,0
3,8596,9,22,8,2007,14,30,0
6,22,10,17,11,2007,3,32,0
7,408,2,24,8,2014,12,51,0
4,12581,8,20,2,2003,5,27,0
4,6923,7,28,7,2011,15,0,0
6,11453,3,5,5,2007,19,29,0
5,3318,9,29,10,2004,0,30,0
7,504,4,12,7,2009,15,39,0
1,4892,4,16,3,2009,22,36,0
7,3104,9,8,4,2012,17,0,0
2,408,2,30,9,2003,17,55,0
2,5215,3,18,2,2014,13,30,0
4,5986,3,20,10,2011,21,50,0
6,116,5,16,1,2010,10,41,0
4,10717,6,19,5,2005,20,30,0
6,504,4,25,8,2007,0,1,0
4,1095,5,29,5,2014,12,0,0
5,1886,9,22,3,2013,17,1,0
3,1375,2,30,11,2011,21,29,0
6,3238,3,8,4,2006,7,0,0
1,504,4,8,2,2010,23,0,0
6,1068,1,3,11,2007,12,0,0
6,4126,8,1,7,2006,9,0,0
6,13183,9,21,4,2012,7,30,0
3,4979,7,2,4,2003,19,0,0
1,7556,4,6,9,2010,21,20,0
7,21771,5,2,11,2003,10,50,0
3,957,2,18,8,2004,0,1,0
5,3374,7,13,7,2012,17,0,0
2,5894,3,23,1,2007,10,45,0
4,7013,1,6,9,2007,17,30,0
2,22033,3,11,11,2003,22,25,0
7,7289,8,1,1,2012,0,1,0
3,17565,6,7,7,2004,8,20,0
2,7042,2,29,9,2009,18,0,0
4,1150,2,27,1,2005,3,2,0
2,11764,1,21,8,2007,20,0,0
1,125,2,31,3,2008,22,0,0
4,11256,4,21,8,2014,19,52,0
1,1943,2,10,11,2003,15,0,0
5,1986,2,2,5,2008,8,0,0
4,1808,9,23,8,2012,9,17,0
6,744,10,17,5,2003,14,51,0
1,5841,9,17,10,2011,20,20,0
3,3250,1,2,5,2007,20,50,0
3,1654,8,7,1,2009,16,44,0
5,4908,2,16,10,2009,16,40,0
5,1091,10,18,11,2005,19,0,0
4,2147,7,26,7,2012,7,16,0
3,36,2,19,9,2012,11,45,0
6,1663,3,7,2,2004,18,16,0
2,1786,8,9,1,2007,12,15,0
7,6740,2,19,12,2010,13,53,0
1,779,2,5,3,2012,14,0,0
6,6382,6,17,4,2004,23,0,0
1,2385,4,15,9,2014,23,0,0
7,2351,6,5,11,2006,15,5,0
4,3180,10,2,6,2005,9,24,0
5,548,10,11,8,2006,0,10,0
3,19494,8,3,10,2007,7,20,0
5,22771,8,28,11,2003,15,55,0
5,1300,6,8,8,2003,6,0,0
3,1708,8,12,11,2014,8,0,0
6,125,2,29,5,2004,0,1,0
2,10145,3,6,2,2007,23,48,0
7,1606,2,25,2,2007,23,45,0
3,11939,7,18,4,2007,14,15,0
2,435,10,10,7,2007,0,20,0
1,7762,7,22,7,2013,14,45,0
6,12727,5,16,1,2010,1,7,0
3,8233,1,18,9,2013,23,30,0
1,1409,6,24,6,2013,19,0,0
6,5851,3,12,7,2003,21,45,0
1,7415,4,1,5,2006,22,0,0
3,4705,5,22,2,2006,10,15,0
5,70,10,21,3,2014,9,30,0
5,7601,5,6,5,2011,2,18,0
5,7452,9,11,2,2005,16,14,0
3,7771,8,20,2,2013,19,30,0
7,4140,10,18,4,2004,12,44,0
5,8104,1,3,6,2005,5,30,0
6,200,2,11,12,2004,11,0,0
4,501,4,20,2,2014,16,35,0
2,13382,1,26,7,2011,8,0,0
7,2373,2,12,8,2007,1,59,0
3,16496,6,9,7,2003,10,35,0
5,14389,6,3,4,2009,18,35,0
5,4323,1,14,1,2005,17,24,0
6,7174,6,16,1,2010,0,1,0
6,4063,5,23,4,2011,21,41,0
2,18366,8,3,8,2004,13,45,0
1,8745,1,28,9,2009,16,0,0
3,504,4,7,4,2010,7,30,0
5,4824,4,1,12,2006,23,40,0
7,3183,2,6,11,2005,18,14,0
4,5280,4,25,1,2007,18,0,0
5,1754,6,21,3,2014,23,0,0
2,1676,2,18,3,2008,16,0,0
1,1281,2,8,12,2014,20,20,0
2,1245,10,27,12,2011,11,0,0
6,1352,4,10,9,2011,20,0,0
5,1673,5,25,3,2005,13,0,0
1,435,10,25,5,2009,15,51,0
1,511,4,14,4,2008,8,30,0
3,166,10,18,3,2015,16,19,0
1,403,7,29,10,2012,16,20,0
2,146,10,13,6,2006,19,10,0
3,10376,5,26,1,2005,18,0,0
3,468,2,21,1,2004,19,7,0
7,9337,3,19,10,2003,22,30,0
6,1415,4,21,2,2009,23,45,0
4,3204,8,8,3,2012,13,30,0
4,359,10,24,1,2013,19,30,0
6,4136,1,28,1,2012,21,30,0
3,8105,4,31,3,2004,17,5,0
4,2252,2,28,7,2011,0,41,0
4,88,2,17,5,2012,14,50,0
3,7235,3,3,3,2004,4,45,0
1,3485,9,6,2,2006,15,53,0
6,9619,1,7,4,2007,13,30,0
4,9080,9,22,7,2004,19,33,0
2,6084,3,4,5,2010,21,16,0
5,3852,5,26,1,2007,11,0,0
4,3255,5,15,11,2007,22,0,0
4,3629,4,6,9,2012,12,15,0
5,9748,3,23,8,2013,23,0,0
1,1631,9,27,4,2015,11,25,0
4,665,3,25,8,2005,13,20,0
4,3144,5,15,5,2003,16,37,0
6,1156,8,1,12,2007,19,10,0
2,1379,1,15,4,2008,14,16,0
5,8602,8,21,3,2003,8,15,0
7,19360,7,22,2,2009,1,58,0
7,324,1,20,11,2011,16,30,0
3,1615,2,14,6,2006,21,49,0
2,125,2,15,9,2009,20,55,0
5,3396,10,23,3,2012,19,50,0
2,7519,1,4,8,2009,16,40,0
6,6704,8,27,12,2014,9,30,0
1,2156,2,1,3,2004,12,56,0
5,4998,4,26,2,2010,14,30,0
4,7953,5,20,2,2014,13,14,0
7,52,5,7,5,2006,4,0,0
7,3391,5,1,6,2008,10,0,0
1,1209,1,26,5,2008,13,0,0
6,213,4,30,7,2005,11,50,0
6,7313,5,16,7,2005,20,41,0
3,3904,3,17,4,2013,23,0,0
7,1002,8,3,6,2007,21,25,0
7,5365,3,16,7,2006,16,3,0
2,485,2,22,7,2003,7,30,0
3,4372,8,19,2,2003,21,0,0
2,1433,10,16,9,2008,13,34,0
1,232,4,12,11,2012,12,4,0
2,13885,5,19,3,2013,7,16,0
5,1041,5,20,5,2011,18,30,0
1,1951,2,7,2,2005,22,20,0
3,985,4,8,7,2009,20,30,0
2,15496,1,5,10,2010,5,40,0
6,1656,4,25,2,2012,23,40,0
1,3131,10,25,1,2010,13,0,0
1,1399,10,24,11,2003,19,22,0
1,125,2,26,5,2008,12,30,0
2,3886,6,14,10,2014,9,17,0
2,14121,9,21,1,2014,13,40,0
7,5527,5,11,1,2009,12,34,0
2,3400,5,23,12,2014,19,51,0
6,21909,9,3,5,2003,4,0,0
5,1915,5,23,9,2005,23,36,0
1,1287,2,9,7,2007,12,0,0
6,9573,9,14,6,2003,14,25,0
1,13677,4,5,9,2005,18,30,0
1,5305,7,18,10,2010,12,35,0
6,12408,9,25,1,2014,17,15,0
6,17461,8,8,10,2005,5,30,0
4,601,9,7,2,2013,17,4,0
1,1995,7,5,1,2009,8,0,0
1,501,4,19,4,2010,15,20,0
1,125,2,18,4,2005,9,35,0
4,6684,7,31,5,2007,7,30,0
5,6565,3,14,12,2007,12,10,0
3,19204,3,1,9,2004,5,34,0
2,14434,4,17,8,2004,9,23,0
5,17517,3,1,6,2007,15,0,0
3,4495,7,3,5,2006,8,0,0
4,408,2,4,10,2007,19,2,0
7,1576,4,11,8,2013,7,40,0
6,1599,6,17,10,2009,0,1,0
7,912,10,22,5,2011,11,30,0
5,4627,8,14,7,2006,17,38,0
6,571,2,29,6,2013,21,31,0
2,2046,2,29,6,2010,20,0,0
4,3657,5,21,2,2008,20,38,0
7,2267,2,27,8,2006,10,55,0
5,2601,3,14,11,2003,10,48,0
1,12116,7,14,4,2014,20,59,0
3,4867,1,10,12,2003,21,30,0
3,403,7,8,1,2014,14,47,0
4,5491,3,10,8,2006,18,16,0
3,10331,8,6,8,2008,10,20,0
7,1041,5,16,12,2012,10,30,0
1,6506,3,11,6,2007,17,25,0
1,294,1,19,9,2011,5,50,0
5,1792,2,9,7,2004,20,20,0
7,9473,8,26,8,2012,7,30,0
1,8221,4,16,2,2004,11,30,0
5,10408,9,3,10,2014,23,30,0
2,2139,5,14,5,2013,19,20,0
2,13330,8,12,1,2010,2,5,0
6,125,2,3,7,2010,20,40,0
2,3802,5,31,3,2009,20,30,0
6,1115,1,22,10,2011,8,0,0
5,2369,4,23,3,2007,15,0,0
2,4298,10,8,7,2008,21,0,0
5,1853,8,18,11,2011,13,15,0
7,1542,7,15,1,2006,14,27,0
4,3532,3,28,7,2011,20,50,0
1,551,5,5,2,2007,21,20,0
3,2183,9,3,10,2007,23,30,0
5,1428,3,26,8,2005,17,54,0
2,102,10,20,1,2015,9,0,0
3,2891,5,8,8,2012,11,38,0
2,18323,9,17,2,2004,15,15,0
5,2741,4,20,3,2009,0,20,0
2,6711,5,2,10,2007,17,30,0
2,8909,5,24,1,2006,8,0,0
2,1580,10,21,7,2009,14,15,0
6,3525,9,15,1,2005,13,0,0
2,1214,10,24,8,2010,12,30,0
6,12763,3,17,5,2014,16,30,0
2,1351,8,19,4,2011,13,0,0
7,2869,10,8,10,2006,9,10,0
2,203,2,5,3,2013,11,0,0
5,125,2,11,12,2009,11,15,0
5,2911,10,30,5,2008,13,45,0
2,9169,9,25,11,2014,19,0,0
6,1233,4,4,10,2008,17,55,0
7,3511,5,26,9,2010,10,38,0
2,11351,3,25,5,2004,17,25,0
4,8437,2,13,11,2003,8,30,0
3,8387,2,26,1,2005,19,0,0
5,4062,4,25,3,2005,20,30,0
4,6956,9,20,8,2009,20,32,0
2,23069,1,13,5,2003,18,10,0
3,3974,5,14,12,2005,12,40,0
5,7400,5,18,10,2013,7,0,0
7,1405,10,30,6,2013,14,0,0
4,7578,4,8,7,2004,5,30,0
3,227,1,12,1,2005,1,2,0
4,408,2,17,5,2012,15,5,0
4,408,2,28,12,2006,17,0,0
6,8353,2,24,3,2012,22,30,0
7,144,4,12,8,2012,19,50,0
4,1969,4,7,8,2014,14,0,0
5,8075,3,25,3,2005,18,0,0
3,213,4,21,4,2010,0,38,0
6,817,2,20,9,2014,1,36,0
4,11182,5,5,3,2009,21,24,0
1,14291,9,8,1,2007,7,0,0
2,2241,4,4,5,2010,13,20,0
4,7622,2,7,8,2014,7,30,0
6,6629,5,3,11,2007,17,45,0
2,9524,3,13,11,2007,10,10,0
5,5121,5,21,10,2005,18,30,0
5,400,3,3,5,2013,18,3,0
6,2873,8,17,12,2011,17,30,0
6,501,4,6,3,2004,22,23,0
6,9684,2,13,12,2003,9,0,0
3,6835,7,31,10,2007,18,15,0
2,452,5,17,4,2012,17,18,0
7,13758,7,7,3,2004,1,18,0
4,1653,3,25,8,2005,21,19,0
2,16381,5,4,9,2012,18,29,0
5,5549,3,14,6,2013,19,12,0
6,7071,6,21,4,2012,17,0,0
6,3362,5,11,2,2006,16,0,0
5,16560,9,4,9,2009,3,50,0
4,1590,7,30,6,2011,12,15,0
6,178,2,11,12,2004,21,0,0
7,191,3,10,8,2003,12,38,0
5,3922,5,14,5,2004,16,0,0
5,6888,3,7,3,2003,18,30,0
7,4161,2,19,6,2005,9,30,0
1,2090,1,19,4,2010,15,0,0
2,6783,5,8,1,2013,9,40,0
4,8432,6,30,6,2011,15,25,0
7,4178,10,30,6,2013,20,27,0
3,15408,8,21,8,2013,8,0,0
1,235,4,23,1,2006,15,10,0
1,4831,2,11,6,2012,17,30,0
2,3619,2,26,7,2011,3,2,0
2,551,5,11,1,2011,21,0,0
7,755,4,27,12,2009,14,30,0
6,4323,1,26,1,2013,11,0,0
3,3301,2,6,2,2008,2,7,0
3,16821,9,7,3,2007,3,45,0
1,102,10,2,5,2005,13,15,0
4,4528,5,11,6,2009,22,0,0
5,12870,7,30,11,2012,14,10,0
2,6184,3,8,3,2011,23,18,0
6,1150,2,9,3,2013,1,46,0
3,13402,2,24,8,2011,17,37,0
2,5714,1,15,5,2007,10,22,0
1,27,5,27,9,2004,13,7,0
4,10004,3,5,2,2009,11,45,0
4,10641,4,26,6,2008,13,30,0
6,1095,5,4,11,2006,9,0,0
4,538,8,17,11,2011,7,35,0
7,5670,1,8,10,2006,11,0,0
5,64,4,5,5,2006,18,10,0
2,10073,9,4,9,2007,0,1,0
3,1598,5,1,10,2003,14,45,0
1,19272,9,28,6,2010,22,30,0
3,21917,5,11,6,2003,20,29,0
1,8136,2,24,1,2005,9,50,0
5,2821,2,15,12,2006,16,0,0
5,21821,5,2,4,2004,9,40,0
4,1676,2,18,10,2012,7,43,0
5,501,4,11,2,2005,6,0,0
5,713,4,1,10,2004,13,47,0
7,2881,5,13,8,2006,2,30,0
2,17758,1,1,9,2009,16,30,0
4,17421,6,9,2,2006,13,0,0
6,125,2,29,7,2006,5,0,0
6,9247,8,5,5,2012,21,30,0
3,2422,6,21,4,2010,19,15,0
5,39,3,13,7,2007,13,0,0
2,19514,9,4,3,2003,17,0,0
5,1341,7,9,1,2009,13,30,0
4,823,2,8,3,2012,10,0,0
7,10605,3,25,9,2005,22,50,0
7,9186,7,1,6,2003,12,0,0
2,19801,7,18,8,2009,16,15,0
7,9337,3,14,6,2009,15,35,0
4,5575,1,8,9,2011,17,54,0
6,36,2,23,4,2005,13,46,0
3,704,2,12,11,2014,10,45,0
5,1982,3,19,5,2006,11,10,0
5,7299,6,11,12,2009,6,0,0
6,2889,10,13,11,2004,8,0,0
4,83,2,20,3,2008,17,15,0
3,1066,10,1,4,2015,12,53,0
1,9071,7,23,8,2010,19,10,0
5,282,6,1,12,2006,10,0,0
6,7503,5,21,10,2006,10,49,0
2,4807,5,29,5,2007,13,0,0
4,927,1,23,8,2007,3,30,0
5,10021,6,12,11,2004,16,9,0
2,98,4,8,8,2006,12,39,0
6,1335,6,2,10,2004,23,59,0
3,12451,9,14,11,2012,21,36,0
5,5103,8,5,10,2012,0,1,0
2,1692,6,17,4,2012,9,30,0
6,1220,10,4,10,2008,3,15,0
5,710,8,26,2,2010,2,37,0
3,1917,2,31,10,2012,14,0,0
7,2945,3,29,11,2009,18,15,0
5,4703,1,6,9,2013,18,0,0
2,7228,2,2,11,2010,22,20,0
4,21587,2,19,5,2005,19,0,0
1,1353,4,26,11,2007,8,0,0
3,9038,9,15,5,2013,22,0,0
1,5493,2,3,3,2014,20,0,0
4,3274,8,20,3,2003,23,45,0
2,7858,8,4,9,2007,15,0,0
6,1654,8,30,11,2013,12,37,0
6,13394,8,3,7,2010,9,0,0
1,9856,1,30,5,2011,18,5,0
6,146,10,12,1,2013,16,30,0
7,1877,1,20,5,2012,13,0,0
4,111,10,5,10,2006,23,48,0
6,2821,2,21,9,2013,16,27,0
3,6662,8,30,9,2009,12,15,0
4,11103,6,5,10,2006,1,0,0
3,1091,10,17,4,2013,13,52,0
4,213,4,24,7,2003,23,12,0
1,2861,5,13,11,2006,12,57,0
7,9742,4,14,8,2011,14,15,0
5,1796,3,4,9,2009,22,40,0
3,8823,3,31,3,2004,17,58,0
3,2405,5,14,12,2005,23,20,0
4,4157,7,16,12,2010,13,45,0
2,4726,10,6,1,2015,0,1,0
5,1597,8,22,4,2005,11,40,0
4,358,6,17,6,2010,9,45,0
4,125,2,17,11,2011,14,40,0
6,11350,6,1,5,2004,13,15,0
3,232,4,7,3,2012,16,25,0
4,3550,4,5,4,2007,11,46,0
1,21378,8,1,3,2004,16,0,0
4,716,5,24,3,2011,22,35,0
5,11,10,19,9,2014,9,0,0
1,978,1,12,12,2005,1,39,0
5,357,4,18,6,2010,20,35,0
4,6386,4,13,12,2007,11,56,0
5,442,2,14,7,2006,19,5,0
7,1399,10,18,6,2006,22,30,0
5,18,10,15,12,2006,6,0,0
2,13861,7,8,2,2011,7,30,0
2,2365,5,18,3,2014,19,20,0
4,13516,5,8,7,2004,14,3,0
6,15081,8,24,9,2011,19,6,0
1,13314,7,7,3,2005,17,30,0
1,2987,10,17,2,2014,16,47,0
4,11884,9,6,2,2014,10,40,0
4,5851,3,24,1,2013,12,53,0
6,5454,8,13,8,2005,18,15,0
6,7442,4,5,4,2008,2,0,0
2,697,8,25,6,2013,8,15,0
6,542,2,2,7,2005,17,0,0
4,7075,7,23,9,2010,2,30,0
6,7068,10,21,9,2013,15,34,0
7,63,1,29,7,2007,15,45,0
1,3715,9,8,12,2003,12,55,0
3,6027,8,12,12,2007,23,14,0
5,282,6,3,4,2015,8,0,0
3,4020,4,26,1,2005,13,3,0
4,1745,8,12,6,2008,12,15,0
5,36,2,3,6,2011,12,30,0
3,2166,6,5,3,2014,8,10,0
2,2944,2,3,10,2006,4,0,0
1,2371,10,14,9,2009,22,35,0
5,4981,9,6,3,2009,22,0,0
4,19079,3,10,2,2005,9,0,0
5,27,5,17,10,2014,15,57,0
5,3496,5,12,8,2005,9,0,0
4,12453,3,1,4,2004,19,15,0
1,435,10,11,6,2012,14,33,0
7,4366,7,22,3,2015,12,15,0
2,468,2,24,11,2009,10,0,0
5,125,2,4,4,2003,22,30,0
7,9083,9,9,9,2007,17,58,0
3,4702,6,22,8,2012,3,35,0
2,13004,7,19,2,2013,23,0,0
7,15632,5,19,6,2011,19,6,0
2,1645,9,9,11,2004,16,0,0
3,2396,1,25,1,2006,22,57,0
1,2266,1,28,5,2012,20,46,0
2,595,7,19,3,2013,23,32,0
5,8103,3,20,9,2013,7,50,0
1,12162,5,10,11,2008,19,30,0
1,125,2,1,5,2006,3,25,0
1,3211,3,19,2,2007,21,0,0
7,18562,8,18,12,2005,18,30,0
3,1379,1,6,4,2011,5,40,0
4,10140,3,23,12,2004,4,0,0
4,16824,8,6,9,2007,21,4,0
1,2968,3,16,8,2004,15,30,0
5,5773,4,1,7,2011,20,25,0
5,772,10,6,8,2004,22,6,0
4,16318,9,16,9,2004,20,0,0
5,12661,9,2,11,2012,19,20,0
6,4419,6,11,12,2004,21,0,0
4,2091,2,24,1,2013,20,40,0
2,518,10,12,7,2011,13,50,0
2,8959,8,4,10,2005,17,30,0
6,3133,5,14,12,2013,15,39,0
3,13188,2,22,8,2007,23,0,0
2,8953,1,25,7,2006,2,0,0
2,3367,5,31,8,2004,18,0,0
6,8090,1,21,9,2013,22,0,0
3,15717,7,10,1,2007,17,0,0
2,2262,2,31,8,2004,22,0,0
2,1939,4,29,11,2011,11,18,0
5,12703,3,7,9,2007,20,30,0
4,817,2,4,11,2010,6,55,0
7,979,4,23,3,2014,0,1,0
5,9890,5,7,2,2003,12,0,0
4,11308,6,30,11,2006,19,29,0
6,4047,3,22,9,2007,17,13,0
7,2113,9,13,7,2003,16,10,0
6,945,6,8,9,2007,0,30,0
5,10830,9,14,11,2008,0,30,0
4,511,4,2,4,2015,19,0,0
7,11994,9,26,9,2010,10,9,0
2,359,10,27,5,2003,12,0,0
6,5889,8,28,12,2013,9,34,0
6,5995,6,17,11,2007,18,19,0
7,1121,10,7,5,2006,16,20,0
3,4202,1,4,5,2005,23,15,0
4,10968,8,17,9,2009,18,4,0
5,840,5,16,11,2012,0,46,0
6,2536,3,29,11,2008,8,0,0
2,4848,3,23,8,2005,12,17,0
2,19586,8,8,12,2009,13,10,0
6,2490,3,15,11,2008,9,30,0
1,277,10,30,9,2013,20,5,0
7,10555,9,27,6,2004,1,30,0
6,638,4,27,6,2009,16,0,0
1,8337,5,17,3,2008,21,25,0
6,2156,2,8,2,2014,7,47,0
4,6863,5,1,5,2008,21,0,0
1,235,4,8,12,2003,13,30,0
4,111,10,5,10,2006,23,48,0
7,1026,5,1,7,2012,11,25,0
1,665,3,25,6,2012,9,20,0
1,6854,4,17,10,2005,15,0,0
2,408,2,17,4,2007,21,30,0
5,152,10,29,1,2010,14,55,0
4,10794,9,19,3,2009,5,30,0
2,8054,3,27,5,2003,8,40,0
6,2443,8,30,12,2006,21,0,0
1,5569,5,26,6,2006,0,1,0
3,213,4,11,6,2003,13,30,0
7,1305,1,21,9,2008,0,15,0
2,125,2,10,1,2006,16,46,0
3,7452,9,21,1,2015,15,50,0
3,2144,5,21,9,2005,7,10,0
3,1089,2,15,4,2015,20,15,0
5,2340,3,24,9,2010,18,39,0
6,125,2,20,4,2013,19,30,0
7,20985,3,10,8,2003,12,55,0
4,2737,3,1,4,2004,9,58,0
7,1228,4,6,4,2008,20,0,0
6,2539,8,2,5,2009,18,0,0
3,6739,4,26,11,2003,13,30,0
5,1405,10,25,7,2008,14,25,0
7,583,4,24,8,2014,20,30,0
7,13933,8,13,2,2011,20,0,0
3,5530,8,27,11,2013,18,0,0
2,18413,7,13,12,2005,16,0,0
1,5272,4,3,10,2005,21,0,0
2,2089,3,20,1,2015,12,36,0
7,2328,5,17,10,2004,20,0,0
1,5905,5,8,12,2008,18,0,0
7,4317,4,26,8,2007,12,0,0
4,468,2,28,6,2012,1,20,0
2,1275,10,12,11,2013,19,28,0
2,10764,3,1,4,2014,0,1,0
6,1775,4,28,6,2003,2,46,0
4,977,1,30,6,2005,17,30,0
3,311,9,29,12,2010,10,50,0
5,3997,5,10,8,2012,22,0,0
6,2755,2,26,3,2011,23,0,0
7,577,2,21,10,2012,17,40,0
3,2988,3,17,9,2008,15,35,0
3,3892,2,5,10,2005,6,48,0
3,2783,4,16,4,2008,15,50,0
5,167,5,1,7,2011,15,0,0
5,732,7,10,12,2004,23,16,0
3,9329,4,3,10,2012,11,0,0
2,1300,6,22,7,2014,20,30,0
2,631,2,8,2,2005,11,0,0
3,1960,4,3,9,2003,15,30,0
5,1895,3,30,10,2009,7,30,0
5,11250,5,26,8,2005,6,50,0
3,6869,3,10,12,2008,18,0,0
3,999,1,7,3,2007,23,30,0
1,1615,2,19,9,2011,12,28,0
1,5669,6,16,2,2009,22,0,0
1,17504,5,23,7,2012,0,48,0
2,6741,8,4,3,2008,2,0,0
1,22,10,19,8,2013,15,20,0
1,21813,1,21,6,2004,23,0,0
1,6302,4,18,8,2003,15,49,0
5,198,1,24,2,2006,2,4,0
6,1531,6,19,4,2003,12,0,0
5,3186,5,9,1,2009,9,0,0
7,1556,5,24,3,2013,18,49,0
1,4879,1,12,7,2010,21,0,0
2,1019,5,19,9,2006,17,30,0
7,9298,9,29,1,2012,15,0,0
7,549,4,24,4,2005,1,30,0
2,14094,2,14,4,2009,17,0,0
3,2706,10,9,1,2008,14,1,0
2,1920,5,19,2,2013,7,10,0
3,255,10,21,8,2013,17,5,0
4,2382,1,24,1,2008,10,0,0
7,6468,9,18,12,2011,18,9,0
5,2112,5,1,12,2006,13,0,0
7,2454,2,11,1,2004,16,50,0
3,232,4,25,11,2009,22,13,0
6,1962,5,4,6,2011,20,7,0
1,97,2,7,1,2013,22,22,0
3,7808,2,2,10,2013,11,33,0
3,17145,4,21,2,2007,23,0,0
7,3414,10,11,3,2012,18,45,0
5,6750,5,27,7,2012,17,0,0
2,1574,2,4,9,2012,23,0,0
5,3987,9,29,11,2013,23,30,0
7,932,5,20,10,2013,0,3,0
2,1592,1,31,5,2005,12,4,0
5,3850,5,7,3,2008,17,30,0
5,8570,3,21,3,2014,12,33,0
3,8869,8,20,10,2010,9,0,0
7,979,4,2,12,2012,6,15,0
3,1644,1,7,9,2005,12,50,0
6,5421,3,7,10,2006,5,0,0
7,8073,8,19,9,2004,15,6,0
5,9655,9,28,5,2004,3,11,0
6,643,4,2,10,2004,20,0,0
1,2265,4,15,10,2007,0,36,0
7,2563,10,9,8,2009,17,30,0
3,1620,10,11,1,2012,13,48,0
4,1632,2,14,12,2006,0,28,0
2,8860,6,11,11,2014,20,0,0
7,3842,2,3,6,2007,7,40,0
2,408,2,2,3,2004,10,30,0
5,3329,10,12,1,2007,13,45,0
5,5192,6,23,8,2013,22,11,0
3,1275,10,25,6,2008,6,59,0
3,2217,7,19,3,2014,21,0,0
2,7114,6,18,2,2003,22,30,0
6,358,6,25,8,2012,17,0,0
5,408,2,26,12,2014,17,0,0
5,1345,1,6,2,2015,9,12,0
3,4952,5,29,6,2011,23,55,0
6,5444,10,10,9,2011,9,0,0
2,13110,8,10,7,2012,17,0,0
1,11497,7,4,2,2008,21,30,0
1,125,2,20,8,2007,16,20,0
6,7366,2,1,12,2007,3,0,0
5,211,5,15,6,2012,18,12,0
3,7803,8,18,8,2004,23,36,0
1,138,10,31,10,2005,17,15,0
1,2119,10,2,4,2012,10,45,0
5,55,2,23,2,2007,0,14,0
7,5696,2,17,12,2006,21,0,0
7,22,10,29,1,2012,18,55,0
2,3576,5,8,1,2013,16,0,0
7,4700,9,24,4,2011,8,30,0
1,125,2,18,8,2014,10,30,0
1,643,4,10,5,2004,22,59,0
7,6858,5,27,7,2014,10,0,0
7,8067,5,13,8,2006,7,6,0
1,9164,1,9,6,2014,14,0,0
6,939,5,22,3,2008,14,15,0
6,3991,8,30,7,2011,23,46,0
7,2393,8,20,10,2013,14,50,0
1,22,10,11,11,2013,18,56,0
6,8809,4,5,4,2003,21,0,0
5,622,6,20,2,2009,18,0,0
3,2341,5,27,5,2009,4,0,0
3,4204,4,18,9,2013,16,30,0
3,1895,3,9,3,2011,21,50,0
6,1573,2,3,5,2014,19,23,0
2,2442,8,8,12,2009,12,15,0
2,5189,2,11,7,2006,17,30,0
2,5600,5,13,10,2009,20,44,0
6,1943,2,17,6,2006,11,4,0
4,912,10,2,10,2014,21,10,0
3,159,6,16,10,2013,12,0,0
3,47,2,4,2,2015,20,50,0
4,979,4,7,2,2013,21,0,0
3,125,2,22,9,2010,8,0,0
6,784,2,26,1,2008,16,18,0
4,673,10,10,2,2011,17,0,0
5,4648,1,19,10,2012,17,15,0
4,14214,4,25,11,2004,8,0,0
1,2578,6,19,8,2013,20,35,0
1,19967,9,11,5,2009,18,30,0
3,1299,5,24,11,2004,20,15,0
7,1056,2,1,7,2012,19,0,0
7,6837,5,13,6,2004,19,53,0
6,896,2,20,5,2006,12,15,0
5,1889,3,23,9,2005,0,1,0
2,17076,3,19,8,2003,9,0,0
1,2422,6,21,7,2003,4,30,0
6,1136,4,23,8,2003,11,20,0
4,1302,2,23,9,2010,21,0,0
2,1019,5,17,3,2009,5,19,0
6,6420,2,2,7,2011,11,40,0
1,3442,6,8,8,2005,22,30,0
7,22597,1,7,3,2004,1,0,0
7,5372,1,10,8,2003,0,31,0
6,2424,2,31,5,2003,2,0,0
7,1366,10,29,12,2013,21,29,0
4,1692,6,30,6,2011,12,0,0
3,16127,8,23,6,2004,20,21,0
7,673,10,25,1,2009,11,40,0
7,6077,2,2,12,2007,22,49,0
5,18133,7,11,7,2003,18,0,0
1,4487,3,22,1,2007,13,34,0
3,1351,8,29,6,2011,12,41,0
3,3784,8,15,9,2004,18,5,0
3,631,2,20,3,2013,23,40,0
4,4097,2,21,3,2013,9,23,0
5,4337,2,26,3,2010,18,0,0
7,1757,3,10,8,2014,14,36,0
7,5297,7,6,10,2013,16,0,0
1,9168,7,22,6,2009,9,0,0
6,5387,3,26,1,2013,5,15,0
6,1012,4,5,6,2010,15,4,0
3,7637,3,28,10,2009,17,0,0
4,1439,6,30,4,2015,23,55,0
6,125,2,4,10,2014,4,30,0
4,8709,5,28,6,2007,13,20,0
1,2944,2,7,8,2006,11,30,0
2,12137,8,4,4,2006,18,30,0
7,912,10,19,10,2008,21,0,0
7,2807,5,5,6,2005,3,30,0
1,3317,1,13,4,2015,0,30,0
5,3646,7,12,11,2004,14,0,0
2,3478,4,12,1,2010,1,1,0
5,22192,7,14,11,2003,10,30,0
4,7223,1,13,5,2004,10,41,0
6,522,2,28,8,2010,10,0,0
4,5585,4,24,1,2008,6,0,0
7,21770,1,13,7,2003,22,0,0
6,1329,9,28,1,2012,12,0,0
4,1485,5,8,8,2013,22,0,0
5,904,5,30,11,2012,22,0,0
5,8311,5,27,1,2006,20,30,0
2,6951,7,17,3,2009,8,15,0
2,4713,6,14,5,2013,20,5,0
6,310,8,15,5,2004,13,30,0
5,10117,4,12,11,2004,16,0,0
3,355,2,14,10,2009,13,58,0
7,2742,8,24,8,2014,21,0,0
6,6084,3,23,3,2013,1,58,0
6,11992,3,18,10,2008,20,45,0
7,8651,4,26,9,2010,17,46,0
5,1406,4,15,12,2006,10,30,0
1,6625,2,26,11,2012,10,0,0
1,4571,10,22,6,2009,11,15,0
6,38,10,22,4,2006,23,5,0
2,6916,4,26,6,2012,22,52,0
7,6738,4,19,5,2013,19,25,0
5,93,7,11,7,2014,12,0,0
4,11537,8,20,4,2006,9,27,0
1,355,2,14,4,2014,11,2,0
7,1722,2,11,7,2004,9,30,0
7,6167,5,12,8,2012,19,0,0
3,6617,2,17,10,2007,11,30,0
4,36,2,14,6,2012,16,10,0
6,979,4,10,3,2012,15,15,0
5,1224,1,23,7,2004,2,24,0
5,1367,1,22,8,2008,18,34,0
3,15171,9,18,9,2013,16,0,0
2,4898,5,13,6,2006,21,40,0
2,8938,8,20,2,2007,16,33,0
3,12415,4,30,9,2009,12,15,0
6,1954,10,20,9,2003,10,30,0
6,2112,5,23,8,2014,0,1,0
3,13989,9,3,10,2007,9,30,0
6,4702,6,26,3,2011,0,45,0
5,9777,6,10,7,2009,17,30,0
7,7769,8,20,9,2009,1,50,0
7,11318,7,24,3,2013,4,40,0
5,2340,3,26,6,2009,7,1,0
7,2270,1,10,2,2013,22,57,0
7,2737,3,9,10,2005,15,20,0
4,615,1,29,11,2012,6,0,0
7,2887,2,9,10,2005,9,0,0
2,10693,7,24,11,2009,12,0,0
4,1565,5,9,3,2006,16,35,0
5,12760,6,6,8,2004,8,0,0
1,3635,1,3,9,2012,13,40,0
2,4773,5,23,2,2010,8,0,0
1,18437,4,11,1,2010,22,25,0
3,2079,9,16,4,2003,10,0,0
4,1429,10,30,6,2005,16,41,0
5,139,2,18,5,2007,17,45,0
4,248,7,25,8,2005,12,30,0
2,310,8,22,8,2006,0,1,0
4,1026,5,17,11,2011,12,30,0
3,691,5,29,6,2005,20,30,0
4,83,2,13,11,2014,21,43,0
7,6727,6,8,2,2004,14,20,0
1,125,2,18,8,2014,15,20,0
6,17243,1,8,9,2012,13,0,0
5,550,3,17,10,2003,18,30,0
4,8063,4,27,7,2006,2,35,0
4,11301,6,7,10,2010,19,0,0
5,3115,9,16,12,2005,19,0,0
7,4287,6,7,10,2007,21,20,0
4,714,2,20,3,2014,17,47,0
3,6961,3,14,11,2012,12,0,0
2,1975,2,18,5,2010,0,1,0
5,605,6,6,9,2013,23,0,0
3,13581,8,25,6,2008,0,1,0
2,14825,9,15,9,2009,23,0,0
5,803,6,24,1,2014,11,0,0
4,10457,8,2,10,2014,18,0,0
3,5016,5,24,3,2010,16,30,0
7,1399,10,29,11,2009,3,0,0
7,259,5,21,4,2013,14,59,0
3,102,10,1,12,2010,10,29,0
1,772,10,15,11,2010,19,0,0
2,3001,1,4,8,2009,22,45,0
1,5956,8,1,10,2012,0,1,0
4,872,2,2,9,2004,11,50,0
5,148,5,1,6,2012,8,0,0
7,156,2,18,5,2014,1,57,0
1,93,7,29,4,2013,0,1,0
4,16755,8,27,12,2012,16,0,0
7,10955,7,15,6,2003,20,0,0
2,159,6,6,9,2005,17,55,0
1,4674,5,12,12,2005,1,30,0
4,365,1,18,10,2012,9,16,0
6,3095,9,28,6,2014,16,30,0
4,16595,5,27,12,2012,15,30,0
4,3808,9,20,2,2014,8,0,0
2,5621,4,29,6,2010,10,45,0
5,1918,1,28,12,2007,1,0,0
1,844,5,28,4,2008,14,10,0
4,28,4,15,5,2014,0,1,0
3,408,2,13,7,2011,19,22,0
6,7172,1,8,3,2008,10,15,0
6,4494,3,31,10,2009,11,55,0
7,1870,1,13,3,2005,15,0,0
7,3469,7,12,8,2007,1,40,0
4,102,10,11,8,2011,9,2,0
7,1890,9,13,6,2004,2,40,0
1,3611,3,15,11,2010,9,0,0
4,1190,3,27,1,2011,21,52,0
6,6760,8,30,6,2007,18,9,0
4,6634,1,19,5,2011,2,39,0
4,70,10,22,8,2013,22,53,0
7,703,8,14,2,2010,13,17,0
4,15058,3,28,6,2007,22,0,0
7,1563,7,11,9,2005,2,0,0
6,10511,9,30,7,2005,14,41,0
6,2467,6,5,4,2014,23,30,0
3,13,3,25,1,2012,0,1,0
2,4280,4,24,1,2012,19,40,0
5,5885,9,11,3,2011,15,10,0
1,534,4,24,7,2006,18,5,0
5,1162,1,30,4,2004,9,0,0
7,11376,1,14,7,2013,18,22,0
4,2095,1,24,7,2014,0,30,0
4,4165,6,9,1,2014,23,32,0
7,1611,3,25,9,2011,18,58,0
2,5241,5,28,6,2005,15,15,0
3,6289,3,19,3,2014,22,50,0
6,16249,9,21,3,2009,21,0,0
3,3272,2,30,9,2009,19,15,0
4,141,6,29,5,2014,19,49,0
1,4858,1,22,12,2014,15,29,0
1,4518,1,16,5,2005,18,0,0
3,9383,2,13,6,2007,12,0,0
5,3629,4,16,7,2010,22,0,0
4,1399,10,2,10,2003,9,0,0
6,28,4,15,11,2008,1,45,0
3,139,2,6,2,2013,14,40,0
4,83,2,9,1,2003,8,48,0
4,1226,4,3,5,2012,2,30,0
4,5527,5,11,3,2010,22,52,0
6,10017,8,4,12,2010,12,0,0
2,643,4,29,10,2013,0,45,0
7,8640,3,9,9,2012,0,1,0
7,16655,4,28,3,2010,12,0,0
2,15152,9,22,3,2005,19,15,0
3,4558,2,11,6,2003,20,0,0
4,6355,5,22,1,2009,21,0,0
4,1625,2,6,4,2006,0,1,0
6,2420,8,6,4,2013,12,0,0
7,10923,4,14,2,2010,1,30,0
2,146,10,4,5,2010,14,28,0
1,3734,1,7,2,2011,9,30,0
1,823,2,2,4,2007,11,50,0
3,3334,5,20,2,2013,12,0,0
4,5876,2,27,11,2003,17,0,0
6,2844,9,10,9,2005,15,20,0
7,1828,8,9,5,2010,23,0,0
6,77,10,27,8,2011,21,0,0
6,4709,5,15,11,2014,0,1,0
5,4603,5,21,2,2014,8,30,0
3,300,5,21,8,2013,1,32,0
3,5500,9,7,1,2004,12,0,0
6,3677,2,18,10,2003,18,0,0
6,1453,10,27,1,2007,10,20,0
7,276,7,11,3,2007,17,30,0
6,1562,9,29,1,2005,21,30,0
2,88,2,12,10,2004,11,30,0
7,1224,1,17,5,2009,2,15,0
6,3773,3,31,12,2011,19,30,0
1,1302,2,24,7,2006,18,0,0
4,1823,1,18,9,2003,15,0,0
4,3532,3,14,1,2010,17,0,0
3,467,1,27,7,2011,13,0,0
5,577,2,27,7,2007,10,0,0
3,9547,5,14,10,2009,0,13,0
1,11980,4,28,5,2012,19,0,0
7,213,4,27,7,2014,17,4,0
4,2348,1,3,5,2012,20,48,0
6,4120,7,17,11,2007,10,2,0
6,3774,2,28,7,2012,4,0,0
1,1862,5,12,11,2007,17,54,0
7,5444,10,25,7,2004,12,15,0
4,4140,10,2,9,2004,10,57,0
1,2436,5,3,3,2008,19,0,0
5,6639,4,8,2,2013,10,15,0
2,1587,2,18,9,2007,9,30,0
4,4729,1,27,7,2006,0,1,0
1,497,8,17,3,2014,15,46,0
1,726,1,31,10,2011,7,15,0
3,11782,2,10,1,2007,3,0,0
5,125,2,11,1,2013,0,1,0
7,14284,7,12,2,2012,0,1,0
7,13495,9,21,10,2012,20,0,0
2,5422,10,17,9,2013,18,0,0
5,408,2,23,9,2005,19,30,0
6,7712,5,10,1,2015,20,45,0
3,1927,1,25,1,2006,21,45,0
5,17882,1,23,3,2012,14,55,0
1,511,4,26,12,2005,12,0,0
5,5591,5,18,5,2012,18,0,0
7,8990,2,4,12,2005,19,0,0
7,8755,9,9,10,2005,18,0,0
4,351,7,15,5,2014,16,0,0
1,3299,8,13,10,2014,14,0,0
4,12997,5,1,5,2014,12,0,0
4,2121,9,1,5,2014,8,0,0
4,4470,9,3,4,2014,15,0,0
6,466,6,23,8,2014,11,0,0
5,568,4,12,3,2010,16,40,0
3,2490,3,12,11,2008,11,30,0
7,468,2,22,4,2012,23,14,0
7,213,4,10,2,2008,16,32,0
7,232,4,15,6,2003,21,5,0
3,2439,2,14,5,2014,16,31,0
2,16021,1,20,9,2011,22,10,0
7,1263,2,15,7,2012,0,5,0
7,4196,3,29,12,2013,15,36,0
6,12194,1,28,6,2014,2,30,0
7,9718,5,4,11,2012,18,30,0
3,7291,6,29,10,2014,20,30,0
2,9887,9,8,8,2006,22,30,0
6,10755,6,28,6,2014,11,40,0
7,9644,8,19,11,2006,1,46,0
4,533,2,14,11,2013,19,0,0
7,1775,4,21,9,2014,2,0,0
4,1199,5,24,7,2014,8,10,0
4,2862,10,18,3,2004,14,40,0
6,604,8,20,11,2010,2,5,0
4,18322,3,9,8,2007,22,0,0
7,139,2,22,2,2004,21,55,0
4,16476,3,24,2,2005,13,18,0
3,4261,4,17,10,2012,19,0,0
5,229,5,18,5,2007,22,50,0
5,1041,5,4,11,2005,14,13,0
1,2693,1,12,11,2007,11,30,0
3,9536,7,20,4,2005,22,0,0
4,1524,3,11,8,2011,13,0,0
3,5403,10,24,2,2010,15,25,0
7,1141,10,20,11,2005,23,5,0
7,2718,6,5,11,2006,1,2,0
1,614,8,13,12,2010,13,29,0
6,323,9,10,3,2012,13,8,0
7,9674,8,1,1,2012,12,0,0
3,39,3,29,9,2004,18,43,0
3,10633,5,9,8,2006,17,5,0
4,4231,9,3,5,2007,10,30,0
6,2889,10,25,9,2010,20,40,0
7,2781,5,24,2,2013,23,30,0
3,514,5,2,11,2005,0,59,0
4,1383,7,13,11,2003,8,30,0
7,5444,10,25,7,2004,12,15,0
7,2573,5,5,5,2013,19,0,0
2,6847,3,1,6,2010,16,15,0
7,16176,8,23,10,2011,14,0,0
3,1117,4,13,6,2012,3,10,0
3,501,4,9,3,2005,16,30,0
3,2898,7,21,9,2005,12,58,0
3,10053,7,12,12,2012,14,35,0
5,8139,5,18,5,2007,22,30,0
6,12929,9,3,5,2014,19,0,0
6,13821,8,26,3,2011,15,20,0
1,20974,9,16,4,2007,20,52,0
3,1969,4,1,11,2006,8,30,0
6,5637,5,19,11,2011,21,0,0
5,1682,8,30,7,2010,2,20,0
3,7225,9,1,9,2004,21,0,0
2,157,10,6,1,2009,6,45,0
1,12355,6,25,6,2012,14,0,0
6,548,10,18,10,2008,22,15,0
4,7273,8,3,5,2007,16,20,0
1,19426,9,5,7,2004,3,33,0
6,263,1,1,11,2014,1,45,0
4,102,10,23,12,2004,18,15,0
3,646,6,21,9,2005,14,30,0
3,933,9,8,8,2007,17,0,0
6,644,1,10,1,2015,0,56,0
6,16082,2,16,7,2005,5,14,0
4,2462,2,25,12,2008,14,30,0
5,554,10,6,8,2004,9,0,0
6,6027,8,8,9,2007,18,0,0
3,1827,2,16,5,2007,9,15,0
1,3890,6,6,1,2003,12,30,0
1,5321,8,2,9,2013,0,16,0
1,1808,9,27,6,2005,11,30,0
4,13291,8,8,8,2013,16,30,0
5,905,5,27,1,2012,16,0,0
3,213,4,19,3,2003,0,7,0
3,4723,5,15,10,2014,0,7,0
3,5491,3,9,2,2005,19,5,0
1,9953,4,22,8,2005,11,30,0
1,4298,10,8,8,2011,3,45,0
6,821,10,29,7,2006,3,0,0
2,1004,1,23,6,2009,8,0,0
1,8192,6,16,5,2011,21,0,0
1,4118,7,5,1,2004,16,50,0
6,159,6,23,3,2013,13,10,0
4,7366,2,20,3,2008,9,30,0
4,2373,2,12,6,2014,23,15,0
1,125,2,1,9,2003,0,1,0
7,366,10,21,11,2010,18,10,0
5,366,10,10,1,2003,21,0,0
2,6046,3,31,5,2011,15,27,0
2,5758,4,30,9,2003,21,0,0
2,5531,9,4,4,2006,8,0,0
2,7590,4,22,3,2005,22,55,0
6,5140,6,26,2,2005,21,0,0
6,1524,3,2,6,2012,16,0,0
7,8116,1,11,1,2009,1,20,0
5,125,2,2,6,2006,16,30,0
1,3301,2,22,12,2014,11,0,0
2,8417,6,28,12,2010,17,0,0
1,3771,5,8,8,2011,9,30,0
2,1918,1,20,1,2015,15,30,0
1,125,2,29,11,2010,15,0,0
7,2620,5,21,4,2013,1,0,0
5,20910,8,11,8,2006,11,27,0
3,451,2,15,9,2004,2,20,0
4,7838,4,19,2,2004,16,14,0
5,1918,1,27,7,2012,15,15,0
5,2781,5,16,4,2004,18,15,0
3,12588,1,26,5,2004,12,0,0
1,593,8,11,5,2015,18,58,0
2,7491,5,8,1,2013,19,24,0
2,15623,3,23,7,2013,12,0,0
6,2929,2,8,3,2008,13,30,0
1,2257,1,5,1,2015,13,0,0
4,14424,9,18,4,2013,0,1,0
6,3959,7,8,4,2006,23,30,0
1,5464,5,20,9,2010,19,15,0
6,1780,4,8,3,2003,9,0,0
5,1943,2,8,2,2008,21,0,0
6,6936,7,1,6,2013,9,30,0
7,737,5,2,1,2011,12,45,0
2,17724,9,15,5,2012,9,15,0
2,19398,4,7,7,2009,23,0,0
7,965,1,9,4,2006,19,0,0
2,7668,4,22,7,2008,6,45,0
4,14078,8,27,5,2004,22,43,0
3,392,4,22,9,2010,17,0,0
3,2121,9,6,4,2011,21,16,0
6,10238,5,26,2,2005,15,30,0
5,2911,10,2,6,2006,13,44,0
1,10522,2,8,8,2005,8,25,0
4,6092,3,25,3,2010,16,0,0
2,1091,10,1,5,2012,19,0,0
4,4879,1,13,12,2012,12,25,0
3,3419,8,13,10,2004,9,40,0
3,2354,6,15,10,2008,6,5,0
6,7203,9,24,1,2015,22,4,0
3,5633,8,28,12,2011,20,40,0
6,8207,8,5,5,2007,20,30,0
3,658,6,9,7,2014,1,30,0
6,1775,4,22,2,2014,14,20,0
2,2261,4,6,7,2004,13,50,0
3,877,2,31,5,2006,17,0,0
2,6134,8,21,8,2012,12,0,0
6,2405,1,25,8,2007,8,0,0
6,518,10,26,7,2014,21,56,0
5,1339,2,19,9,2003,18,0,0
3,2021,9,7,1,2004,7,0,0
5,3575,3,1,5,2009,23,13,0
1,18932,2,14,11,2005,22,41,0
4,13466,5,12,1,2012,1,45,0
2,11850,3,6,9,2005,3,55,0
6,14853,8,3,5,2003,2,0,0
5,3180,10,28,11,2003,14,31,0
2,726,1,10,1,2012,9,35,0
4,2263,9,29,5,2014,21,0,0
4,7566,8,22,4,2010,13,0,0
5,3532,3,30,6,2006,21,20,0
6,125,2,6,4,2013,19,45,0
6,2539,8,18,12,2010,8,3,0
5,8587,9,10,3,2006,0,1,0
1,125,2,7,2,2005,13,0,0
5,4535,1,24,1,2014,21,30,0
6,7139,3,20,9,2008,16,50,0
2,14793,5,3,4,2007,6,0,0
7,13147,9,13,7,2008,2,15,0
1,11086,8,12,12,2005,15,50,0
3,958,4,22,7,2009,18,25,0
3,1970,5,27,1,2010,8,25,0
1,4815,3,18,8,2003,11,5,0
2,2091,2,14,10,2003,19,35,0
6,2811,1,11,12,2004,10,30,0
6,485,2,15,12,2007,11,0,0
6,6313,3,2,7,2005,16,30,0
2,5422,5,11,6,2013,0,25,0
1,11557,2,21,8,2006,23,0,0
3,14327,6,15,5,2013,19,45,0
1,2822,1,29,10,2012,5,5,0
3,11432,3,15,10,2003,10,5,0
3,5537,7,18,10,2006,12,30,0
3,1351,8,19,9,2007,17,5,0
4,8695,1,10,7,2008,23,0,0
5,64,4,12,1,2007,13,45,0
2,238,2,3,9,2013,15,22,0
4,12502,8,20,10,2005,22,0,0
2,9629,5,18,3,2014,22,5,0
3,402,4,24,12,2003,5,55,0
1,138,10,27,10,2008,21,20,0
7,5959,9,22,2,2015,0,1,0
1,3281,2,6,1,2014,22,30,0
1,1807,6,12,5,2014,15,0,0
7,8973,1,7,10,2007,16,30,0
3,125,2,2,6,2010,11,35,0
6,2733,4,18,12,2010,14,20,0
5,8109,5,14,5,2004,13,30,0
6,8247,7,13,1,2007,10,55,0
5,5769,7,24,2,2012,0,1,0
5,96,10,23,1,2004,1,31,0
7,5884,5,22,2,2015,18,0,0
5,125,2,16,5,2008,7,0,0
6,1860,2,11,2,2012,16,0,0
5,5313,1,4,11,2005,19,0,0
2,2863,2,28,10,2008,0,10,0
2,4203,6,2,9,2003,10,30,0
3,5785,4,8,3,2006,15,0,0
3,3846,10,16,4,2014,7,50,0
6,156,2,30,12,2006,9,30,0
6,7096,1,29,7,2006,19,3,0
4,12559,4,25,11,2004,20,0,0
6,504,4,25,8,2007,18,0,0
2,13910,7,8,12,2009,21,21,0
4,138,10,15,7,2010,15,51,0
5,4337,2,21,5,2010,19,0,0
7,1963,7,9,10,2005,12,1,0
3,4111,10,10,12,2003,18,40,0
6,9425,1,17,5,2014,9,0,0
6,19386,5,10,4,2010,18,0,0
2,548,10,29,5,2007,14,37,0
3,463,3,1,6,2005,18,30,0
7,6825,5,4,5,2008,22,0,0
5,3288,8,27,6,2008,8,30,0
3,2948,4,14,11,2007,5,2,0
7,1703,5,10,8,2014,18,0,0
5,4703,1,22,2,2008,13,59,0
1,12766,8,12,12,2005,9,0,0
7,307,3,3,6,2012,23,6,0
6,4902,4,13,2,2010,18,30,0
7,11101,8,13,1,2013,19,0,0
4,2271,10,17,10,2013,8,5,0
4,12355,6,10,7,2008,1,45,0
3,11883,8,2,4,2014,13,0,0
2,2078,9,15,5,2007,15,0,0
5,2428,5,27,6,2003,1,20,0
2,6326,7,16,5,2006,19,46,0
4,17105,6,18,10,2012,6,0,0
3,559,6,7,3,2012,18,30,0
3,9719,4,1,10,2014,17,36,0
3,8571,5,6,8,2014,9,45,0
3,19807,3,12,11,2003,21,22,0
6,867,1,22,2,2014,15,45,0
5,1979,4,24,7,2009,23,0,0
1,324,1,16,4,2012,17,35,0
2,255,10,24,8,2010,20,0,0
1,125,2,2,2,2015,19,30,0
