"day","location","date","month","year","hour","min","BADCHECKS"
4,7,19,3,2015,14,45,1
3,4,18,3,2015,17,2,1
4,8,5,2,2015,8,0,1
1,4,2,2,2015,19,30,1
1,5,22,12,2014,14,9,1
5,4,28,11,2014,13,0,1
2,2,28,10,2014,8,0,1
1,3,13,10,2014,6,0,1
5,1,19,9,2014,15,55,1
5,1,19,9,2014,10,0,1
4,4,26,6,2014,12,0,1
5,4,16,5,2014,8,0,1
2,5,29,4,2014,13,0,1
1,1,28,4,2014,13,40,1
3,2,2,4,2014,13,0,1
3,5,8,1,2014,11,0,1
5,9,1,11,2013,12,0,1
2,2,6,8,2013,17,0,1
5,8,28,6,2013,22,0,1
1,9,24,6,2013,0,1,1
3,3,15,5,2013,18,0,1
1,9,29,4,2013,16,30,1
1,1,1,4,2013,11,8,1
4,6,21,3,2013,11,0,1
4,3,7,3,2013,14,0,1
1,5,4,2,2013,12,0,1
4,7,10,1,2013,14,5,1
3,5,9,1,2013,9,0,1
4,3,27,12,2012,0,1,1
2,6,13,11,2012,8,0,1
4,8,1,11,2012,16,0,1
2,6,16,10,2012,14,0,1
1,3,1,10,2012,0,1,1
3,5,5,9,2012,15,0,1
3,4,5,9,2012,12,19,1
3,9,5,9,2012,11,47,1
6,4,25,8,2012,9,43,1
3,9,8,8,2012,12,0,1
7,9,15,7,2012,14,0,1
7,2,1,7,2012,18,0,1
7,1,17,6,2012,15,0,1
1,7,11,6,2012,16,30,1
1,7,28,5,2012,0,1,1
1,1,14,5,2012,7,0,1
4,6,3,5,2012,13,0,1
3,2,2,5,2012,15,15,1
2,1,1,5,2012,12,0,1
5,9,6,4,2012,17,0,1
4,1,5,4,2012,12,0,1
3,9,4,4,2012,14,30,1
7,2,25,3,2012,12,27,1
4,1,9,2,2012,10,0,1
6,8,3,12,2011,11,30,1
5,5,2,12,2011,11,0,1
5,8,2,12,2011,9,0,1
3,5,30,11,2011,17,15,1
3,4,16,11,2011,16,0,1
2,9,15,11,2011,12,0,1
2,1,15,11,2011,11,0,1
2,2,15,11,2011,4,0,1
4,6,6,10,2011,12,0,1
6,9,10,9,2011,14,30,1
2,3,6,9,2011,16,25,1
5,7,29,7,2011,0,1,1
5,1,1,7,2011,12,0,1
3,10,29,6,2011,10,0,1
4,1,16,6,2011,14,0,1
1,2,13,6,2011,14,0,1
4,2,2,6,2011,9,0,1
3,2,1,6,2011,9,0,1
5,4,20,5,2011,19,0,1
1,2,4,4,2011,18,24,1
6,2,26,3,2011,16,20,1
3,7,9,3,2011,16,25,1
3,7,9,3,2011,11,0,1
1,4,21,2,2011,15,38,1
3,5,9,2,2011,15,50,1
3,2,9,2,2011,12,0,1
1,1,24,1,2011,9,0,1
6,4,15,1,2011,11,0,1
5,1,14,1,2011,20,41,1
5,3,14,1,2011,9,0,1
3,4,29,12,2010,17,0,1
1,5,13,12,2010,8,0,1
1,5,13,12,2010,0,1,1
5,1,3,12,2010,12,0,1
4,1,23,9,2010,16,0,1
4,2,26,8,2010,14,30,1
5,7,30,7,2010,12,0,1
6,1,3,7,2010,13,0,1
5,2,2,7,2010,0,1,1
4,3,1,7,2010,0,1,1
4,2,17,6,2010,0,1,1
2,5,15,6,2010,12,0,1
2,1,15,6,2010,0,1,1
2,5,18,5,2010,16,47,1
5,2,7,5,2010,16,0,1
4,2,6,5,2010,12,0,1
1,3,19,4,2010,13,0,1
6,2,13,3,2010,20,28,1
5,3,12,3,2010,8,0,1
4,1,24,12,2009,14,0,1
5,4,11,12,2009,14,0,1
6,2,28,11,2009,8,0,1
2,7,10,11,2009,12,0,1
5,2,30,10,2009,21,39,1
5,4,30,10,2009,12,0,1
2,10,13,10,2009,10,0,1
4,4,1,10,2009,0,1,1
2,9,29,9,2009,17,0,1
3,8,2,9,2009,22,0,1
6,9,8,8,2009,12,0,1
1,6,20,7,2009,11,0,1
6,3,11,7,2009,16,0,1
3,3,8,7,2009,9,0,1
1,7,6,7,2009,12,0,1
6,5,16,5,2009,21,0,1
2,7,12,5,2009,8,0,1
6,2,2,5,2009,12,0,1
4,5,16,4,2009,0,1,1
3,3,15,4,2009,19,15,1
3,2,15,4,2009,9,0,1
1,5,13,4,2009,0,1,1
5,10,3,4,2009,8,0,1
3,5,1,4,2009,11,0,1
6,5,7,3,2009,23,30,1
1,1,19,1,2009,8,0,1
6,2,27,12,2008,12,0,1
5,2,12,12,2008,20,35,1
1,2,8,12,2008,8,0,1
1,1,8,12,2008,0,1,1
3,9,26,11,2008,12,0,1
2,8,25,11,2008,16,48,1
4,3,13,11,2008,12,0,1
2,6,11,11,2008,13,0,1
7,2,2,11,2008,15,0,1
3,7,29,10,2008,0,1,1
2,2,28,10,2008,12,0,1
2,7,28,10,2008,10,0,1
1,10,27,10,2008,17,50,1
6,5,4,10,2008,15,0,1
6,6,4,10,2008,10,0,1
4,9,2,10,2008,0,1,1
2,6,16,9,2008,0,1,1
1,1,1,9,2008,12,0,1
4,8,21,8,2008,16,45,1
7,1,10,8,2008,0,1,1
7,8,13,7,2008,10,0,1
6,2,12,7,2008,16,30,1
4,2,10,7,2008,12,0,1
2,10,8,7,2008,3,0,1
1,4,9,6,2008,12,0,1
2,1,27,5,2008,17,18,1
5,2,16,5,2008,9,0,1
2,1,13,5,2008,10,0,1
3,4,16,4,2008,9,30,1
1,4,14,4,2008,17,0,1
4,1,20,3,2008,16,0,1
2,1,18,3,2008,14,0,1
1,8,3,3,2008,13,0,1
2,9,19,2,2008,9,0,1
5,3,11,1,2008,12,0,1
4,9,10,1,2008,9,30,1
1,5,7,1,2008,12,0,1
3,8,12,12,2007,9,0,1
4,3,29,11,2007,19,0,1
6,3,3,11,2007,21,0,1
4,4,18,10,2007,17,5,1
1,4,17,9,2007,15,0,1
2,1,4,9,2007,7,0,1
5,5,24,8,2007,17,20,1
5,1,24,8,2007,12,0,1
3,9,22,8,2007,11,45,1
5,6,27,7,2007,12,0,1
3,3,25,7,2007,16,0,1
3,8,25,7,2007,0,1,1
4,5,12,7,2007,12,0,1
1,6,9,7,2007,12,0,1
5,1,1,6,2007,8,0,1
5,2,1,6,2007,0,1,1
2,1,29,5,2007,8,0,1
7,1,20,5,2007,23,16,1
5,2,18,5,2007,0,1,1
4,1,17,5,2007,12,0,1
5,2,4,5,2007,6,0,1
4,10,3,5,2007,0,1,1
4,9,22,2,2007,10,0,1
2,5,20,2,2007,16,30,1
2,3,20,2,2007,12,0,1
3,5,24,1,2007,0,1,1
3,1,10,1,2007,12,0,1
3,9,10,1,2007,9,0,1
2,1,9,1,2007,0,1,1
7,3,31,12,2006,10,0,1
3,2,27,12,2006,0,1,1
6,4,16,12,2006,17,26,1
6,7,16,12,2006,14,0,1
5,4,15,12,2006,0,1,1
4,2,14,12,2006,0,1,1
2,2,12,12,2006,7,0,1
3,9,29,11,2006,9,0,1
6,2,4,11,2006,8,30,1
2,1,31,10,2006,9,0,1
5,1,20,10,2006,0,1,1
3,5,4,10,2006,16,40,1
3,4,20,9,2006,9,0,1
2,6,19,9,2006,9,41,1
2,2,5,9,2006,17,27,1
3,3,23,8,2006,16,45,1
6,9,29,7,2006,7,45,1
5,2,28,7,2006,13,45,1
4,3,13,7,2006,12,0,1
3,4,12,7,2006,19,30,1
2,7,11,7,2006,17,0,1
6,9,1,7,2006,12,0,1
6,1,1,7,2006,0,1,1
6,7,1,7,2006,0,1,1
2,4,27,6,2006,0,1,1
7,2,18,6,2006,18,0,1
4,9,15,6,2006,13,6,1
3,1,14,6,2006,16,25,1
6,1,20,5,2006,9,0,1
5,4,19,5,2006,0,1,1
1,8,1,5,2006,9,0,1
3,1,19,4,2006,0,1,1
3,5,5,4,2006,7,0,1
3,9,22,3,2006,9,0,1
1,9,20,3,2006,0,1,1
5,8,10,3,2006,10,0,1
4,5,9,3,2006,0,1,1
1,2,6,3,2006,0,1,1
2,7,21,2,2006,12,0,1
1,4,20,2,2006,1,0,1
6,8,28,1,2006,12,0,1
2,10,24,1,2006,12,0,1
6,1,14,1,2006,14,30,1
2,9,10,1,2006,12,0,1
2,3,10,1,2006,8,0,1
1,4,9,1,2006,17,0,1
1,10,9,1,2006,0,1,1
5,2,30,12,2005,12,0,1
1,10,26,12,2005,16,30,1
6,5,17,12,2005,11,17,1
6,3,17,12,2005,8,0,1
4,9,15,12,2005,0,1,1
7,10,4,12,2005,15,32,1
5,4,2,12,2005,0,1,1
4,5,1,12,2005,15,0,1
3,1,16,11,2005,0,1,1
2,5,15,11,2005,12,0,1
2,1,15,11,2005,0,1,1
1,5,14,11,2005,15,37,1
7,5,6,11,2005,0,1,1
4,8,3,11,2005,16,30,1
2,4,1,11,2005,15,0,1
5,10,21,10,2005,12,0,1
2,5,4,10,2005,10,0,1
1,1,3,10,2005,12,0,1
7,8,25,9,2005,12,0,1
5,1,23,9,2005,0,1,1
2,2,20,9,2005,12,0,1
2,5,20,9,2005,9,0,1
5,9,9,9,2005,0,1,1
4,8,8,9,2005,12,0,1
3,5,7,9,2005,0,1,1
1,10,5,9,2005,18,40,1
2,5,23,8,2005,0,1,1
1,3,8,8,2005,0,1,1
6,4,16,7,2005,14,0,1
4,7,14,7,2005,15,50,1
4,7,14,7,2005,15,20,1
3,8,13,7,2005,14,0,1
3,4,13,7,2005,0,1,1
3,2,15,6,2005,11,0,1
4,4,2,6,2005,19,0,1
4,7,19,5,2005,11,0,1
2,5,17,5,2005,0,1,1
1,5,16,5,2005,12,0,1
1,4,16,5,2005,8,0,1
5,2,22,4,2005,9,0,1
4,8,7,4,2005,9,0,1
2,10,22,3,2005,12,0,1
2,1,22,3,2005,0,1,1
1,10,21,3,2005,13,0,1
1,5,7,3,2005,10,0,1
5,1,25,2,2005,9,0,1
6,2,12,2,2005,0,1,1
5,8,11,2,2005,13,30,1
3,9,9,2,2005,9,0,1
6,2,29,1,2005,17,0,1
6,4,29,1,2005,10,0,1
5,4,28,1,2005,12,45,1
4,7,27,1,2005,14,0,1
2,6,25,1,2005,17,34,1
3,5,12,1,2005,8,0,1
5,1,24,12,2004,7,10,1
3,5,8,12,2004,17,20,1
3,7,8,12,2004,15,0,1
2,9,7,12,2004,13,0,1
2,3,7,12,2004,0,1,1
3,5,24,11,2004,12,0,1
2,8,23,11,2004,12,0,1
4,1,11,11,2004,16,0,1
7,4,31,10,2004,6,51,1
5,2,1,10,2004,12,0,1
4,9,2,9,2004,23,30,1
2,2,31,8,2004,16,10,1
2,3,31,8,2004,4,50,1
1,5,30,8,2004,10,0,1
6,2,7,8,2004,19,30,1
6,1,10,7,2004,12,0,1
4,3,8,7,2004,16,0,1
7,1,16,5,2004,13,30,1
7,5,16,5,2004,12,0,1
3,2,12,5,2004,15,40,1
3,4,12,5,2004,10,0,1
2,2,11,5,2004,17,0,1
6,8,1,5,2004,0,1,1
5,3,30,4,2004,0,1,1
7,9,18,4,2004,15,0,1
6,2,17,4,2004,8,0,1
6,4,3,4,2004,0,1,1
3,2,31,3,2004,14,0,1
2,8,16,3,2004,0,1,1
1,4,15,3,2004,14,0,1
6,7,6,3,2004,12,0,1
5,1,5,3,2004,18,0,1
2,9,2,3,2004,7,0,1
1,1,1,3,2004,9,30,1
1,8,1,3,2004,0,1,1
2,2,17,2,2004,17,40,1
5,7,6,2,2004,12,0,1
5,7,6,2,2004,9,0,1
4,8,22,1,2004,12,0,1
3,7,21,1,2004,5,38,1
4,4,8,1,2004,9,0,1
2,7,6,1,2004,15,0,1
5,2,26,12,2003,14,0,1
2,7,23,12,2003,8,0,1
2,4,23,12,2003,7,0,1
1,2,22,12,2003,0,1,1
1,2,8,12,2003,13,0,1
3,3,26,11,2003,18,0,1
2,9,25,11,2003,11,0,1
1,2,24,11,2003,14,0,1
4,1,13,11,2003,19,0,1
3,4,12,11,2003,8,0,1
6,5,1,11,2003,12,0,1
5,10,31,10,2003,12,0,1
5,2,31,10,2003,11,14,1
2,8,28,10,2003,15,30,1
4,9,16,10,2003,15,0,1
3,1,15,10,2003,12,0,1
3,2,15,10,2003,10,30,1
2,5,14,10,2003,18,0,1
7,2,5,10,2003,12,0,1
5,9,3,10,2003,0,1,1
3,3,1,10,2003,0,1,1
2,1,30,9,2003,14,39,1
1,3,29,9,2003,13,30,1
1,2,15,9,2003,9,30,1
3,5,3,9,2003,10,0,1
1,7,1,9,2003,16,0,1
1,2,1,9,2003,12,0,1
6,8,23,8,2003,14,0,1
4,5,21,8,2003,15,0,1
3,10,20,8,2003,10,45,1
2,4,19,8,2003,8,0,1
1,1,18,8,2003,12,0,1
6,5,26,7,2003,9,0,1
2,2,22,7,2003,12,0,1
5,2,11,7,2003,0,1,1
4,8,10,7,2003,10,0,1
4,2,10,7,2003,9,0,1
6,8,28,6,2003,0,1,1
1,2,23,6,2003,14,0,1
1,4,23,6,2003,8,15,1
4,3,12,6,2003,0,1,1
3,5,11,6,2003,15,34,1
2,3,10,6,2003,10,20,1
7,10,1,6,2003,18,0,1
5,1,30,5,2003,11,30,1
3,8,28,5,2003,20,30,1
3,2,28,5,2003,14,54,1
2,2,27,5,2003,21,0,1
5,7,16,5,2003,12,0,1
4,2,15,5,2003,12,0,1
7,5,4,5,2003,14,0,1
3,1,30,4,2003,17,0,1
1,7,14,4,2003,19,0,1
1,10,14,4,2003,12,0,1
6,2,5,4,2003,14,30,1
4,1,3,4,2003,13,30,1
4,5,3,4,2003,12,0,1
4,2,3,4,2003,12,0,1
2,10,1,4,2003,14,0,1
2,4,1,4,2003,2,0,1
5,6,21,3,2003,0,1,1
3,5,5,3,2003,10,0,1
2,1,4,3,2003,17,0,1
1,6,3,2,2003,8,0,1
4,1,23,1,2003,17,45,1
5,5,10,1,2003,0,1,1
4,1,9,1,2003,10,0,1
4,1,9,1,2003,9,0,1
1,8,6,1,2003,9,0,1
1,2,28,6,2010,2,19,0
5,2,8,2,2008,7,30,0
4,4,23,1,2014,21,46,0
1,5,11,5,2015,10,15,0
1,4,2,3,2009,22,50,0
1,1,4,4,2005,14,0,0
2,10,26,7,2005,13,30,0
6,3,15,11,2003,12,0,0
4,5,14,7,2005,15,0,0
2,8,28,6,2005,18,45,0
6,4,5,11,2011,0,1,0
6,1,8,2,2003,14,30,0
4,4,13,11,2014,14,18,0
1,1,30,3,2009,11,0,0
4,4,6,2,2003,9,0,0
7,6,15,12,2013,11,30,0
3,3,24,12,2003,13,0,0
6,4,31,12,2011,22,30,0
3,4,17,10,2012,15,15,0
4,1,30,4,2009,2,35,0
6,1,5,10,2013,7,30,0
3,6,31,10,2007,16,0,0
1,3,21,3,2005,10,40,0
5,2,13,11,2009,20,0,0
4,6,2,10,2008,21,30,0
3,9,15,11,2006,16,50,0
5,4,12,8,2011,20,30,0
2,3,11,12,2007,14,41,0
4,8,23,9,2010,16,0,0
6,1,11,7,2009,21,0,0
3,10,19,3,2008,13,55,0
5,3,26,2,2010,19,30,0
7,4,4,10,2009,11,45,0
6,9,29,7,2006,23,30,0
5,2,31,10,2003,17,20,0
5,8,2,10,2009,15,40,0
6,2,8,9,2012,17,5,0
3,7,2,4,2014,11,30,0
7,2,11,1,2004,22,40,0
5,4,1,11,2013,12,17,0
1,4,3,2,2003,18,10,0
1,2,17,2,2014,6,0,0
1,1,13,6,2011,12,30,0
3,2,25,6,2008,12,0,0
6,4,31,10,2009,18,30,0
4,2,30,11,2006,13,0,0
7,1,4,12,2011,2,20,0
1,5,21,6,2004,12,35,0
1,5,12,10,2009,0,19,0
6,10,24,3,2007,18,13,0
4,9,16,5,2013,19,1,0
1,9,6,8,2012,16,18,0
5,5,7,9,2007,13,30,0
4,9,9,7,2009,10,36,0
1,8,2,5,2005,0,1,0
4,8,25,7,2013,13,36,0
5,5,25,8,2006,16,49,0
5,2,21,10,2005,18,50,0
2,10,29,6,2010,21,0,0
6,5,2,7,2005,22,0,0
4,6,5,4,2007,4,15,0
1,1,9,7,2007,11,0,0
5,3,22,10,2010,12,8,0
5,4,21,3,2003,12,0,0
4,5,31,10,2013,0,5,0
5,5,8,3,2013,14,39,0
7,8,15,7,2012,18,59,0
1,2,12,6,2006,16,40,0
1,2,7,1,2008,20,0,0
7,9,12,2,2012,8,10,0
3,4,14,5,2003,18,50,0
6,4,22,10,2005,15,40,0
3,8,6,4,2011,8,5,0
6,10,14,1,2006,4,15,0
5,5,26,8,2011,16,24,0
1,2,29,10,2007,17,40,0
7,1,20,5,2007,1,10,0
1,6,21,12,2009,6,0,0
3,5,1,10,2003,16,39,0
1,3,21,3,2005,10,11,0
3,5,4,2,2009,16,31,0
6,10,22,3,2003,15,0,0
4,5,29,6,2006,18,0,0
1,8,9,6,2003,17,31,0
7,1,19,10,2014,18,0,0
4,8,20,2,2003,22,0,0
7,2,18,10,2009,21,34,0
5,4,24,3,2006,15,0,0
1,5,11,10,2004,23,50,0
3,9,1,5,2013,15,15,0
5,3,17,5,2013,13,45,0
1,2,11,6,2007,0,1,0
4,4,2,10,2014,13,0,0
5,5,3,5,2013,1,0,0
5,10,4,5,2012,17,0,0
6,8,22,3,2003,4,35,0
4,2,11,7,2013,8,0,0
2,9,10,6,2008,17,30,0
7,2,23,3,2014,11,15,0
2,1,31,3,2009,13,5,0
4,1,10,3,2005,23,50,0
5,5,10,2,2012,3,0,0
1,8,27,12,2010,0,20,0
2,6,29,4,2003,15,23,0
5,1,30,6,2006,8,15,0
3,8,3,10,2007,21,0,0
3,10,18,3,2009,13,54,0
5,4,11,2,2011,11,0,0
7,4,15,6,2014,2,0,0
6,5,10,3,2007,3,44,0
4,9,8,9,2005,15,0,0
4,2,23,2,2006,9,0,0
5,5,6,3,2015,10,0,0
1,10,31,5,2010,15,26,0
1,10,27,6,2011,17,40,0
1,3,30,9,2013,19,0,0
2,2,15,11,2011,0,30,0
5,9,10,1,2003,13,0,0
1,10,11,6,2007,13,36,0
4,6,12,7,2007,5,13,0
7,2,20,9,2009,16,0,0
1,7,2,9,2013,1,0,0
5,2,16,12,2011,18,30,0
2,2,6,9,2011,21,11,0
6,4,27,11,2004,23,0,0
2,3,17,3,2009,18,36,0
4,7,12,1,2006,9,0,0
4,3,23,8,2012,21,28,0
6,2,21,9,2013,15,59,0
3,2,7,1,2009,13,0,0
6,6,7,8,2004,22,25,0
6,2,3,5,2014,17,0,0
7,1,21,9,2003,10,0,0
6,8,10,1,2015,19,0,0
6,4,4,10,2003,22,0,0
4,5,28,12,2006,14,0,0
3,3,13,11,2013,7,10,0
5,9,8,8,2014,19,30,0
7,4,15,12,2013,17,12,0
2,1,15,11,2005,19,0,0
4,4,19,3,2015,6,20,0
5,6,24,3,2006,4,0,0
5,4,17,10,2003,19,10,0
3,4,31,3,2004,12,0,0
6,8,20,9,2014,4,20,0
2,4,1,6,2010,0,1,0
2,8,17,2,2009,13,30,0
4,8,4,5,2006,0,1,0
3,8,27,5,2009,18,32,0
4,6,12,6,2008,8,10,0
6,8,23,8,2008,5,10,0
5,10,20,9,2013,14,40,0
2,8,25,5,2004,20,0,0
1,3,1,4,2013,14,11,0
2,1,27,5,2003,18,30,0
6,9,14,7,2007,15,40,0
6,10,22,5,2010,12,30,0
5,3,26,1,2007,19,5,0
4,10,29,5,2003,11,5,0
1,1,1,10,2007,22,55,0
2,3,8,7,2008,17,15,0
1,7,4,9,2006,4,0,0
3,4,22,2,2012,16,16,0
6,4,3,11,2007,13,34,0
3,5,14,10,2009,15,0,0
4,5,22,1,2015,11,51,0
6,5,3,6,2006,11,0,0
2,3,4,3,2003,0,45,0
3,7,23,6,2004,18,20,0
5,5,6,8,2004,19,0,0
5,5,14,11,2014,18,27,0
3,2,18,10,2006,18,50,0
6,10,14,11,2009,21,0,0
1,6,29,10,2012,23,20,0
5,10,4,9,2009,21,0,0
2,8,1,6,2010,17,0,0
5,4,11,7,2003,19,40,0
2,2,21,7,2009,12,1,0
6,2,21,9,2013,10,20,0
6,5,1,6,2013,7,0,0
3,6,22,1,2003,17,15,0
2,2,18,8,2009,22,30,0
5,4,5,10,2012,17,0,0
6,5,18,9,2004,18,48,0
2,1,18,2,2014,11,20,0
1,2,15,10,2012,12,48,0
2,2,2,5,2006,15,0,0
6,2,2,6,2007,12,0,0
7,10,12,2,2012,1,58,0
5,2,21,8,2009,17,0,0
6,1,14,6,2008,21,15,0
1,4,18,2,2013,20,30,0
3,6,20,4,2011,9,30,0
1,4,18,3,2013,17,35,0
2,2,24,8,2010,12,30,0
2,1,9,2,2010,7,0,0
2,4,30,10,2012,6,15,0
6,4,20,9,2008,10,0,0
3,3,1,9,2004,0,1,0
7,6,13,8,2006,22,10,0
3,7,4,2,2004,9,30,0
6,5,27,7,2013,19,30,0
6,9,14,1,2006,11,35,0
4,8,2,6,2011,18,30,0
7,7,27,7,2008,20,23,0
2,2,26,11,2013,4,30,0
3,4,14,11,2007,18,0,0
3,9,4,3,2015,12,44,0
2,5,4,3,2008,7,48,0
1,4,30,3,2015,14,42,0
3,5,5,3,2003,18,0,0
3,7,8,2,2006,19,30,0
5,3,14,11,2003,11,30,0
5,8,21,9,2007,23,45,0
5,6,26,8,2005,20,30,0
6,1,15,11,2008,18,30,0
1,5,22,2,2010,18,0,0
6,2,4,11,2006,19,40,0
6,8,18,10,2003,23,0,0
6,2,20,4,2013,21,0,0
3,4,1,12,2010,11,54,0
6,9,13,3,2010,15,30,0
5,8,25,7,2003,9,30,0
7,10,11,7,2004,18,0,0
2,2,16,9,2014,10,42,0
3,2,24,12,2003,12,0,0
5,7,9,2,2007,12,0,0
1,3,25,11,2013,11,18,0
6,2,21,3,2009,13,0,0
1,8,31,5,2010,17,0,0
4,6,19,3,2009,17,19,0
6,5,16,12,2006,7,30,0
3,8,20,8,2003,13,3,0
7,2,1,1,2006,0,1,0
6,2,21,9,2013,0,1,0
3,5,31,10,2007,0,1,0
6,8,29,12,2007,9,30,0
7,4,19,10,2008,16,50,0
2,7,23,8,2005,19,0,0
6,2,25,9,2010,16,45,0
1,10,16,2,2015,9,0,0
7,10,16,11,2014,17,23,0
2,5,23,6,2009,20,0,0
2,2,4,2,2014,21,0,0
6,1,12,7,2008,20,24,0
3,5,17,5,2006,0,1,0
6,3,11,7,2009,18,0,0
1,4,19,9,2005,19,30,0
3,2,18,8,2004,0,25,0
3,4,8,1,2014,23,0,0
3,8,1,4,2009,21,0,0
1,1,2,10,2006,11,2,0
6,4,1,11,2003,16,37,0
1,9,31,3,2008,23,30,0
7,5,14,1,2007,2,40,0
4,5,30,10,2003,16,44,0
4,10,12,6,2003,17,0,0
5,8,12,12,2008,11,50,0
7,8,22,3,2009,20,25,0
3,9,17,9,2003,11,30,0
5,10,16,5,2014,12,20,0
4,7,10,7,2008,0,1,0
6,3,18,4,2015,22,27,0
5,1,18,5,2007,20,5,0
6,1,4,6,2005,2,22,0
6,5,10,1,2015,19,10,0
4,9,1,12,2011,10,0,0
7,8,26,8,2007,9,0,0
5,5,3,6,2011,9,14,0
3,5,17,9,2003,21,3,0
6,9,3,12,2005,20,0,0
3,8,11,7,2012,12,53,0
5,6,13,6,2003,22,0,0
5,4,20,3,2009,0,20,0
6,5,10,7,2004,22,0,0
6,10,26,3,2005,21,0,0
7,4,18,7,2010,23,15,0
1,3,22,8,2011,0,30,0
6,6,22,4,2006,16,0,0
3,9,19,5,2010,17,30,0
2,3,30,11,2010,7,39,0
7,5,5,6,2005,13,0,0
1,8,16,5,2011,12,22,0
1,4,29,9,2003,8,0,0
3,3,26,1,2011,10,0,0
4,3,7,9,2006,17,0,0
1,5,18,4,2005,11,21,0
6,2,5,6,2010,10,30,0
6,5,9,4,2005,16,0,0
1,2,22,8,2011,19,8,0
6,2,6,3,2004,16,15,0
6,8,22,3,2008,12,0,0
2,3,22,3,2005,17,0,0
3,4,2,11,2011,10,27,0
6,6,27,12,2003,12,52,0
2,4,30,9,2003,21,0,0
7,3,1,6,2003,12,0,0
4,5,10,7,2003,16,24,0
3,2,29,10,2003,11,30,0
3,9,6,10,2010,12,0,0
1,3,26,4,2004,17,0,0
3,7,21,1,2015,10,0,0
5,4,3,12,2010,22,5,0
2,2,30,5,2006,5,11,0
2,2,4,4,2006,0,1,0
5,8,15,12,2006,23,0,0
1,2,17,10,2005,23,30,0
1,9,6,9,2010,14,0,0
5,6,8,8,2014,18,0,0
2,2,18,2,2003,12,43,0
2,7,30,10,2007,13,0,0
5,2,22,2,2013,21,0,0
7,2,8,9,2013,4,8,0
2,2,25,7,2006,18,52,0
4,2,6,3,2008,15,45,0
2,1,31,10,2006,17,0,0
6,2,15,11,2008,23,56,0
4,10,29,6,2006,11,35,0
2,2,29,5,2012,10,6,0
2,10,12,1,2010,10,0,0
5,4,26,7,2013,1,59,0
5,8,25,8,2006,17,20,0
5,2,2,4,2004,11,45,0
7,4,6,11,2011,2,30,0
6,2,1,11,2003,22,30,0
6,2,14,1,2006,18,0,0
1,5,20,2,2006,23,55,0
2,5,25,5,2004,15,50,0
2,5,28,6,2005,15,40,0
7,8,16,5,2004,14,53,0
3,7,23,7,2003,0,35,0
2,2,20,1,2004,12,0,0
5,3,4,9,2009,18,45,0
2,2,27,5,2003,12,13,0
5,4,30,4,2004,11,0,0
1,9,20,1,2014,10,50,0
6,5,11,2,2012,22,0,0
6,8,10,2,2007,9,0,0
1,2,8,12,2008,9,0,0
5,6,9,4,2010,19,27,0
5,3,12,12,2014,0,30,0
3,3,15,4,2015,17,0,0
1,2,17,2,2003,13,30,0
4,7,5,2,2015,8,30,0
4,2,18,9,2014,7,0,0
6,8,1,6,2013,12,0,0
5,6,23,9,2005,8,0,0
2,6,3,4,2012,10,29,0
1,5,19,4,2010,10,0,0
7,4,28,7,2013,2,20,0
7,5,25,1,2009,23,0,0
3,10,9,8,2006,20,20,0
5,6,23,3,2012,19,50,0
7,10,30,12,2007,11,30,0
5,5,15,7,2005,9,15,0
1,6,5,3,2012,17,50,0
1,2,30,5,2011,14,0,0
6,5,19,4,2014,2,36,0
3,7,29,6,2005,9,0,0
3,4,8,8,2007,19,5,0
3,2,29,9,2004,20,28,0
4,4,7,2,2013,1,45,0
3,3,17,9,2008,15,16,0
3,8,12,11,2014,15,40,0
4,5,27,1,2005,17,52,0
7,5,9,9,2007,13,42,0
3,5,3,9,2008,20,0,0
6,4,1,5,2004,16,54,0
1,4,29,10,2007,16,46,0
5,3,3,12,2010,17,0,0
5,1,6,2,2015,18,37,0
6,1,17,5,2008,0,1,0
5,7,4,4,2014,0,1,0
7,9,21,4,2013,14,0,0
3,8,26,11,2008,12,0,0
7,2,18,4,2004,5,30,0
3,9,24,12,2014,19,20,0
5,10,13,12,2013,15,0,0
4,3,17,10,2013,13,48,0
1,8,22,8,2005,19,0,0
4,10,8,8,2013,11,0,0
5,4,30,5,2003,18,26,0
5,9,26,12,2014,10,25,0
1,5,26,11,2012,14,25,0
2,10,24,8,2010,12,0,0
5,2,7,3,2008,17,0,0
7,2,29,12,2013,14,50,0
1,3,15,5,2006,7,45,0
4,4,26,6,2008,7,32,0
5,2,9,9,2011,1,5,0
4,10,22,1,2015,15,19,0
1,1,22,7,2013,20,30,0
6,9,25,8,2012,12,55,0
3,8,18,2,2015,4,9,0
1,8,1,4,2013,11,0,0
5,9,29,5,2009,13,12,0
2,2,29,9,2009,23,0,0
7,5,19,12,2010,20,0,0
6,4,3,11,2007,11,15,0
6,9,21,10,2006,14,0,0
7,2,2,5,2004,18,45,0
7,2,24,4,2011,0,1,0
3,2,10,8,2011,21,7,0
7,3,23,10,2005,0,1,0
2,8,2,9,2008,13,29,0
3,5,21,8,2013,15,30,0
4,8,27,12,2012,16,30,0
4,10,9,8,2007,19,40,0
4,2,9,12,2004,17,0,0
1,2,24,6,2013,20,0,0
3,10,24,3,2010,14,25,0
6,3,22,9,2012,14,56,0
6,5,19,10,2013,11,0,0
2,10,5,3,2013,19,15,0
6,9,20,11,2010,19,0,0
2,6,31,5,2005,22,0,0
5,1,18,11,2005,8,30,0
4,4,23,7,2009,22,30,0
3,9,26,11,2003,16,30,0
3,3,15,11,2006,19,30,0
3,5,12,1,2011,9,0,0
1,1,16,2,2015,10,45,0
2,4,4,3,2003,22,11,0
3,8,11,1,2006,19,14,0
1,10,26,5,2014,11,10,0
6,2,26,2,2005,0,2,0
1,10,2,4,2012,1,28,0
4,9,29,11,2007,12,0,0
1,5,20,8,2012,20,24,0
3,10,1,9,2004,16,0,0
1,7,14,9,2009,15,48,0
1,3,16,9,2013,12,27,0
7,5,10,4,2005,3,0,0
7,4,1,1,2006,10,10,0
1,3,23,1,2012,5,30,0
2,7,9,12,2008,3,11,0
1,3,14,5,2012,8,20,0
5,8,7,9,2007,11,0,0
2,9,28,10,2014,12,0,0
7,7,14,12,2014,10,47,0
6,5,28,8,2010,21,0,0
5,4,10,1,2014,16,3,0
6,2,13,12,2008,13,0,0
4,9,16,9,2004,1,0,0
1,5,24,7,2006,14,20,0
2,5,2,9,2014,22,5,0
1,9,30,9,2013,23,0,0
3,10,23,3,2011,23,19,0
3,1,10,12,2008,16,0,0
1,4,10,12,2007,13,5,0
4,5,6,3,2003,14,0,0
4,7,23,1,2003,17,0,0
7,4,31,7,2005,15,45,0
5,5,14,11,2003,17,44,0
4,5,12,7,2007,20,13,0
2,4,16,9,2008,20,57,0
4,8,16,5,2013,8,30,0
1,2,23,8,2010,20,0,0
3,2,14,11,2007,11,0,0
7,5,10,9,2006,22,30,0
1,5,5,2,2007,15,0,0
7,8,11,4,2010,16,0,0
7,2,31,10,2004,15,30,0
7,5,13,7,2014,21,53,0
3,7,21,1,2004,15,0,0
5,9,19,5,2006,22,0,0
3,1,22,1,2014,18,30,0
6,4,31,12,2011,11,0,0
7,10,23,5,2010,15,6,0
2,1,31,5,2011,0,9,0
5,8,19,9,2003,17,55,0
3,2,7,4,2010,16,20,0
6,3,3,5,2008,16,0,0
3,2,12,12,2007,10,30,0
3,10,17,3,2004,8,20,0
2,8,29,11,2005,9,0,0
3,9,5,8,2009,13,0,0
5,1,18,5,2007,16,0,0
5,3,18,4,2008,8,0,0
5,1,10,3,2006,13,0,0
7,10,18,11,2007,16,38,0
6,6,25,8,2007,12,0,0
1,2,8,8,2005,12,39,0
3,3,4,5,2011,7,20,0
6,6,8,3,2014,21,37,0
4,3,2,10,2014,12,25,0
4,4,24,7,2003,19,25,0
1,2,23,8,2010,13,42,0
7,2,15,12,2013,18,25,0
3,9,19,10,2005,21,0,0
7,5,15,12,2013,15,0,0
3,2,18,9,2013,11,34,0
5,8,14,11,2008,9,8,0
2,4,5,3,2013,17,28,0
3,9,21,7,2004,18,0,0
2,1,8,3,2011,16,0,0
3,7,2,9,2009,16,38,0
3,10,15,10,2008,14,40,0
7,5,11,9,2011,22,30,0
1,8,3,4,2006,18,0,0
5,7,31,5,2013,18,0,0
2,7,29,11,2011,12,0,0
2,8,5,10,2010,13,57,0
3,5,6,8,2014,11,32,0
6,7,28,8,2010,12,10,0
2,6,28,4,2015,9,45,0
7,2,20,5,2012,17,17,0
1,10,30,9,2013,13,15,0
6,1,11,2,2012,19,30,0
1,4,28,5,2007,15,27,0
5,1,20,2,2015,19,51,0
5,5,29,12,2006,12,0,0
1,10,19,1,2015,23,57,0
4,4,18,3,2004,0,5,0
6,8,1,11,2008,19,30,0
4,3,22,2,2007,9,21,0
3,6,21,3,2012,8,50,0
2,7,22,8,2006,18,0,0
1,9,9,8,2010,16,14,0
4,1,4,4,2013,11,45,0
6,9,8,10,2005,19,10,0
2,2,1,4,2014,10,22,0
6,2,25,8,2007,12,0,0
5,2,4,10,2013,0,5,0
2,2,4,2,2014,14,0,0
2,5,13,10,2009,9,0,0
4,3,5,5,2005,8,30,0
1,4,1,3,2004,2,10,0
6,10,11,12,2004,20,7,0
4,10,18,9,2014,19,0,0
6,8,18,12,2010,3,15,0
1,3,7,7,2014,23,27,0
3,3,21,1,2004,10,30,0
3,8,27,11,2013,11,0,0
3,2,13,6,2007,10,42,0
5,2,20,10,2006,9,30,0
7,9,6,4,2003,3,0,0
3,4,4,9,2013,1,0,0
2,10,25,1,2011,16,10,0
1,5,31,10,2011,13,42,0
6,4,22,2,2003,15,40,0
6,5,21,10,2006,8,0,0
4,5,12,8,2010,18,30,0
3,10,10,3,2010,23,38,0
1,4,23,1,2012,4,30,0
2,1,2,10,2007,22,30,0
1,8,18,4,2011,16,12,0
1,2,14,10,2013,5,20,0
2,2,2,9,2008,9,25,0
3,1,1,10,2003,12,45,0
3,3,20,9,2006,11,0,0
4,5,30,10,2014,7,12,0
4,5,24,2,2011,21,0,0
2,4,27,4,2004,9,58,0
3,1,4,9,2013,19,0,0
6,7,30,5,2009,5,53,0
7,6,22,4,2007,17,15,0
2,4,4,2,2014,16,46,0
5,3,9,9,2011,14,35,0
3,2,10,8,2011,16,10,0
6,4,1,5,2004,7,30,0
7,4,22,8,2004,21,0,0
4,2,2,6,2005,19,55,0
6,5,20,11,2010,14,40,0
2,9,13,12,2011,14,30,0
6,4,16,7,2005,23,0,0
3,2,25,1,2006,11,15,0
2,5,2,11,2010,10,15,0
1,2,30,9,2013,14,57,0
4,4,7,8,2014,22,16,0
4,5,9,2,2012,12,0,0
1,4,30,4,2012,15,0,0
7,4,23,3,2003,20,30,0
7,2,7,3,2004,20,30,0
7,10,7,5,2006,17,30,0
3,10,4,2,2015,8,57,0
1,10,8,7,2013,8,53,0
4,5,7,4,2011,23,19,0
4,5,6,2,2003,21,0,0
5,10,9,1,2004,11,25,0
2,4,18,4,2006,12,0,0
2,8,24,6,2014,11,0,0
1,6,19,1,2015,19,15,0
1,5,3,4,2006,19,0,0
1,3,21,2,2005,7,30,0
3,9,15,10,2014,15,15,0
1,2,13,9,2004,17,0,0
6,2,27,12,2014,14,35,0
6,2,16,6,2012,15,5,0
6,1,15,5,2004,13,40,0
2,8,1,10,2013,23,0,0
2,4,27,7,2010,3,0,0
3,1,18,3,2015,14,33,0
4,3,4,3,2004,22,30,0
4,5,5,9,2013,6,30,0
4,3,3,10,2013,14,12,0
4,2,29,11,2012,14,30,0
1,4,6,7,2009,2,2,0
5,8,2,4,2004,9,0,0
4,5,29,7,2010,0,43,0
1,2,27,10,2014,2,5,0
6,4,24,3,2012,19,0,0
3,9,13,6,2007,3,0,0
2,10,27,5,2008,17,24,0
2,2,19,2,2008,23,30,0
1,8,3,2,2014,18,0,0
6,1,25,1,2014,11,37,0
6,5,13,1,2007,21,0,0
3,3,17,5,2006,4,55,0
4,10,2,11,2006,14,57,0
5,4,29,1,2010,1,10,0
2,10,18,4,2006,10,2,0
2,10,10,1,2012,16,3,0
2,2,10,7,2007,21,50,0
6,5,29,5,2004,4,0,0
6,2,4,6,2005,1,40,0
4,2,22,1,2009,8,36,0
4,7,1,5,2008,13,30,0
4,1,29,4,2004,8,32,0
7,7,3,6,2007,20,30,0
5,6,28,1,2011,10,14,0
5,9,21,8,2009,22,0,0
3,4,19,5,2010,11,55,0
7,7,7,11,2010,15,0,0
3,8,5,3,2014,15,0,0
5,2,25,7,2008,7,46,0
4,7,24,8,2006,2,0,0
5,6,26,7,2013,10,53,0
4,1,4,10,2007,21,0,0
4,8,25,7,2013,16,17,0
3,1,19,5,2010,23,45,0
5,1,15,6,2007,22,35,0
1,1,10,5,2004,15,36,0
7,1,6,4,2003,23,50,0
7,8,7,9,2014,8,41,0
5,5,20,4,2007,0,11,0
6,7,3,11,2012,16,10,0
2,2,16,11,2010,7,0,0
5,3,5,11,2010,15,57,0
6,7,28,1,2012,12,15,0
6,5,22,10,2005,17,6,0
7,3,20,10,2013,16,0,0
5,5,12,2,2010,21,30,0
4,7,15,6,2006,15,0,0
2,9,7,2,2006,8,30,0
4,2,15,6,2006,20,0,0
3,8,12,12,2012,17,0,0
5,2,25,7,2008,22,0,0
3,10,6,2,2013,10,2,0
4,2,12,1,2006,12,0,0
5,8,23,4,2010,14,35,0
7,9,22,10,2006,11,15,0
1,10,18,8,2014,8,47,0
2,2,1,4,2014,15,41,0
3,4,8,2,2012,22,32,0
5,4,2,5,2008,8,15,0
2,8,18,9,2007,22,41,0
7,4,22,4,2007,3,25,0
7,4,6,4,2014,0,1,0
5,4,20,2,2015,15,45,0
2,6,11,1,2011,10,0,0
3,4,13,7,2005,23,45,0
4,4,11,6,2009,16,0,0
7,4,15,6,2014,12,12,0
2,6,16,11,2010,8,42,0
2,4,21,1,2003,2,0,0
1,4,20,8,2012,17,48,0
1,8,23,11,2009,16,52,0
1,5,2,5,2011,10,0,0
2,3,20,7,2004,15,0,0
5,5,11,12,2009,12,33,0
4,2,26,8,2010,19,10,0
6,10,25,1,2014,11,56,0
6,2,28,8,2010,3,0,0
3,3,19,2,2003,13,0,0
3,6,14,5,2014,17,6,0
3,8,14,7,2010,0,15,0
7,4,24,2,2013,0,45,0
4,1,7,8,2014,18,15,0
6,4,20,10,2012,21,4,0
6,5,1,5,2004,18,30,0
4,2,1,5,2003,6,0,0
6,1,28,8,2010,0,45,0
3,2,21,1,2004,20,0,0
6,4,13,12,2008,8,0,0
1,2,3,4,2006,14,0,0
7,7,27,1,2013,20,30,0
7,7,23,9,2012,16,0,0
4,3,12,12,2013,16,30,0
2,8,6,4,2010,18,45,0
4,1,3,9,2009,1,30,0
5,4,24,1,2014,14,0,0
5,4,30,5,2008,20,50,0
5,8,14,11,2003,11,0,0
1,2,26,11,2012,11,30,0
5,4,7,3,2014,3,55,0
2,10,27,4,2004,9,0,0
4,2,8,1,2015,23,5,0
3,2,20,8,2014,9,0,0
4,2,15,5,2008,16,0,0
4,10,28,7,2011,18,52,0
4,5,4,9,2014,18,32,0
3,10,21,9,2011,21,24,0
4,4,3,11,2011,12,0,0
2,5,18,9,2007,15,0,0
7,5,10,10,2010,22,19,0
7,6,24,8,2014,16,0,0
1,2,14,4,2003,9,0,0
5,5,28,11,2014,19,15,0
2,2,20,9,2005,18,0,0
4,7,23,7,2009,16,15,0
6,9,22,9,2012,13,0,0
3,2,24,1,2007,9,25,0
2,3,31,5,2005,21,0,0
5,8,8,8,2014,14,0,0
6,3,19,4,2003,12,13,0
5,1,25,1,2013,4,0,0
4,3,4,4,2013,21,2,0
6,1,7,8,2004,3,0,0
7,2,11,1,2004,12,55,0
6,4,17,5,2008,17,44,0
3,1,12,1,2005,1,2,0
3,7,24,12,2008,12,51,0
1,1,14,4,2003,18,0,0
7,3,4,12,2011,9,10,0
4,9,2,10,2014,20,8,0
2,7,12,5,2009,21,0,0
6,10,25,7,2009,18,15,0
4,8,21,8,2008,18,0,0
1,5,21,3,2011,4,31,0
7,2,7,4,2013,0,39,0
4,2,2,4,2009,21,58,0
4,2,5,3,2015,20,20,0
3,9,12,7,2006,9,0,0
2,8,1,5,2012,12,0,0
5,2,22,9,2006,11,0,0
4,5,12,11,2009,10,5,0
6,10,14,1,2012,8,0,0
3,5,19,9,2012,0,36,0
5,3,30,7,2010,22,30,0
4,4,19,2,2009,19,45,0
1,1,18,8,2014,13,0,0
3,5,13,5,2015,5,57,0
2,9,16,9,2003,17,30,0
2,3,29,6,2010,18,30,0
6,9,22,9,2012,13,30,0
1,10,27,9,2004,23,55,0
4,1,8,7,2004,18,37,0
5,2,16,4,2004,9,50,0
2,3,30,5,2006,20,34,0
3,5,10,11,2004,10,30,0
3,2,1,10,2003,0,1,0
5,7,29,7,2011,21,0,0
3,10,12,11,2008,5,25,0
4,4,11,11,2004,20,21,0
3,3,22,1,2014,17,0,0
1,3,24,12,2007,16,18,0
4,2,26,1,2012,12,40,0
5,1,23,4,2010,14,0,0
1,5,20,9,2010,10,0,0
5,8,7,3,2014,8,0,0
7,6,29,1,2012,4,39,0
5,10,27,11,2009,14,16,0
3,10,28,5,2008,15,10,0
3,2,25,7,2012,8,57,0
4,5,13,1,2011,23,0,0
7,2,8,9,2013,3,35,0
4,2,5,3,2015,8,30,0
1,4,11,5,2015,5,11,0
5,9,25,12,2009,11,0,0
7,4,19,12,2010,21,38,0
6,7,26,7,2008,15,0,0
7,1,26,7,2009,14,0,0
5,2,20,4,2007,23,5,0
1,2,28,11,2011,20,30,0
5,4,15,7,2011,23,30,0
1,2,29,5,2006,1,30,0
2,1,17,3,2009,7,50,0
2,6,20,7,2004,17,45,0
6,2,9,4,2005,12,10,0
4,2,11,8,2011,9,0,0
1,6,21,7,2003,9,15,0
1,7,8,1,2007,0,30,0
2,3,4,4,2006,23,51,0
2,4,5,2,2013,3,0,0
4,10,5,9,2013,16,10,0
3,3,16,10,2013,12,4,0
6,1,24,3,2007,9,0,0
3,3,30,4,2014,11,0,0
3,10,4,10,2006,10,20,0
4,4,27,12,2012,13,57,0
4,5,16,4,2015,0,1,0
6,5,23,8,2014,1,0,0
5,6,21,10,2011,17,51,0
4,8,29,10,2009,15,30,0
4,2,15,11,2007,20,15,0
4,1,23,9,2010,13,0,0
6,4,4,6,2011,23,55,0
5,8,24,1,2014,20,10,0
5,3,6,2,2004,6,35,0
7,8,16,11,2014,14,15,0
7,5,23,3,2003,7,0,0
7,9,28,12,2003,11,0,0
1,10,23,8,2010,15,20,0
5,10,1,12,2006,13,55,0
7,7,19,12,2010,23,55,0
2,10,7,7,2009,14,45,0
2,2,18,2,2003,3,38,0
4,4,17,5,2007,1,46,0
3,1,12,1,2011,20,0,0
2,2,17,4,2007,17,20,0
4,1,21,2,2013,10,0,0
7,4,2,12,2012,22,0,0
6,1,23,9,2006,15,0,0
3,8,29,10,2014,20,0,0
3,1,27,7,2005,16,0,0
6,8,27,2,2010,8,0,0
2,3,28,12,2010,8,0,0
2,5,31,8,2004,13,0,0
2,7,1,4,2003,8,15,0
2,4,26,10,2004,12,0,0
7,6,22,2,2004,2,21,0
4,8,16,4,2015,11,45,0
4,3,25,12,2014,0,1,0
1,6,12,5,2008,5,58,0
2,6,14,6,2011,19,0,0
5,9,3,9,2004,19,30,0
4,10,24,12,2009,14,6,0
7,6,11,1,2009,1,37,0
1,2,8,7,2013,19,0,0
6,10,20,10,2012,17,39,0
3,10,12,12,2012,12,46,0
6,6,26,3,2011,2,25,0
6,8,17,11,2007,15,3,0
2,9,8,3,2005,14,0,0
2,4,27,6,2006,20,15,0
2,4,8,8,2006,23,0,0
1,5,23,7,2012,2,47,0
3,6,29,10,2008,10,0,0
7,1,11,2,2007,17,42,0
7,3,28,3,2010,14,30,0
2,2,2,11,2010,11,2,0
3,2,21,9,2005,11,0,0
4,7,5,9,2013,17,0,0
6,7,27,12,2014,11,30,0
1,8,30,3,2009,0,1,0
7,4,3,5,2015,22,30,0
7,5,18,7,2010,13,15,0
5,1,14,6,2013,21,0,0
6,1,9,9,2006,7,46,0
5,1,20,4,2012,7,0,0
5,2,2,6,2006,22,0,0
2,4,23,12,2014,17,0,0
1,5,21,8,2006,16,45,0
2,5,2,9,2014,5,35,0
4,9,3,10,2013,19,41,0
4,4,28,7,2011,11,7,0
3,4,19,3,2008,22,0,0
3,3,17,9,2008,15,30,0
4,4,22,8,2013,16,0,0
7,2,18,11,2012,15,50,0
4,2,30,4,2015,16,0,0
6,5,24,1,2009,0,30,0
3,2,18,8,2004,20,0,0
4,10,28,10,2004,16,20,0
3,1,4,10,2006,14,0,0
1,9,18,8,2008,21,0,0
3,1,22,8,2007,19,30,0
4,1,7,8,2008,1,0,0
6,1,30,6,2012,20,0,0
7,8,16,1,2011,21,14,0
5,4,14,6,2013,11,50,0
7,2,21,10,2007,17,56,0
2,5,3,3,2015,7,45,0
6,3,12,2,2011,16,0,0
6,3,23,4,2011,20,10,0
7,1,6,10,2013,17,53,0
3,8,18,5,2005,10,38,0
6,3,14,7,2012,13,15,0
1,5,28,11,2011,20,0,0
5,2,25,1,2008,15,20,0
7,5,2,1,2011,19,14,0
4,2,4,4,2013,16,18,0
2,8,8,3,2011,16,0,0
3,4,30,5,2012,16,20,0
3,2,3,3,2004,14,23,0
5,8,22,2,2013,20,15,0
4,1,14,11,2013,8,30,0
3,1,18,2,2009,18,0,0
1,8,2,3,2015,5,35,0
4,10,22,3,2007,15,40,0
4,5,9,12,2004,7,45,0
1,3,26,5,2014,22,12,0
6,5,25,2,2012,5,20,0
6,8,13,3,2010,23,0,0
6,6,30,6,2007,19,45,0
4,8,1,12,2005,16,0,0
5,1,16,7,2010,15,0,0
1,10,10,11,2008,13,3,0
1,2,29,5,2006,8,25,0
2,3,5,9,2006,12,0,0
4,3,7,4,2011,18,30,0
6,10,15,1,2005,13,40,0
3,5,15,4,2015,18,0,0
4,3,9,8,2012,9,0,0
6,7,15,5,2004,0,30,0
5,8,7,2,2003,14,30,0
4,10,6,9,2012,13,13,0
2,10,29,10,2013,13,32,0
7,2,15,6,2008,14,26,0
5,10,3,4,2015,22,20,0
3,2,3,11,2010,11,0,0
3,6,5,2,2014,14,34,0
3,4,2,5,2007,11,0,0
2,4,3,4,2007,11,35,0
2,4,1,5,2007,17,25,0
7,1,11,3,2012,11,10,0
1,9,1,10,2012,19,0,0
3,1,1,9,2004,20,0,0
1,2,14,10,2013,16,50,0
5,1,14,11,2014,20,0,0
2,1,18,5,2010,23,0,0
1,4,24,1,2005,19,0,0
3,4,30,11,2005,16,0,0
4,2,9,1,2014,10,5,0
4,1,19,2,2004,1,35,0
1,5,24,1,2005,5,15,0
1,5,2,2,2004,19,0,0
1,5,27,10,2014,19,45,0
6,5,27,6,2009,9,56,0
2,3,16,9,2014,8,0,0
3,3,23,6,2004,15,10,0
5,9,16,4,2004,18,33,0
2,7,11,12,2007,22,10,0
5,5,23,4,2010,22,39,0
6,9,8,3,2014,10,0,0
3,10,11,11,2009,3,40,0
6,2,10,7,2004,17,20,0
4,6,14,1,2010,3,15,0
1,2,18,4,2011,9,5,0
4,2,28,6,2007,21,55,0
4,1,30,10,2014,18,25,0
7,1,16,1,2005,20,0,0
2,9,25,12,2012,20,0,0
4,2,20,3,2003,9,50,0
3,8,9,7,2003,17,0,0
6,4,10,1,2009,17,0,0
5,9,7,8,2009,19,35,0
5,7,29,5,2009,23,37,0
1,8,5,7,2004,1,0,0
2,8,1,4,2008,2,28,0
3,2,20,8,2014,13,0,0
7,2,5,10,2014,2,20,0
7,2,26,8,2012,17,10,0
1,5,21,2,2011,11,46,0
7,7,30,6,2013,20,0,0
3,1,8,8,2007,6,15,0
2,4,15,10,2013,9,53,0
4,1,3,11,2005,18,0,0
4,8,19,4,2012,12,15,0
3,2,19,5,2010,21,50,0
6,8,25,1,2014,20,20,0
7,6,11,9,2005,22,0,0
5,3,4,4,2008,18,0,0
4,4,9,8,2012,19,0,0
1,5,7,1,2008,13,50,0
1,9,27,6,2011,18,15,0
3,2,5,8,2009,15,45,0
6,2,27,2,2010,0,1,0
1,5,27,4,2015,7,45,0
1,4,21,2,2011,8,31,0
1,4,24,5,2004,23,20,0
2,3,14,6,2011,12,0,0
7,4,24,2,2013,18,40,0
6,6,3,5,2008,16,30,0
1,5,9,1,2006,23,50,0
6,10,1,7,2006,4,15,0
6,2,27,6,2009,3,0,0
4,7,13,12,2012,14,30,0
4,4,7,10,2010,10,15,0
7,6,1,12,2013,6,0,0
3,1,9,7,2003,17,30,0
6,1,3,12,2005,13,59,0
2,1,22,1,2013,18,0,0
2,10,27,5,2003,10,30,0
1,4,27,6,2005,22,54,0
2,8,17,3,2009,5,35,0
6,2,7,9,2013,19,0,0
3,6,18,2,2015,12,0,0
5,10,27,1,2012,0,1,0
4,1,7,8,2008,20,0,0
3,3,20,3,2013,15,0,0
5,10,13,1,2012,22,0,0
3,4,26,11,2003,20,50,0
1,3,26,12,2011,15,0,0
4,1,30,5,2013,20,20,0
4,6,16,4,2009,2,53,0
3,6,29,6,2011,22,15,0
2,3,9,6,2009,7,0,0
1,5,20,1,2014,22,30,0
6,1,10,1,2009,20,15,0
2,1,5,8,2014,3,16,0
5,4,30,10,2009,22,0,0
6,10,22,3,2014,18,0,0
1,5,1,9,2003,0,9,0
1,5,3,8,2009,6,0,0
1,2,19,9,2005,11,41,0
1,2,2,10,2006,16,14,0
7,5,13,6,2004,17,30,0
1,5,1,4,2013,12,44,0
5,4,12,11,2004,22,0,0
6,4,4,10,2008,20,35,0
2,2,5,4,2011,16,15,0
5,5,25,3,2011,21,10,0
2,3,25,6,2013,21,0,0
7,3,7,9,2008,18,24,0
3,3,17,10,2012,14,0,0
2,4,30,9,2003,13,0,0
5,2,11,3,2011,19,0,0
4,5,15,5,2003,14,10,0
6,4,14,6,2014,10,30,0
6,3,9,3,2013,18,29,0
1,7,17,3,2008,19,0,0
7,4,14,3,2010,3,0,0
3,5,30,10,2013,15,28,0
7,5,27,1,2008,12,0,0
5,5,11,7,2003,0,14,0
1,4,24,7,2006,8,0,0
6,2,15,11,2014,21,0,0
3,10,4,4,2012,17,53,0
5,4,6,10,2006,17,33,0
7,8,3,5,2009,1,56,0
4,4,26,6,2014,9,45,0
3,2,24,7,2013,22,30,0
5,9,10,2,2006,0,1,0
4,3,17,4,2014,1,48,0
7,6,19,12,2010,10,44,0
2,9,12,11,2013,21,0,0
2,1,27,5,2003,16,35,0
5,6,22,2,2013,19,59,0
6,2,8,2,2014,16,30,0
5,1,4,4,2008,1,4,0
6,8,7,5,2005,13,45,0
4,9,21,4,2011,11,44,0
2,4,3,2,2004,8,10,0
7,1,19,10,2014,6,43,0
3,7,6,9,2006,7,30,0
5,9,31,5,2013,13,40,0
3,9,26,1,2011,23,35,0
3,1,7,3,2012,14,23,0
6,4,23,8,2008,15,26,0
3,9,28,5,2003,22,0,0
7,1,30,11,2014,16,30,0
1,2,3,3,2014,3,20,0
7,9,1,11,2009,0,1,0
2,8,25,1,2005,17,0,0
3,1,20,8,2008,13,55,0
4,8,7,2,2013,7,30,0
5,3,18,6,2010,22,0,0
7,7,18,12,2005,16,0,0
2,4,3,4,2012,16,56,0
4,6,7,10,2010,19,0,0
5,2,26,12,2014,20,0,0
4,8,17,4,2003,15,0,0
1,6,29,11,2010,13,0,0
1,4,7,3,2011,15,30,0
2,4,27,7,2010,5,31,0
1,1,4,4,2005,17,30,0
2,2,27,12,2005,20,0,0
1,8,4,8,2003,18,0,0
4,3,13,11,2008,10,30,0
4,9,8,1,2009,16,30,0
3,9,30,11,2005,22,22,0
2,3,11,5,2004,12,30,0
5,2,29,12,2006,16,0,0
6,2,2,5,2009,15,0,0
6,9,7,2,2004,15,30,0
4,8,13,6,2013,17,0,0
2,8,5,2,2013,22,57,0
3,5,14,7,2010,13,34,0
6,8,14,7,2012,14,0,0
6,5,22,4,2006,9,30,0
3,4,24,2,2010,16,25,0
7,3,21,9,2003,18,0,0
3,2,8,1,2003,9,46,0
7,4,27,1,2013,21,0,0
4,9,9,8,2012,12,0,0
3,2,27,5,2009,14,35,0
6,5,25,8,2007,14,0,0
4,2,18,3,2004,12,8,0
7,3,17,1,2010,0,1,0
2,4,15,9,2009,10,0,0
7,5,20,4,2008,12,0,0
7,1,7,3,2004,19,25,0
3,10,3,3,2004,22,14,0
4,8,13,6,2013,12,0,0
3,4,28,4,2004,12,0,0
5,1,14,5,2004,23,30,0
4,5,4,9,2003,12,10,0
5,6,4,11,2005,12,45,0
5,7,28,1,2005,22,0,0
1,6,16,5,2011,16,14,0
7,9,15,6,2014,3,0,0
2,2,12,5,2009,14,0,0
6,4,11,2,2006,1,30,0
6,3,22,3,2003,9,10,0
2,3,25,5,2004,19,0,0
4,8,10,2,2005,8,45,0
3,2,24,7,2013,10,45,0
7,8,8,2,2015,12,0,0
5,2,13,7,2012,14,46,0
5,8,3,10,2003,13,13,0
5,7,29,1,2010,1,35,0
7,2,23,5,2010,2,30,0
4,5,8,1,2009,23,8,0
2,1,4,5,2010,2,25,0
3,9,4,5,2005,23,30,0
2,1,12,1,2010,16,30,0
7,9,18,5,2014,9,0,0
4,6,19,3,2015,11,35,0
2,1,12,6,2007,10,46,0
2,2,17,3,2009,15,12,0
4,9,26,1,2006,10,0,0
5,2,27,6,2008,23,30,0
1,2,8,7,2013,23,0,0
6,7,12,8,2006,21,21,0
2,1,5,8,2003,6,0,0
4,9,14,7,2005,19,55,0
7,2,19,11,2006,3,45,0
5,9,17,11,2006,23,0,0
5,4,6,4,2007,20,50,0
1,10,28,6,2010,21,3,0
1,5,1,11,2010,19,30,0
7,3,26,3,2006,7,30,0
6,8,8,3,2008,20,13,0
5,1,14,1,2011,15,30,0
1,10,30,4,2007,9,32,0
7,8,26,1,2014,0,45,0
3,5,25,6,2014,19,2,0
7,2,13,7,2014,2,30,0
6,4,29,6,2013,22,20,0
3,8,24,7,2013,18,0,0
5,8,3,10,2003,3,35,0
6,2,22,2,2014,21,55,0
5,5,2,11,2007,9,30,0
5,2,19,11,2010,20,7,0
6,5,7,5,2011,20,30,0
2,1,22,2,2011,18,30,0
7,1,3,5,2009,21,30,0
4,2,19,3,2009,19,0,0
2,2,15,11,2005,20,30,0
3,4,12,11,2014,18,50,0
6,4,4,6,2011,2,30,0
2,1,29,5,2012,1,35,0
5,2,17,12,2010,0,1,0
5,1,8,8,2003,1,23,0
2,2,1,9,2009,8,24,0
5,6,18,4,2003,19,0,0
6,8,14,6,2014,19,0,0
2,3,2,10,2012,17,0,0
6,4,11,1,2014,14,0,0
5,10,1,11,2013,21,0,0
6,7,28,1,2012,13,0,0
7,2,19,6,2005,22,21,0
5,2,10,1,2014,18,46,0
7,1,1,7,2007,23,33,0
3,1,28,4,2004,0,40,0
2,10,1,4,2014,0,1,0
2,3,20,8,2013,12,6,0
5,4,4,5,2012,21,32,0
7,5,10,4,2011,14,0,0
5,3,19,9,2008,7,35,0
1,4,8,12,2014,15,30,0
6,1,24,3,2007,22,5,0
3,4,6,2,2008,9,50,0
1,4,2,2,2009,0,35,0
2,5,18,2,2003,8,54,0
3,10,5,5,2010,15,55,0
2,1,4,8,2009,16,0,0
7,10,28,12,2008,12,35,0
3,8,28,6,2006,13,30,0
4,2,19,2,2015,1,0,0
3,5,16,5,2007,9,30,0
5,2,12,6,2009,0,10,0
7,2,16,1,2005,15,50,0
6,3,30,5,2009,16,30,0
1,8,1,9,2003,8,1,0
7,3,29,6,2008,13,15,0
4,8,3,6,2010,15,0,0
5,8,16,5,2003,19,0,0
4,4,20,3,2003,2,0,0
4,2,29,5,2003,13,0,0
5,4,3,6,2011,1,0,0
7,4,24,8,2003,1,0,0
4,5,22,2,2007,8,35,0
6,10,1,11,2008,22,41,0
5,5,7,10,2011,15,45,0
6,8,2,6,2012,11,0,0
6,8,1,12,2007,10,0,0
1,10,30,10,2006,1,25,0
2,10,29,4,2008,19,54,0
1,3,21,1,2013,8,45,0
2,8,3,3,2015,19,0,0
5,1,2,10,2009,16,30,0
4,4,20,10,2005,8,0,0
3,3,14,12,2005,14,45,0
3,5,3,5,2006,16,30,0
6,5,19,4,2014,0,1,0
6,1,26,8,2006,2,15,0
7,2,22,9,2013,15,0,0
2,10,24,1,2012,18,45,0
2,3,3,2,2009,13,30,0
3,3,8,8,2007,20,2,0
5,10,20,5,2011,17,0,0
4,8,10,7,2008,19,54,0
7,1,8,2,2015,18,15,0
4,1,11,7,2013,14,30,0
3,3,9,6,2004,21,30,0
1,10,30,9,2013,11,48,0
4,6,25,3,2010,18,0,0
1,2,27,11,2006,2,49,0
3,5,19,2,2003,19,19,0
1,3,18,4,2011,4,12,0
3,7,22,2,2012,8,30,0
4,2,2,12,2010,17,20,0
3,3,17,10,2012,23,41,0
3,4,22,12,2004,8,0,0
5,5,23,3,2007,10,30,0
6,6,12,8,2006,11,30,0
1,2,22,12,2014,16,25,0
4,6,9,1,2003,6,30,0
6,4,1,7,2006,21,30,0
5,6,23,7,2004,17,30,0
2,6,12,1,2010,11,30,0
1,10,31,10,2005,8,35,0
5,9,14,1,2011,23,0,0
4,3,9,3,2006,21,15,0
6,1,28,1,2006,4,25,0
2,10,12,10,2004,18,0,0
2,10,15,4,2003,19,30,0
2,5,19,9,2006,19,15,0
3,8,18,3,2015,2,30,0
1,7,20,8,2007,0,49,0
1,8,5,1,2004,19,0,0
4,5,19,5,2011,18,0,0
7,3,24,10,2010,8,30,0
1,6,27,6,2011,14,19,0
3,2,4,2,2004,15,0,0
6,3,2,6,2007,21,0,0
1,8,16,3,2015,8,30,0
3,2,26,11,2003,17,30,0
7,6,28,7,2013,11,19,0
2,4,20,3,2007,18,50,0
4,3,9,1,2003,17,15,0
4,5,7,4,2005,9,55,0
4,8,21,2,2013,21,0,0
2,5,22,6,2004,15,0,0
5,4,21,4,2006,17,58,0
7,4,25,1,2009,1,0,0
7,2,6,11,2005,1,0,0
7,3,19,10,2008,20,44,0
5,5,18,6,2010,7,30,0
6,9,21,2,2015,21,30,0
4,2,9,9,2010,9,45,0
2,4,28,6,2005,17,5,0
3,3,6,2,2013,7,50,0
7,4,6,11,2011,9,0,0
6,10,29,11,2003,16,32,0
5,7,4,9,2009,13,0,0
4,4,25,11,2004,15,45,0
6,4,31,7,2010,15,15,0
1,10,21,8,2006,14,30,0
2,4,26,7,2005,1,44,0
3,5,29,6,2005,14,0,0
2,1,25,11,2003,2,55,0
2,10,24,1,2012,9,5,0
1,2,2,10,2006,10,0,0
7,1,31,7,2011,9,35,0
5,4,14,11,2008,18,0,0
5,4,11,1,2008,0,4,0
7,3,30,5,2004,9,30,0
4,7,2,9,2004,15,30,0
5,3,7,10,2005,14,0,0
4,2,27,6,2013,12,45,0
2,5,1,4,2008,22,25,0
5,5,18,4,2014,21,0,0
3,2,9,2,2005,12,10,0
3,8,21,7,2004,10,0,0
7,8,23,10,2005,22,30,0
5,5,8,3,2013,0,30,0
2,2,6,8,2013,10,22,0
3,6,28,6,2006,4,45,0
4,10,13,11,2003,19,2,0
3,5,21,3,2007,17,7,0
1,6,20,2,2006,0,43,0
6,4,2,11,2013,18,45,0
1,3,1,5,2006,20,45,0
6,10,4,4,2009,11,45,0
5,3,25,7,2008,19,55,0
2,10,14,10,2003,22,6,0
5,9,15,1,2010,19,0,0
3,7,31,10,2007,0,30,0
2,6,14,10,2014,16,25,0
6,6,15,1,2005,22,0,0
7,2,10,8,2014,8,0,0
7,2,9,9,2012,5,5,0
4,8,11,2,2010,21,15,0
2,2,8,6,2004,7,45,0
7,5,29,6,2014,21,46,0
7,2,1,1,2006,0,1,0
5,1,19,11,2010,22,0,0
6,5,11,1,2014,14,0,0
5,2,4,5,2012,22,33,0
6,7,1,6,2013,12,40,0
5,5,26,8,2011,16,0,0
3,8,10,11,2004,19,20,0
2,3,27,12,2011,5,30,0
7,2,14,11,2004,1,0,0
2,2,26,7,2005,19,0,0
3,4,28,4,2004,10,32,0
4,2,21,8,2014,13,52,0
7,4,9,3,2003,1,0,0
1,8,11,12,2006,19,30,0
3,3,12,12,2007,20,23,0
7,1,5,10,2008,13,0,0
5,8,24,1,2003,11,0,0
5,10,4,4,2014,16,28,0
3,3,8,1,2014,20,0,0
2,4,1,5,2007,15,30,0
3,3,10,12,2008,18,0,0
4,5,5,5,2005,18,0,0
3,7,28,6,2006,19,38,0
6,10,8,2,2014,0,31,0
2,6,13,5,2008,10,20,0
6,1,19,4,2008,3,30,0
6,10,16,5,2009,13,0,0
5,1,16,5,2014,1,0,0
6,4,4,4,2015,17,44,0
1,10,19,8,2013,13,8,0
5,1,9,9,2011,18,15,0
5,5,24,1,2014,23,17,0
1,8,9,7,2012,9,0,0
3,4,3,10,2012,22,55,0
1,5,10,1,2011,16,30,0
2,10,10,8,2010,19,41,0
2,3,8,7,2014,19,20,0
3,10,15,9,2004,14,35,0
5,5,3,6,2011,16,55,0
7,9,6,11,2011,17,0,0
6,2,3,7,2010,19,7,0
1,4,27,4,2015,20,17,0
3,8,13,11,2013,2,30,0
2,2,29,9,2009,6,30,0
2,7,15,11,2005,0,1,0
7,1,1,6,2014,22,30,0
7,2,24,8,2008,13,43,0
5,8,3,10,2014,21,0,0
1,3,3,3,2008,17,0,0
4,5,11,7,2013,18,55,0
7,2,13,2,2011,15,0,0
6,2,26,7,2014,20,0,0
3,4,12,5,2004,8,0,0
3,2,16,5,2012,14,45,0
4,8,18,10,2007,22,23,0
6,9,16,7,2011,12,24,0
7,9,10,4,2011,8,0,0
1,4,2,4,2007,14,0,0
1,7,16,4,2012,20,0,0
7,9,20,4,2003,0,30,0
1,4,30,4,2012,9,40,0
6,2,12,7,2014,17,51,0
4,10,6,10,2005,21,43,0
4,10,20,10,2005,2,48,0
1,10,8,6,2009,5,45,0
2,5,20,4,2010,16,0,0
1,6,29,3,2004,22,0,0
4,10,3,10,2013,10,19,0
1,4,2,3,2009,14,0,0
5,4,7,3,2008,11,30,0
5,5,4,11,2005,17,20,0
1,3,30,4,2012,17,19,0
5,3,11,8,2006,20,0,0
5,2,16,11,2012,20,30,0
6,2,9,8,2003,23,0,0
6,10,4,10,2014,8,30,0
5,2,11,2,2011,12,0,0
6,2,12,7,2014,2,27,0
4,8,24,6,2004,12,17,0
7,4,22,9,2013,19,55,0
1,4,31,10,2005,22,0,0
5,10,10,1,2003,19,0,0
1,1,19,7,2004,12,20,0
1,2,3,9,2012,17,9,0
2,10,10,11,2009,21,40,0
3,7,18,9,2013,2,30,0
2,9,30,9,2014,23,0,0
2,4,1,4,2008,16,30,0
6,10,4,4,2009,12,0,0
7,1,24,8,2014,14,30,0
2,9,1,10,2013,8,0,0
2,3,11,6,2013,15,52,0
1,10,10,1,2005,7,47,0
7,1,4,5,2014,0,50,0
2,4,23,12,2014,20,0,0
4,1,4,11,2010,18,0,0
7,4,11,1,2015,2,0,0
2,10,7,8,2012,6,20,0
6,3,8,10,2005,1,20,0
2,10,3,4,2012,20,30,0
6,5,21,5,2011,10,50,0
4,10,22,9,2011,15,5,0
4,3,14,11,2013,23,35,0
4,8,8,3,2012,1,30,0
7,3,30,5,2004,16,0,0
1,9,7,12,2009,20,27,0
4,1,21,2,2013,23,50,0
5,7,23,2,2007,22,17,0
5,2,6,5,2011,20,45,0
3,3,10,8,2011,19,6,0
7,2,14,7,2013,11,49,0
5,4,21,9,2007,9,5,0
5,5,8,8,2008,9,0,0
1,2,6,12,2004,10,41,0
3,4,25,6,2014,22,22,0
2,3,3,3,2009,7,5,0
2,10,18,9,2007,8,50,0
2,5,19,9,2006,22,30,0
7,1,24,2,2013,12,27,0
6,4,4,6,2011,18,0,0
1,3,8,11,2004,10,30,0
5,1,20,3,2015,13,30,0
4,8,27,12,2012,15,12,0
5,6,12,7,2013,20,0,0
4,3,26,6,2003,13,40,0
3,4,23,7,2003,17,53,0
2,10,6,4,2010,13,15,0
7,2,20,5,2007,21,0,0
1,6,1,9,2014,9,30,0
2,9,8,2,2005,13,30,0
5,1,24,3,2006,0,1,0
1,8,26,11,2012,0,1,0
6,8,17,6,2006,18,21,0
3,2,18,5,2005,4,10,0
6,10,27,6,2009,17,15,0
2,2,15,5,2007,2,40,0
3,3,4,10,2006,11,30,0
2,8,7,12,2004,21,46,0
6,5,21,2,2009,17,30,0
2,2,18,3,2008,17,10,0
7,8,9,8,2009,16,46,0
2,3,21,1,2014,8,0,0
5,2,24,2,2006,21,12,0
7,1,1,7,2012,22,20,0
1,2,17,4,2006,13,7,0
5,5,18,4,2003,21,35,0
3,1,9,7,2003,7,55,0
3,4,1,11,2006,8,0,0
7,4,16,11,2014,0,1,0
1,2,18,8,2014,19,9,0
5,9,14,6,2013,18,0,0
1,10,12,11,2012,9,11,0
7,2,17,6,2012,18,30,0
7,10,2,6,2013,12,50,0
1,5,14,10,2013,17,15,0
6,1,20,9,2003,3,42,0
2,2,11,1,2005,23,29,0
4,2,14,5,2009,10,0,0
5,5,25,12,2009,18,35,0
4,3,4,9,2003,2,0,0
6,10,18,10,2008,23,0,0
4,2,15,4,2004,16,5,0
3,6,16,4,2014,9,0,0
4,2,30,4,2015,15,10,0
4,2,10,3,2005,16,18,0
6,4,11,8,2007,7,40,0
6,3,5,11,2011,5,0,0
1,5,3,3,2003,14,47,0
2,8,3,5,2011,8,20,0
4,2,19,3,2009,1,5,0
2,5,26,1,2010,9,30,0
1,7,12,5,2014,21,0,0
7,5,6,11,2011,0,1,0
4,10,23,7,2009,6,59,0
7,2,20,5,2007,11,52,0
5,2,3,4,2009,9,26,0
2,3,31,3,2009,10,0,0
4,4,11,3,2010,9,0,0
3,4,24,8,2005,20,0,0
7,4,16,1,2005,13,35,0
4,8,23,8,2012,21,45,0
2,5,7,8,2012,21,0,0
3,1,20,10,2010,8,30,0
4,7,10,1,2008,13,0,0
4,10,24,1,2008,16,25,0
3,3,1,6,2011,9,7,0
4,7,23,8,2012,3,0,0
4,3,14,5,2009,18,0,0
4,6,21,8,2003,19,0,0
5,1,24,12,2004,12,0,0
1,4,4,8,2008,11,30,0
3,9,2,11,2011,10,15,0
3,5,8,8,2007,12,45,0
2,4,25,11,2014,23,55,0
4,2,4,10,2012,14,20,0
6,1,4,4,2015,12,0,0
6,3,7,4,2012,20,20,0
3,4,13,6,2007,3,34,0
6,1,31,7,2010,9,58,0
7,6,29,6,2014,22,0,0
1,3,28,10,2013,19,0,0
2,7,7,2,2012,21,0,0
3,1,8,7,2009,0,1,0
1,5,19,8,2013,21,0,0
5,2,22,8,2008,22,52,0
7,4,4,5,2003,17,16,0
3,4,7,3,2007,6,45,0
1,4,6,9,2010,23,25,0
3,5,21,4,2010,5,30,0
2,6,22,3,2005,11,35,0
3,4,8,8,2012,17,0,0
4,9,12,7,2012,13,30,0
3,1,21,8,2013,3,15,0
1,1,12,11,2012,11,20,0
3,7,8,1,2014,10,45,0
6,2,6,9,2003,12,1,0
2,4,24,1,2006,6,0,0
7,2,26,2,2006,6,0,0
4,5,25,12,2008,18,35,0
6,6,7,10,2006,11,50,0
7,3,9,10,2005,11,0,0
4,6,30,4,2015,23,0,0
5,8,26,8,2011,11,35,0
7,10,13,8,2006,10,0,0
3,8,5,5,2010,0,40,0
3,1,23,2,2011,21,0,0
2,2,3,4,2012,16,30,0
3,10,9,3,2011,18,25,0
5,10,24,1,2003,14,0,0
3,5,24,3,2010,18,6,0
2,4,7,12,2004,10,30,0
1,3,9,6,2003,17,22,0
4,3,19,2,2004,16,1,0
3,10,5,9,2007,11,22,0
5,1,21,3,2014,17,0,0
5,5,26,6,2009,21,15,0
5,10,7,3,2014,0,1,0
2,1,22,7,2008,13,50,0
6,9,29,11,2014,17,40,0
1,8,18,8,2008,22,0,0
7,9,11,9,2005,11,40,0
3,5,15,10,2003,9,30,0
5,8,12,8,2011,23,0,0
6,3,14,6,2014,17,11,0
7,9,22,3,2009,16,30,0
5,3,18,11,2011,4,5,0
4,4,20,9,2012,20,5,0
1,6,14,5,2012,6,15,0
5,1,18,4,2014,18,35,0
1,10,5,2,2007,19,30,0
1,3,28,4,2014,7,27,0
6,9,19,9,2009,11,10,0
7,2,25,9,2011,15,12,0
7,5,19,10,2008,14,39,0
7,10,25,7,2004,20,0,0
6,4,9,10,2010,15,15,0
1,7,8,8,2005,10,15,0
6,2,8,3,2003,4,30,0
5,7,9,4,2010,10,0,0
4,8,22,1,2004,14,50,0
6,2,6,3,2004,20,0,0
6,5,23,8,2003,10,0,0
1,2,2,5,2005,9,10,0
2,2,19,8,2014,15,49,0
3,9,13,11,2013,14,0,0
1,4,12,11,2012,19,50,0
3,10,27,1,2010,14,41,0
4,4,21,4,2011,0,1,0
6,4,17,4,2004,13,1,0
3,7,22,2,2006,15,28,0
5,3,13,1,2006,19,55,0
4,4,26,6,2003,7,30,0
6,5,21,8,2004,0,1,0
3,10,16,4,2003,0,37,0
5,9,14,11,2014,2,35,0
2,10,13,11,2007,18,51,0
3,7,15,10,2003,21,0,0
4,9,24,7,2014,10,45,0
5,8,3,6,2011,23,0,0
1,7,11,6,2012,13,30,0
3,5,18,3,2009,11,45,0
7,8,8,2,2009,17,22,0
4,9,25,8,2005,8,0,0
7,3,15,11,2009,16,10,0
7,5,6,4,2014,16,57,0
6,10,3,12,2005,17,10,0
3,8,7,1,2015,13,0,0
6,4,24,1,2009,22,40,0
4,4,2,9,2004,17,0,0
3,10,31,3,2004,10,30,0
4,2,23,9,2010,12,0,0
3,4,17,4,2013,10,55,0
5,9,10,12,2004,21,0,0
7,2,16,12,2012,16,0,0
2,5,1,5,2007,11,30,0
5,10,24,7,2009,16,2,0
3,7,1,12,2010,14,0,0
4,4,4,11,2010,2,21,0
5,5,22,4,2011,4,13,0
2,4,13,5,2014,15,0,0
6,2,12,2,2011,15,30,0
5,5,4,11,2005,17,0,0
6,10,8,2,2003,16,30,0
7,7,18,5,2003,16,0,0
5,4,3,11,2006,12,0,0
6,8,9,8,2003,23,0,0
1,4,3,8,2009,14,27,0
7,2,22,2,2009,14,0,0
7,4,24,10,2010,2,1,0
5,2,11,8,2006,8,17,0
5,5,8,9,2006,21,16,0
3,1,23,2,2005,0,1,0
4,8,12,6,2014,18,0,0
5,5,23,9,2011,17,15,0
6,2,5,9,2009,15,0,0
7,8,28,2,2010,14,0,0
5,5,17,10,2014,15,5,0
4,9,27,11,2014,11,0,0
6,7,12,3,2011,15,6,0
6,2,15,1,2011,22,30,0
6,4,10,7,2004,11,5,0
1,7,1,9,2008,22,51,0
7,2,8,3,2015,19,0,0
6,5,14,1,2006,22,30,0
3,8,25,7,2012,15,20,0
3,5,1,12,2010,19,1,0
4,10,6,10,2005,14,31,0
7,3,1,1,2006,10,0,0
5,7,6,10,2006,2,58,0
6,6,6,5,2006,15,30,0
3,2,24,3,2010,15,32,0
3,4,11,7,2007,17,0,0
6,4,15,6,2013,14,14,0
5,6,13,7,2007,23,30,0
3,5,9,3,2011,7,45,0
5,4,20,4,2012,4,0,0
2,2,20,1,2015,19,25,0
5,5,14,11,2008,19,50,0
2,8,30,5,2006,13,52,0
6,2,25,2,2006,11,19,0
1,5,4,8,2003,18,55,0
2,5,16,9,2003,18,15,0
5,8,13,6,2003,18,13,0
3,4,3,3,2004,12,0,0
4,9,2,12,2010,11,30,0
2,4,27,5,2003,22,30,0
7,1,9,10,2011,2,0,0
4,6,10,3,2005,10,6,0
5,4,12,12,2008,12,30,0
1,10,27,6,2011,12,30,0
1,2,4,2,2008,16,21,0
1,1,1,9,2003,12,0,0
7,4,23,9,2007,22,30,0
4,3,6,8,2009,14,30,0
5,3,9,2,2007,15,30,0
6,7,31,5,2008,12,15,0
2,5,28,10,2008,19,45,0
6,3,4,9,2004,17,45,0
2,8,29,4,2003,15,35,0
2,2,23,8,2011,6,22,0
4,6,25,8,2005,1,15,0
3,4,22,8,2012,22,0,0
3,2,20,4,2011,11,30,0
7,8,1,6,2014,13,15,0
7,2,15,7,2012,17,26,0
1,4,28,4,2003,8,30,0
2,5,22,7,2003,14,5,0
6,4,27,2,2010,0,1,0
5,10,19,10,2012,11,4,0
6,5,30,6,2007,17,5,0
5,10,14,11,2014,3,0,0
4,10,4,10,2007,18,10,0
7,1,9,2,2014,16,0,0
6,2,13,12,2008,19,0,0
2,8,23,7,2013,14,25,0
4,3,9,12,2004,16,22,0
2,2,9,7,2013,8,0,0
1,6,17,2,2003,0,49,0
4,4,12,1,2006,12,55,0
7,9,4,6,2006,16,55,0
7,4,30,7,2006,14,30,0
1,2,31,5,2010,13,0,0
4,10,21,10,2010,13,15,0
4,8,21,10,2010,15,57,0
1,5,8,11,2004,19,43,0
6,2,15,11,2014,11,15,0
2,10,10,8,2010,7,0,0
5,2,4,10,2013,2,55,0
4,10,25,1,2007,12,0,0
4,4,12,11,2009,19,34,0
3,4,27,6,2007,19,15,0
4,2,7,10,2010,1,0,0
3,1,4,4,2007,17,5,0
7,5,7,4,2013,10,31,0
5,6,31,12,2010,0,1,0
7,2,22,4,2007,22,15,0
6,5,15,1,2011,1,58,0
1,10,11,1,2010,16,40,0
5,5,2,12,2011,15,0,0
1,9,14,4,2008,8,3,0
6,2,17,6,2006,0,30,0
3,4,15,10,2008,11,45,0
5,2,17,4,2015,16,30,0
6,8,6,10,2012,10,0,0
1,1,26,5,2014,15,30,0
6,5,30,5,2009,14,22,0
3,2,7,3,2012,17,0,0
1,2,25,12,2006,17,25,0
5,10,24,3,2006,20,50,0
5,2,22,4,2011,17,0,0
7,1,14,8,2005,23,0,0
4,4,13,11,2003,19,40,0
7,2,12,1,2014,4,0,0
7,5,28,2,2010,4,50,0
2,6,22,6,2004,23,30,0
6,2,29,1,2005,11,40,0
3,9,16,5,2012,20,0,0
4,8,30,6,2005,0,1,0
2,9,5,4,2011,19,36,0
7,2,3,5,2015,18,0,0
2,4,7,3,2006,17,30,0
3,7,11,1,2012,16,0,0
7,4,31,10,2004,0,1,0
1,7,31,3,2008,9,20,0
3,5,18,4,2007,19,10,0
3,8,10,1,2007,9,8,0
6,2,6,9,2008,15,20,0
3,8,24,7,2013,10,17,0
6,5,7,5,2005,8,30,0
6,2,13,8,2011,0,1,0
4,4,18,9,2008,9,0,0
3,9,10,8,2005,20,15,0
1,3,6,7,2009,14,30,0
3,2,23,3,2005,13,0,0
6,3,8,2,2014,0,9,0
1,2,3,3,2003,22,0,0
5,3,31,12,2010,21,14,0
6,10,30,6,2007,23,10,0
5,1,11,1,2008,13,58,0
2,8,8,8,2006,3,34,0
2,8,16,10,2012,21,0,0
5,6,26,6,2009,22,30,0
5,3,2,12,2011,8,25,0
6,5,12,7,2014,22,50,0
1,2,9,1,2012,8,30,0
5,7,10,9,2010,13,10,0
4,4,12,7,2007,20,10,0
7,1,21,9,2008,13,30,0
1,6,20,3,2006,13,34,0
6,4,14,11,2009,10,10,0
7,8,18,11,2007,10,39,0
3,4,20,8,2014,13,0,0
1,8,26,10,2009,11,0,0
3,7,17,10,2007,13,55,0
7,4,15,7,2007,11,20,0
5,5,26,8,2005,0,1,0
5,5,2,6,2006,11,56,0
7,2,20,4,2008,14,0,0
4,8,26,12,2013,13,30,0
2,3,20,9,2011,13,0,0
6,4,24,1,2009,16,34,0
3,1,19,2,2003,22,0,0
5,10,25,3,2011,2,23,0
2,2,13,12,2005,14,1,0
3,3,16,4,2014,8,0,0
1,4,8,7,2013,1,45,0
6,8,30,6,2007,14,0,0
4,4,13,7,2006,11,0,0
3,9,26,1,2011,11,0,0
1,1,27,5,2013,18,0,0
5,1,14,11,2008,13,30,0
5,6,17,10,2014,11,22,0
4,4,24,6,2004,11,0,0
5,4,21,2,2003,21,45,0
1,2,9,8,2010,17,35,0
5,3,18,9,2009,21,56,0
7,8,26,9,2010,18,57,0
7,6,5,10,2003,18,5,0
4,8,26,7,2007,16,0,0
1,9,11,7,2011,19,30,0
7,3,12,1,2014,21,35,0
4,10,27,1,2005,8,11,0
7,4,28,7,2013,10,10,0
2,4,19,8,2008,9,0,0
3,7,12,6,2013,13,0,0
3,2,15,10,2003,12,45,0
1,2,26,6,2006,21,0,0
6,10,28,7,2012,17,15,0
7,5,7,9,2014,21,18,0
4,7,25,2,2010,15,40,0
4,7,22,7,2004,22,42,0
5,7,3,10,2003,16,0,0
4,10,9,2,2012,13,51,0
4,5,4,3,2004,9,15,0
1,8,2,5,2005,11,0,0
3,10,25,1,2012,13,30,0
5,8,5,9,2003,13,30,0
6,8,18,10,2014,17,27,0
7,9,19,10,2008,15,3,0
1,1,16,3,2009,10,15,0
1,4,2,10,2006,15,30,0
5,4,26,1,2007,17,0,0
1,4,17,3,2014,10,24,0
2,9,11,12,2007,14,30,0
5,5,16,4,2004,18,0,0
4,10,30,10,2008,7,42,0
1,3,14,9,2009,19,0,0
7,2,27,2,2005,10,40,0
5,3,12,2,2010,12,45,0
3,6,20,8,2003,8,0,0
5,1,8,8,2014,21,29,0
3,3,3,9,2008,17,20,0
5,2,29,12,2006,11,30,0
4,1,30,4,2009,16,0,0
4,3,12,1,2006,17,14,0
7,6,14,12,2008,9,36,0
6,7,9,2,2013,13,0,0
2,4,11,11,2003,16,32,0
3,4,24,7,2013,12,0,0
2,10,25,11,2008,14,0,0
4,8,16,10,2003,13,30,0
3,2,13,7,2005,18,0,0
6,4,25,12,2004,16,15,0
3,9,12,12,2007,8,0,0
2,5,10,12,2013,16,40,0
4,8,25,3,2010,1,15,0
6,2,29,11,2014,16,32,0
3,5,5,3,2008,10,0,0
4,6,5,2,2015,0,6,0
2,1,16,9,2003,21,15,0
5,6,20,4,2007,8,0,0
7,2,30,1,2005,16,0,0
7,8,8,2,2015,11,0,0
3,3,19,3,2003,7,0,0
7,4,1,7,2007,19,15,0
3,4,17,9,2003,17,25,0
3,5,21,9,2011,8,13,0
2,8,24,8,2010,20,30,0
7,4,27,2,2005,0,35,0
5,8,8,10,2010,20,0,0
1,8,26,11,2007,21,0,0
1,3,16,3,2015,22,35,0
1,6,17,4,2006,20,0,0
6,10,17,12,2005,19,32,0
3,4,14,5,2014,15,0,0
4,8,19,3,2015,9,9,0
5,7,20,2,2015,12,0,0
3,3,10,12,2014,18,10,0
1,8,16,2,2009,18,0,0
4,2,3,10,2013,0,1,0
6,4,23,2,2008,22,35,0
6,10,22,4,2006,19,35,0
2,7,18,3,2014,11,55,0
4,2,5,5,2011,14,55,0
5,1,4,5,2007,15,10,0
6,5,12,1,2008,22,0,0
5,5,18,10,2013,17,53,0
2,7,8,12,2009,17,45,0
3,8,13,6,2012,8,0,0
3,10,23,8,2006,20,0,0
1,2,21,1,2008,17,30,0
6,9,4,6,2005,17,0,0
3,3,12,6,2013,8,39,0
1,6,19,3,2012,15,0,0
6,7,9,8,2003,16,15,0
1,2,31,10,2005,20,30,0
3,1,7,3,2007,0,1,0
1,6,21,7,2008,19,34,0
7,2,14,12,2014,14,0,0
7,8,27,8,2006,19,30,0
2,2,5,10,2010,17,45,0
3,2,18,8,2004,17,0,0
5,2,4,4,2008,0,56,0
7,10,31,10,2004,5,11,0
5,4,4,5,2012,12,42,0
4,5,29,12,2005,13,45,0
5,3,25,7,2014,0,30,0
5,8,26,8,2005,19,0,0
5,10,14,1,2011,17,9,0
2,10,15,9,2009,0,42,0
4,8,20,5,2010,16,5,0
1,3,23,1,2006,0,1,0
5,9,23,9,2005,23,0,0
4,7,23,8,2012,12,0,0
1,5,28,4,2014,19,0,0
2,5,1,6,2010,9,0,0
2,3,25,12,2012,12,0,0
6,10,25,8,2007,14,0,0
4,2,16,6,2011,7,35,0
1,8,25,6,2012,11,24,0
5,6,7,2,2003,4,35,0
2,5,2,9,2003,18,0,0
6,5,4,10,2003,12,5,0
6,10,30,7,2011,15,10,0
1,3,11,11,2013,15,50,0
4,10,22,2,2007,22,20,0
4,7,18,4,2013,23,0,0
3,1,19,9,2012,19,45,0
7,1,25,3,2012,10,0,0
1,1,12,5,2014,10,30,0
5,4,23,9,2005,12,31,0
4,2,2,4,2015,11,55,0
1,7,16,3,2009,1,40,0
7,9,23,3,2003,12,0,0
3,3,8,2,2012,19,1,0
6,2,14,11,2009,14,30,0
4,1,17,4,2008,19,0,0
1,10,7,7,2008,22,22,0
6,10,29,12,2007,16,50,0
4,4,3,4,2008,18,58,0
1,2,25,12,2006,20,0,0
7,9,8,9,2013,16,15,0
1,3,7,12,2009,19,0,0
2,4,15,9,2009,21,30,0
4,3,2,4,2015,18,6,0
7,6,23,10,2005,22,19,0
5,9,26,12,2014,19,45,0
4,10,1,5,2003,23,10,0
1,10,12,11,2012,12,22,0
1,1,26,11,2012,16,30,0
7,6,2,11,2003,20,57,0
6,10,27,12,2008,15,20,0
7,1,22,8,2004,6,30,0
3,3,19,9,2007,21,48,0
1,5,5,3,2007,0,1,0
2,4,3,9,2013,18,55,0
6,4,23,4,2005,19,0,0
2,4,14,6,2011,16,10,0
3,6,7,1,2004,21,45,0
1,2,18,2,2013,22,30,0
6,4,29,12,2012,14,35,0
2,10,14,10,2008,11,9,0
6,2,2,7,2011,23,10,0
3,2,7,1,2009,14,3,0
7,3,11,9,2005,13,0,0
7,9,25,1,2009,12,38,0
6,1,6,9,2014,19,15,0
2,9,26,10,2004,13,40,0
1,7,18,3,2013,10,15,0
6,8,23,4,2005,12,0,0
1,4,17,3,2003,10,10,0
3,8,13,11,2013,23,55,0
7,1,7,10,2012,15,30,0
7,3,10,10,2010,17,15,0
6,8,24,1,2004,16,42,0
1,1,9,7,2012,8,0,0
2,3,5,2,2008,8,30,0
1,2,26,4,2004,16,22,0
1,8,21,6,2004,17,0,0
3,9,13,10,2004,13,30,0
4,5,16,10,2014,23,0,0
1,6,14,5,2007,3,0,0
7,1,13,7,2003,19,57,0
6,4,13,6,2009,17,30,0
7,5,14,6,2009,12,45,0
3,1,13,1,2010,12,55,0
6,10,19,5,2007,19,22,0
4,4,17,4,2003,2,0,0
3,1,4,9,2013,12,45,0
7,1,31,5,2009,1,52,0
3,7,28,10,2009,0,50,0
1,2,8,8,2011,0,42,0
7,7,3,11,2013,21,45,0
7,2,13,2,2011,1,15,0
4,2,27,11,2014,3,40,0
5,3,9,1,2015,19,15,0
5,3,31,10,2003,14,45,0
6,3,10,2,2007,10,5,0
1,5,16,2,2015,16,22,0
2,5,15,4,2003,6,15,0
1,2,30,10,2006,20,0,0
5,4,18,5,2007,18,40,0
4,5,18,10,2012,6,0,0
1,9,30,3,2015,15,50,0
7,5,12,3,2006,19,0,0
5,7,25,3,2005,21,49,0
2,4,15,4,2003,10,0,0
6,3,11,8,2007,20,0,0
1,4,29,5,2006,0,30,0
6,9,4,10,2014,20,0,0
2,9,20,9,2005,9,0,0
5,7,29,6,2007,16,20,0
1,3,6,7,2009,4,10,0
6,3,13,1,2007,11,45,0
7,4,31,1,2010,11,0,0
4,10,17,4,2014,11,0,0
2,4,21,9,2010,1,10,0
1,7,5,7,2004,20,1,0
3,9,29,6,2011,10,15,0
6,6,6,10,2012,22,0,0
6,3,20,4,2013,9,13,0
5,2,9,4,2010,18,50,0
6,3,27,6,2009,15,45,0
5,2,3,10,2003,21,0,0
6,8,19,10,2013,11,30,0
4,2,8,8,2013,10,0,0
1,7,2,3,2015,6,40,0
2,5,20,7,2004,23,0,0
6,2,27,12,2003,0,5,0
3,2,20,2,2008,1,45,0
6,5,11,3,2006,20,30,0
4,7,19,8,2004,9,0,0
6,2,7,5,2011,23,30,0
5,1,18,4,2014,21,17,0
3,2,6,10,2010,12,39,0
4,10,9,3,2006,17,32,0
3,2,25,6,2003,17,45,0
1,1,15,10,2012,0,1,0
6,5,12,12,2009,8,38,0
5,8,24,2,2006,13,0,0
3,5,15,6,2011,0,1,0
5,2,2,5,2003,10,40,0
2,8,24,1,2012,13,30,0
6,10,26,7,2014,16,17,0
5,5,15,5,2009,17,30,0
5,7,30,10,2009,1,45,0
4,9,10,6,2004,9,12,0
4,3,31,5,2012,0,1,0
2,6,6,1,2009,11,0,0
5,8,9,1,2009,13,30,0
1,5,3,3,2003,15,36,0
